Date,Product,Category,Region,Quantity,Unit_Price,Discount_Percent,Marketing_Spend,Sales
2025-06-24,Mouse,Accessories,Central,11,1033.44,3.93,16142.67,9937.94
2025-04-20,Mouse,Accessories,South,10,973.49,9.22,3669.56,3986.62
2025-10-07,Smartphone,Electronics,South,8,27250.86,19.8,4158.03,121875.93
2025-12-14,Monitor,Electronics,South,10,10436.98,8.84,17068.14,71722.04
2025-09-08,Printer,Office,North,12,12969.39,14.61,16170.03,155471.26
2024-01-16,Keyboard,Accessories,South,8,1681.64,6.81,11917.61,9472.05
2024-07-19,Monitor,Electronics,East,11,12384.8,9.2,22591.87,186007.81
2025-05-21,Headphones,Accessories,North,7,3133.73,17.25,22198.75,12177.32
2024-03-14,Monitor,Electronics,West,13,12578.7,2.29,4852.07,113619.71
2024-10-16,Tablet,Electronics,Central,6,23332.89,6.51,6160.76,87655.36
2025-06-28,Monitor,Electronics,North,5,10873.37,6.5,13256.24,34634.62
2024-02-03,Laptop,Electronics,South,6,60869.53,0.61,6214.31,323778.1
2025-01-13,Laptop,Electronics,East,11,48625.45,16.93,17720.42,120162.54
2025-02-16,Headphones,Accessories,South,2,3984.83,6.58,10905.3,8331.5
2025-03-28,Monitor,Electronics,Central,5,12526.62,8.62,20751.24,58315.19
2024-03-21,Headphones,Accessories,North,11,4007.64,16.83,15650.18,48785.68
2024-07-09,Mouse,Accessories,South,4,793.33,1.32,3680.67,3953.23
2025-06-01,Monitor,Electronics,Central,12,13064.15,1.67,20455.26,150195.57
2025-07-27,Keyboard,Accessories,Central,14,1684.88,2.94,15399.84,24294.81
2025-11-30,Printer,Office,West,13,14723.1,13.82,11407.16,186077.55
2024-11-06,Laptop,Electronics,North,13,62596.83,15.44,23864.85,382257.39
2024-11-18,Monitor,Electronics,South,8,13658.72,9.77,10385.11,77398.8
2025-10-31,Printer,Office,Central,14,16459.88,4.31,5671.78,158402.37
2024-12-26,Headphones,Accessories,North,13,3949.87,13.92,11075.15,34442.35
2025-08-18,Mouse,Accessories,South,10,820.22,12.02,17906.73,11687.1
2024-03-14,Laptop,Electronics,West,9,51804.78,10.13,15440.08,287870.35
2024-05-10,Keyboard,Accessories,Central,1,1567.85,9.74,17072.5,4711.08
2024-03-18,Laptop,Electronics,West,13,49596.33,11.09,5515.56,527759.01
2024-06-01,Laptop,Electronics,South,1,53474.19,14.52,18389.94,30341.5
2024-07-02,Printer,Office,East,11,16639.49,5.79,22569.72,145611.88
2025-11-26,Headphones,Accessories,East,1,3657.09,10.13,9894.74,5543.53
2024-08-07,Mouse,Accessories,East,14,859.64,0.45,18043.0,15299.69
2025-04-09,Mouse,Accessories,North,15,818.34,12.5,9716.83,8725.2
2024-04-05,Monitor,Electronics,Central,13,12934.4,0.87,3545.53,179222.61
2024-04-09,Headphones,Accessories,Central,3,3724.71,11.49,15716.27,12575.73
2025-10-31,Keyboard,Accessories,East,9,1973.3,8.55,12251.7,17182.88
2024-08-07,Tablet,Electronics,East,9,23928.76,1.0,3675.15,148374.07
2024-04-17,Smartphone,Electronics,South,14,27066.61,11.36,15385.09,246481.73
2024-11-21,Headphones,Accessories,East,6,3973.89,11.89,7667.99,16338.65
2024-11-07,Laptop,Electronics,West,1,62526.75,16.53,2526.93,57730.51
2024-07-13,Keyboard,Accessories,North,1,2022.81,8.91,11021.71,3965.34
2024-12-02,Tablet,Electronics,Central,12,21434.5,9.17,13330.02,212529.88
2024-01-05,Headphones,Accessories,East,13,3408.71,10.03,15770.91,10159.24
2024-01-10,Smartphone,Electronics,South,14,31649.99,8.69,22730.44,486679.37
2024-05-02,Laptop,Electronics,West,15,55054.49,17.34,22190.42,421983.28
2024-04-09,Monitor,Electronics,South,7,11948.2,15.57,2328.69,52308.69
2024-09-22,Tablet,Electronics,East,3,23739.59,17.54,17493.57,33158.44
2025-11-27,Smartphone,Electronics,North,2,28123.97,13.7,10901.33,43330.76
2025-08-16,Printer,Office,South,12,13450.89,2.57,18546.3,193669.56
2024-02-18,Tablet,Electronics,South,10,25035.57,14.59,18527.84,123734.5
2025-01-17,Headphones,Accessories,Central,4,2989.68,11.41,18309.54,12622.9
2024-03-11,Keyboard,Accessories,West,10,1981.19,1.49,17703.31,22656.71
2025-09-04,Monitor,Electronics,West,15,13686.86,7.32,23195.12,235676.99
2024-04-21,Smartphone,Electronics,South,13,27131.82,19.55,7561.85,215274.86
2024-09-11,Smartphone,Electronics,East,11,25728.89,17.17,15017.88,151181.6
2025-04-16,Monitor,Electronics,West,5,13767.77,13.31,22045.47,62637.87
2025-09-09,Tablet,Electronics,South,4,20260.01,2.86,11987.97,96914.95
2024-01-25,Mouse,Accessories,West,11,877.04,1.39,5981.65,9990.5
2024-09-17,Headphones,Accessories,West,15,3305.77,6.0,24002.07,59867.79
2024-11-19,Printer,Office,West,14,16020.37,1.76,13633.02,157344.38
2025-08-02,Keyboard,Accessories,East,4,1716.05,16.09,16740.06,9036.72
2025-11-15,Laptop,Electronics,West,7,52659.23,15.72,6847.64,450702.37
2025-09-14,Tablet,Electronics,East,12,23266.59,5.84,9569.25,195281.65
2024-05-05,Mouse,Accessories,Central,8,1006.78,6.82,2731.53,7786.33
2024-01-04,Printer,Office,Central,7,14575.89,12.69,14670.59,45343.67
2025-03-05,Monitor,Electronics,North,13,13318.82,4.6,18037.31,196285.0
2025-09-14,Laptop,Electronics,East,6,55673.5,0.55,21778.59,326391.89
2024-08-12,Keyboard,Accessories,Central,4,1922.01,17.13,15806.68,8506.11
2025-11-15,Smartphone,Electronics,East,7,31693.68,2.95,6068.31,141429.16
2024-04-28,Tablet,Electronics,South,3,22864.99,7.37,17435.07,81923.13
2024-09-23,Headphones,Accessories,South,13,3947.23,0.62,2860.94,55052.62
2024-01-13,Mouse,Accessories,Central,4,1003.13,10.27,23848.27,9057.27
2024-02-03,Keyboard,Accessories,West,2,1947.29,19.68,16565.52,8376.53
2024-12-17,Tablet,Electronics,South,12,23341.87,2.58,3028.6,149112.17
2025-06-12,Monitor,Electronics,Central,13,13411.77,19.92,9616.81,94149.49
2024-09-20,Monitor,Electronics,South,13,13445.94,4.45,14202.03,126411.38
2025-12-25,Printer,Office,North,4,13786.38,16.81,6237.27,36167.7
2024-03-01,Monitor,Electronics,South,2,13608.5,8.99,21266.42,11672.67
2025-04-13,Mouse,Accessories,North,14,874.7,10.81,14406.77,16125.18
2025-09-29,Monitor,Electronics,North,12,13106.16,6.32,19593.6,160386.43
2025-03-15,Smartphone,Electronics,West,9,29560.89,18.68,16218.61,203878.83
2024-04-08,Headphones,Accessories,North,5,3627.5,11.6,4629.41,13061.82
2025-07-04,Mouse,Accessories,West,5,973.19,2.73,12778.63,6399.42
2025-06-02,Headphones,Accessories,West,11,3970.99,16.24,24821.51,43455.38
2025-01-18,Keyboard,Accessories,North,5,1697.62,3.77,23852.84,15392.66
2024-07-26,Laptop,Electronics,Central,14,56216.57,7.94,14376.65,835889.95
2025-11-20,Tablet,Electronics,Central,10,19051.41,2.07,22707.18,268453.37
2024-12-06,Smartphone,Electronics,Central,15,31288.32,11.53,23656.82,380633.29
2025-07-11,Mouse,Accessories,North,7,820.58,19.2,24703.04,9846.8
2025-07-31,Tablet,Electronics,East,3,23931.32,8.68,9021.13,63449.42
2024-12-03,Headphones,Accessories,South,2,3814.75,9.77,15164.15,11229.01
2025-06-13,Smartphone,Electronics,South,7,32605.4,4.27,17226.22,250723.7
2024-01-23,Smartphone,Electronics,East,9,32392.92,5.91,3279.74,62828.28
2024-10-04,Tablet,Electronics,West,9,19469.06,4.23,9527.33,50808.96
2024-09-14,Printer,Office,South,14,17117.6,14.88,11797.38,248998.95
2025-02-23,Headphones,Accessories,North,4,3942.6,19.45,2009.73,12630.98
2025-07-25,Headphones,Accessories,North,8,3649.45,9.59,23012.98,26300.04
2024-10-05,Smartphone,Electronics,North,8,33578.77,0.92,4680.61,276184.44
2024-11-14,Mouse,Accessories,North,1,807.12,17.37,7469.87,4094.14
2024-01-12,Headphones,Accessories,North,9,3417.54,19.53,13643.5,18375.84
2024-03-22,Tablet,Electronics,North,6,21132.63,1.4,19514.17,109009.08
2025-03-27,Keyboard,Accessories,East,7,1937.14,6.78,13407.48,10322.7
2024-11-07,Monitor,Electronics,East,9,10878.29,13.78,14833.82,100391.25
2025-02-10,Monitor,Electronics,South,1,11125.92,8.03,16375.52,10510.18
2024-10-31,Printer,Office,Central,11,16244.27,4.45,16558.74,138532.78
2024-02-06,Laptop,Electronics,West,7,49860.61,0.29,8297.87,388879.4
2024-03-11,Tablet,Electronics,Central,5,23209.91,18.29,9071.34,43231.86
2024-06-09,Smartphone,Electronics,North,10,28228.91,3.09,24153.26,207754.3
2024-08-04,Keyboard,Accessories,East,2,1662.24,19.01,21881.84,7456.77
2024-03-13,Headphones,Accessories,North,1,3967.81,15.34,20558.04,9658.55
2025-06-18,Tablet,Electronics,West,12,19423.78,11.31,14410.91,103733.54
2024-10-19,Keyboard,Accessories,North,5,1560.63,6.04,10018.82,12849.54
2025-09-07,Monitor,Electronics,North,6,12567.62,19.03,21710.73,41147.46
2025-03-15,Headphones,Accessories,West,3,3034.24,17.44,24023.48,13082.87
2024-09-10,Monitor,Electronics,West,9,12024.78,11.69,5295.86,88693.63
2025-05-30,Keyboard,Accessories,North,12,1689.72,0.63,5034.04,18488.27
2024-04-23,Laptop,Electronics,East,3,56722.65,18.65,18765.02,87375.31
2024-12-24,Tablet,Electronics,Central,15,21170.14,15.24,15923.87,197016.52
2024-02-05,Smartphone,Electronics,West,4,33358.9,13.93,11953.27,135737.16
2024-04-07,Laptop,Electronics,Central,2,48646.72,6.7,19044.81,41803.55
2024-09-01,Monitor,Electronics,Central,5,11218.05,19.99,12543.18,20024.41
2025-02-17,Mouse,Accessories,North,8,893.47,19.15,21203.49,10320.38
2025-08-05,Headphones,Accessories,Central,13,3472.86,19.73,12097.99,37109.5
2024-01-30,Tablet,Electronics,South,4,18886.32,15.28,4688.04,62762.33
2025-07-19,Mouse,Accessories,East,4,768.35,10.13,19645.25,8581.93
2024-12-27,Keyboard,Accessories,Central,6,1674.44,8.32,20700.52,15999.23
2024-03-01,Tablet,Electronics,Central,11,20477.09,9.35,2202.92,261189.77
2024-08-04,Mouse,Accessories,Central,10,892.13,7.06,15580.27,5246.86
2025-09-08,Mouse,Accessories,South,8,891.87,6.24,19570.98,10132.27
2024-04-18,Tablet,Electronics,West,8,20915.14,16.74,24047.2,116097.55
2025-09-08,Keyboard,Accessories,Central,10,1710.79,14.53,2290.26,7261.48
2025-06-04,Tablet,Electronics,East,11,21428.2,10.86,21353.37,173527.64
2024-05-09,Laptop,Electronics,South,4,50061.12,0.34,14757.91,210630.76
2025-02-14,Monitor,Electronics,North,4,12000.23,18.09,14034.94,28431.96
2025-04-23,Printer,Office,Central,8,14923.62,8.02,6657.48,94057.54
2024-04-12,Monitor,Electronics,East,1,10721.47,9.47,10002.87,12019.1
2024-10-15,Tablet,Electronics,West,11,24851.32,11.86,15382.79,348520.82
2025-06-25,Smartphone,Electronics,Central,12,30438.97,15.82,22923.32,308325.87
2025-08-06,Keyboard,Accessories,West,4,1587.77,6.11,12679.65,7388.91
2024-01-27,Tablet,Electronics,South,2,21240.02,11.28,4195.64,30408.95
2025-09-23,Headphones,Accessories,South,8,3651.94,13.42,21432.47,27079.36
2024-03-28,Keyboard,Accessories,South,11,1932.66,17.38,7182.75,20214.52
2025-09-14,Mouse,Accessories,East,13,1005.94,10.87,18170.46,13290.48
2024-03-08,Mouse,Accessories,Central,14,865.8,17.41,24692.69,12970.88
2025-04-04,Headphones,Accessories,North,5,3272.49,16.92,17970.87,13932.0
2024-08-21,Printer,Office,North,10,15808.66,3.92,7076.11,136395.68
2025-08-19,Laptop,Electronics,West,9,50440.92,3.49,23864.81,223943.03
2025-06-07,Monitor,Electronics,North,9,11668.22,0.0,24873.11,125044.89
2025-07-09,Keyboard,Accessories,East,11,1802.25,16.24,14770.48,27631.47
2024-10-09,Printer,Office,East,8,13948.03,14.85,8683.32,46419.74
2025-10-20,Smartphone,Electronics,North,6,31904.51,11.63,14322.48,38043.23
2024-04-05,Tablet,Electronics,East,9,20040.83,16.77,22531.59,110596.79
2025-12-28,Keyboard,Accessories,West,3,1547.01,10.41,17838.71,8047.27
2025-06-19,Printer,Office,Central,5,12916.99,2.79,6201.32,44397.33
2025-02-08,Laptop,Electronics,South,10,57129.0,12.37,16299.71,323370.25
2024-01-02,Mouse,Accessories,North,12,974.1,8.09,10172.73,13305.85
2025-09-05,Mouse,Accessories,Central,11,941.63,14.48,2927.73,11537.22
2025-01-31,Mouse,Accessories,Central,10,830.74,14.44,22767.0,11337.81
2025-03-21,Headphones,Accessories,South,2,3726.06,10.21,7853.88,5795.07
2024-01-22,Printer,Office,East,12,12783.29,13.88,6380.35,38934.59
2024-04-03,Printer,Office,West,8,15563.22,2.37,14981.27,130661.66
2024-02-13,Keyboard,Accessories,North,15,2022.87,3.39,7622.11,43957.51
2025-07-16,Monitor,Electronics,North,15,10870.07,11.3,13049.14,137651.6
2025-01-27,Monitor,Electronics,West,14,10346.16,16.99,8284.44,107789.88
2024-01-23,Tablet,Electronics,West,1,20585.97,6.49,11703.83,19336.71
2025-07-30,Tablet,Electronics,West,10,19487.98,13.93,13414.83,130047.85
2024-06-03,Printer,Office,East,3,15893.16,15.86,9289.37,21522.28
2024-11-07,Laptop,Electronics,West,5,47293.74,15.32,21874.21,182211.17
2025-02-04,Smartphone,Electronics,South,13,29956.83,14.09,12290.46,153950.11
2025-01-25,Smartphone,Electronics,East,7,29177.47,14.03,14818.18,111399.04
2025-02-05,Headphones,Accessories,North,12,3120.06,1.97,20861.47,41017.7
2025-07-18,Keyboard,Accessories,East,15,2000.44,14.15,7059.93,28007.65
2025-01-29,Laptop,Electronics,North,13,61240.03,9.61,15950.09,492142.23
2025-01-04,Printer,Office,South,2,17180.99,19.48,6215.75,28873.82
2024-10-29,Printer,Office,West,13,13284.06,17.63,22143.86,97561.1
2025-11-26,Laptop,Electronics,Central,13,62426.71,15.67,18138.1,1026033.45
2024-07-06,Mouse,Accessories,East,6,842.11,9.97,10912.04,6394.36
2025-08-10,Tablet,Electronics,Central,7,24784.99,2.37,10825.72,77006.41
2024-10-30,Laptop,Electronics,West,3,61706.38,0.88,14037.56,135562.32
2025-01-02,Keyboard,Accessories,North,15,1781.75,7.68,9449.61,15399.14
2025-09-13,Headphones,Accessories,Central,4,3456.86,0.07,2644.43,18452.19
2025-02-13,Tablet,Electronics,East,3,19274.82,13.6,15593.55,53421.45
2025-03-31,Printer,Office,North,13,14620.3,0.25,14499.24,128552.29
2024-01-15,Mouse,Accessories,Central,8,936.26,0.36,14273.62,7610.1
2025-12-16,Mouse,Accessories,North,6,1014.57,10.51,9005.52,7037.5
2024-04-18,Smartphone,Electronics,West,15,30206.93,16.48,10190.44,334641.28
2025-01-23,Tablet,Electronics,South,12,18844.55,12.53,4330.72,151887.2
2025-01-15,Headphones,Accessories,East,11,3844.56,10.55,21154.32,42265.28
2024-07-17,Laptop,Electronics,Central,6,63063.44,11.4,20358.65,319894.65
2024-06-16,Laptop,Electronics,Central,14,56626.04,17.47,2509.81,675172.45
2025-04-05,Mouse,Accessories,West,9,999.71,18.17,6162.53,10158.34
2024-11-19,Tablet,Electronics,East,4,20751.21,5.94,5488.48,57692.93
2024-12-13,Keyboard,Accessories,North,4,1928.63,18.96,18660.83,8218.65
2024-12-26,Laptop,Electronics,North,3,63026.53,0.87,14022.24,222787.06
2025-10-06,Mouse,Accessories,South,10,770.56,6.18,15508.36,9277.71
2025-10-11,Printer,Office,North,14,17040.53,6.75,10464.69,132342.92
2025-09-24,Laptop,Electronics,Central,13,62059.04,19.82,2949.14,631847.69
2024-03-12,Monitor,Electronics,North,10,13164.18,5.13,17539.44,121996.2
2025-01-27,Monitor,Electronics,South,14,10292.54,0.12,19553.29,137363.61
2025-08-09,Headphones,Accessories,South,3,3101.07,4.2,2450.88,8798.09
2025-07-08,Tablet,Electronics,Central,11,24907.82,10.86,15749.04,89711.71
2025-11-14,Printer,Office,West,10,13631.88,4.02,5718.58,199147.07
2024-05-08,Smartphone,Electronics,West,8,28160.71,6.74,10084.67,227554.87
2025-06-12,Printer,Office,West,8,14862.76,4.01,20754.4,161976.15
2025-04-26,Monitor,Electronics,Central,10,11030.87,5.98,20610.77,131319.82
2025-01-17,Mouse,Accessories,West,6,939.63,11.17,13921.61,9582.99
2025-01-30,Smartphone,Electronics,Central,3,29652.65,10.53,15478.04,64531.91
2024-03-22,Printer,Office,East,9,14229.43,6.83,13308.82,61735.15
2024-02-10,Smartphone,Electronics,Central,4,32708.89,12.91,3783.22,78454.84
2024-05-13,Keyboard,Accessories,Central,7,1593.95,5.7,13153.6,9736.06
2024-06-30,Mouse,Accessories,South,11,931.95,2.88,22671.03,13253.78
2024-09-29,Smartphone,Electronics,North,10,29137.23,4.43,16458.71,318032.51
2025-05-15,Keyboard,Accessories,Central,9,1849.69,0.8,18113.77,19034.54
2024-10-27,Tablet,Electronics,East,3,22098.92,0.02,10313.93,106927.33
2025-04-24,Headphones,Accessories,Central,2,3112.1,7.67,22097.95,11646.86
2025-11-08,Printer,Office,North,2,13764.01,2.06,18725.0,26842.49
2024-06-20,Mouse,Accessories,Central,14,838.48,11.1,20183.94,18253.57
2024-01-05,Smartphone,Electronics,North,3,32289.19,2.41,9383.31,88991.65
2025-05-31,Keyboard,Accessories,West,4,1809.03,14.68,18306.01,10583.92
2024-11-22,Tablet,Electronics,Central,10,24424.5,2.61,12451.28,280378.27
2024-05-27,Monitor,Electronics,West,10,11046.35,12.89,24887.19,58091.69
2024-08-20,Headphones,Accessories,Central,13,3505.8,4.65,20149.07,35687.59
2025-02-28,Laptop,Electronics,East,9,49290.28,8.62,7827.19,393277.8
2024-07-27,Keyboard,Accessories,Central,15,1678.92,2.2,23316.14,25348.71
2025-09-17,Headphones,Accessories,Central,12,3994.56,17.3,17158.38,41192.28
2025-06-02,Laptop,Electronics,East,4,47881.01,10.9,22778.13,135988.93
2025-12-09,Monitor,Electronics,North,7,12394.71,2.21,23765.29,72971.56
2025-02-20,Tablet,Electronics,West,5,23046.73,13.58,7775.31,93430.2
2024-09-09,Smartphone,Electronics,West,14,28491.07,8.29,8809.46,282132.55
2025-10-20,Printer,Office,South,14,13955.08,19.58,22504.93,72767.59
2024-04-25,Laptop,Electronics,East,13,60074.69,11.67,12995.44,392627.88
2024-11-02,Mouse,Accessories,South,7,967.32,16.69,7833.08,6048.92
2024-03-09,Printer,Office,East,5,15307.22,11.58,23120.96,68307.13
2025-08-04,Headphones,Accessories,West,10,3666.58,7.75,20816.59,42441.82
2024-02-03,Keyboard,Accessories,North,3,1980.67,12.47,9929.48,4838.15
2024-12-21,Smartphone,Electronics,North,1,31150.85,9.0,8742.23,16045.46
2025-09-05,Smartphone,Electronics,Central,13,33263.39,8.21,10615.33,167477.5
2024-07-19,Tablet,Electronics,Central,4,22584.44,7.84,23950.17,48075.95
2024-06-27,Laptop,Electronics,West,3,52722.64,7.66,3000.96,63844.11
2025-07-20,Printer,Office,South,1,16541.15,13.85,23763.36,19206.9
2024-10-22,Tablet,Electronics,North,2,25036.12,8.55,13612.49,12977.3
2024-10-27,Mouse,Accessories,East,9,1032.57,11.4,2329.55,8738.09
2025-03-09,Mouse,Accessories,Central,10,848.06,12.24,5512.03,6814.35
2024-03-20,Laptop,Electronics,West,5,53326.3,8.5,9760.54,176032.9
2025-11-24,Smartphone,Electronics,South,15,32036.92,7.14,2006.59,252759.46
2025-10-09,Headphones,Accessories,North,11,3642.26,0.97,5512.85,35124.37
2024-02-13,Mouse,Accessories,East,7,918.78,16.64,16184.79,6191.91
2024-05-19,Monitor,Electronics,North,14,13414.34,16.9,10591.01,115566.43
2024-11-13,Laptop,Electronics,Central,7,51193.3,11.56,9594.16,346620.01
2025-05-28,Tablet,Electronics,South,13,19124.54,15.57,8784.14,186401.64
2025-02-21,Laptop,Electronics,Central,11,58617.98,10.19,11997.97,367083.22
2025-02-12,Headphones,Accessories,East,8,3907.38,13.7,22177.45,25393.82
2024-04-05,Monitor,Electronics,West,2,10396.47,10.55,18172.19,17898.15
2024-04-02,Laptop,Electronics,East,15,50623.17,0.24,23424.41,628108.0
2025-01-11,Laptop,Electronics,Central,10,50321.77,3.02,4101.03,348147.37
2024-11-05,Headphones,Accessories,South,13,3190.64,2.61,13400.28,57055.17
2025-05-23,Mouse,Accessories,East,14,945.11,17.66,6940.72,8907.48
2025-12-30,Monitor,Electronics,East,14,11219.71,9.92,18829.55,138174.56
2025-06-27,Tablet,Electronics,South,12,20553.45,12.91,3638.54,235748.4
2024-03-03,Headphones,Accessories,Central,5,3447.99,16.06,3301.86,17725.69
2024-09-05,Printer,Office,South,3,12952.02,6.05,11835.43,26986.92
2025-09-07,Tablet,Electronics,North,12,23609.76,15.75,3923.44,21257.95
2024-09-30,Monitor,Electronics,Central,3,10702.61,19.27,16276.35,16438.8
2024-03-26,Keyboard,Accessories,Central,8,1774.75,18.12,24286.27,19299.62
2024-11-12,Keyboard,Accessories,West,3,1540.05,7.22,20977.1,11539.75
2024-05-12,Tablet,Electronics,North,3,22677.39,4.23,20678.34,72316.75
2024-03-09,Tablet,Electronics,West,15,18726.41,7.85,21740.43,264632.94
2025-07-25,Monitor,Electronics,South,2,11889.83,18.94,6443.6,16708.4
2024-10-01,Headphones,Accessories,West,9,3789.33,15.9,10082.04,16599.34
2025-01-16,Printer,Office,West,13,16749.73,3.21,9871.21,114044.57
2024-01-22,Printer,Office,Central,1,13483.38,12.08,15501.6,14228.56
2024-07-25,Monitor,Electronics,North,4,10772.97,6.13,12969.8,23161.82
2025-12-27,Headphones,Accessories,North,10,3736.98,2.53,3121.13,50759.17
2024-06-10,Keyboard,Accessories,West,3,1865.43,14.27,5688.42,8561.09
2024-01-02,Tablet,Electronics,East,8,22335.76,7.51,18142.68,92830.13
2025-11-28,Laptop,Electronics,East,7,55367.71,17.98,19513.34,228048.81
2025-04-19,Laptop,Electronics,East,11,50346.89,8.39,11644.74,268688.14
2024-09-11,Headphones,Accessories,East,10,3784.07,19.32,4569.74,14400.84
2024-03-02,Keyboard,Accessories,North,3,1650.54,18.43,22659.09,8761.43
2025-06-23,Monitor,Electronics,South,7,10594.0,2.82,9454.79,33554.59
2024-06-03,Mouse,Accessories,West,8,,18.45,16044.23,8904.57
2024-03-03,Laptop,Electronics,East,10,51557.31,18.36,5239.07,353974.32
2025-09-20,Monitor,Electronics,Central,6,12107.16,4.9,6605.15,80352.27
2025-07-21,Mouse,Accessories,Central,10,935.83,16.47,11656.1,11209.7
2024-04-21,Monitor,Electronics,East,9,12688.85,15.73,14338.38,97961.72
2024-06-19,Printer,Office,Central,9,13996.34,6.92,18692.4,108558.27
2025-03-06,Tablet,Electronics,North,15,22371.63,15.57,2691.34,274846.31
2024-07-23,Mouse,Accessories,North,13,980.79,9.91,16150.23,9451.87
2024-08-11,Monitor,Electronics,East,4,12971.89,11.06,11322.87,39187.07
2024-10-10,Keyboard,Accessories,West,11,1592.11,7.29,11724.94,16007.94
2024-09-08,Keyboard,Accessories,West,1,1709.41,1.2,12219.16,4682.61
2024-06-05,Tablet,Electronics,South,15,20219.15,16.26,11415.58,275552.88
2025-04-20,Keyboard,Accessories,South,12,1995.24,11.35,11602.34,14538.62
2025-09-25,Printer,Office,East,14,16948.09,19.39,11303.88,176299.08
2025-12-04,Headphones,Accessories,Central,8,2987.34,13.88,16811.25,18150.09
2024-12-29,Smartphone,Electronics,South,7,28097.21,5.64,3940.99,211199.08
2024-06-18,Headphones,Accessories,West,15,3252.22,6.35,24521.06,37431.92
2025-09-29,Monitor,Electronics,South,14,13083.45,9.68,13651.09,122297.61
2024-07-28,Monitor,Electronics,North,14,12927.59,13.65,6470.49,170986.77
2025-01-14,Keyboard,Accessories,East,1,1889.75,1.36,8607.11,500.0
2025-08-13,Mouse,Accessories,East,15,1020.75,10.58,12174.67,16307.46
2024-01-20,Laptop,Electronics,North,9,54911.46,18.09,15644.47,293209.38
2024-08-25,Headphones,Accessories,North,15,3270.81,13.33,6721.45,43424.5
2024-09-08,Tablet,Electronics,Central,4,21585.71,1.63,4435.85,96139.15
2025-09-21,Smartphone,Electronics,North,5,26102.56,3.97,7455.24,61557.26
2024-02-24,Printer,Office,Central,6,16628.17,6.23,10895.72,42946.23
2025-08-12,Mouse,Accessories,East,1,938.44,12.06,20302.92,6471.86
2025-11-16,Monitor,Electronics,East,13,13761.07,17.91,15526.38,108926.35
2025-02-05,Keyboard,Accessories,North,6,1729.73,7.4,19645.97,9913.43
2024-02-11,Monitor,Electronics,West,14,10699.46,15.06,17462.29,134918.41
2025-08-09,Laptop,Electronics,North,2,48913.43,1.57,7233.93,57845.91
2025-06-06,Headphones,Accessories,North,4,2999.35,16.41,16143.1,15087.68
2025-04-11,Mouse,Accessories,North,11,965.14,13.64,18591.43,13270.23
2024-04-20,Tablet,Electronics,West,4,22645.76,15.94,11705.59,88610.31
2024-05-18,Monitor,Electronics,South,15,12485.36,17.88,7215.44,139202.42
2024-08-25,Laptop,Electronics,Central,11,50874.03,2.14,21818.59,445408.04
2024-12-17,Laptop,Electronics,West,14,58218.29,6.37,6713.0,1263049.92
2024-10-17,Tablet,Electronics,Central,1,24688.52,6.52,17778.91,29637.0
2025-01-21,Smartphone,Electronics,East,13,31834.82,8.53,3628.48,377842.95
2025-03-01,Laptop,Electronics,West,10,62980.64,18.65,13361.71,554869.9
2025-03-12,Tablet,Electronics,East,3,24668.25,16.46,23476.53,60501.21
2025-05-23,Keyboard,Accessories,North,12,1943.5,14.42,15568.23,21763.08
2024-11-21,Laptop,Electronics,North,12,50259.42,13.9,3794.43,615532.84
2025-11-02,Laptop,Electronics,Central,13,52713.83,2.51,4042.57,872093.49
2025-02-26,Keyboard,Accessories,Central,2,1972.4,1.39,2397.0,5056.94
2024-05-01,Printer,Office,Central,15,14995.76,14.05,9222.18,176903.74
2024-04-15,Tablet,Electronics,South,15,21593.15,7.34,9445.47,295283.72
2025-01-04,Keyboard,Accessories,Central,13,1656.71,11.24,20388.79,26362.4
2025-01-16,Headphones,Accessories,South,12,3364.97,15.13,21133.98,32777.45
2024-10-03,Tablet,Electronics,East,7,19159.63,13.77,23875.49,107721.44
2025-01-02,Monitor,Electronics,Central,2,10853.06,2.69,8115.21,16355.02
2025-09-18,Laptop,Electronics,East,1,60615.55,11.59,20263.36,49596.8
2024-06-23,Tablet,Electronics,North,4,20212.62,18.98,14718.92,77309.5
2025-12-20,Monitor,Electronics,West,9,11938.3,9.18,5459.16,58347.07
2025-09-13,Mouse,Accessories,South,10,859.39,1.31,3827.8,11109.4
2024-04-16,Laptop,Electronics,West,3,53385.62,13.74,7271.26,156190.33
2024-07-02,Smartphone,Electronics,East,10,25831.67,5.68,13334.98,181577.02
2025-06-18,Printer,Office,East,9,15071.73,5.83,5655.33,88783.59
2025-03-28,Printer,Office,Central,1,16867.12,17.78,12731.94,15802.0
2024-11-01,Smartphone,Electronics,West,9,28309.7,4.51,5117.53,285688.45
2024-04-01,Monitor,Electronics,West,10,10203.71,14.43,20966.16,60879.59
2025-02-01,Smartphone,Electronics,South,13,33988.69,6.36,22460.58,511115.18
2024-11-28,Smartphone,Electronics,South,8,33253.75,19.76,15299.84,157572.02
2025-09-27,Mouse,Accessories,Central,7,926.49,2.23,7634.02,8293.8
2024-06-25,Monitor,Electronics,West,8,12210.42,16.36,12044.25,74348.84
2024-04-19,Monitor,Electronics,North,6,11033.1,18.27,16468.37,45122.98
2025-01-26,Mouse,Accessories,Central,3,971.45,4.82,23532.41,7003.13
2025-03-13,Monitor,Electronics,South,9,11601.57,19.31,8802.62,72306.04
2024-06-02,Laptop,Electronics,Central,7,51571.74,2.6,3513.18,405016.69
2025-04-12,Tablet,Electronics,Central,11,20588.92,10.66,24463.19,140635.07
2025-04-27,Monitor,Electronics,North,10,11110.43,6.12,21544.04,42753.34
2025-11-14,Headphones,Accessories,West,3,2992.84,4.58,9129.38,9283.91
2024-10-14,Monitor,Electronics,South,10,11366.38,1.3,11623.98,75885.76
2024-06-01,Smartphone,Electronics,West,1,31116.18,8.38,20239.29,23528.79
2024-11-10,Printer,Office,West,10,14204.63,3.71,17310.29,184298.01
2025-11-19,Printer,Office,West,9,17094.6,0.98,18956.67,178854.5
2024-02-12,Laptop,Electronics,Central,14,56469.49,0.05,18497.81,719119.96
2025-06-23,Headphones,Accessories,West,1,3902.34,2.0,4015.62,6977.88
2024-02-06,Headphones,Accessories,East,4,3492.73,3.02,5868.39,10167.5
2025-04-19,Monitor,Electronics,Central,8,12248.39,11.53,19958.99,56395.85
2024-02-21,Headphones,Accessories,Central,6,3115.21,8.33,17632.41,20618.7
2024-02-27,Printer,Office,West,13,16075.39,13.2,21495.84,113422.69
2025-09-01,Headphones,Accessories,East,6,3859.1,10.74,15310.51,18767.03
2024-03-09,Monitor,Electronics,East,14,13385.62,2.36,11312.54,176483.84
2024-01-14,Printer,Office,North,6,16379.46,12.19,10166.47,100304.36
2024-08-17,Keyboard,Accessories,North,10,2064.79,12.92,12313.57,14422.63
2025-07-05,Printer,Office,South,8,16533.06,12.65,17689.22,145000.82
2025-02-14,Headphones,Accessories,East,9,3450.23,2.55,17268.01,15044.72
2025-03-20,Keyboard,Accessories,East,15,1821.88,18.72,7815.95,26267.38
2024-01-04,Keyboard,Accessories,North,3,1988.8,5.83,24561.89,10072.05
2025-05-05,Tablet,Electronics,North,11,24032.55,19.83,12365.55,219315.58
2025-05-12,Mouse,Accessories,West,11,853.36,11.51,18235.39,10517.49
2025-06-11,Mouse,Accessories,West,8,809.45,17.92,5220.01,5685.2
2025-07-30,Tablet,Electronics,North,6,20809.48,7.44,9340.04,59107.36
2025-05-07,Headphones,Accessories,North,5,3279.13,2.62,17649.7,16311.55
2025-01-17,Mouse,Accessories,South,7,903.45,4.44,11353.64,7562.59
2024-04-30,Mouse,Accessories,East,12,795.42,0.69,14488.73,6896.88
2024-05-05,Tablet,Electronics,South,9,25265.41,9.32,3203.03,161435.95
2024-09-04,Monitor,Electronics,South,5,10253.93,3.5,14927.47,56519.16
2024-11-02,Keyboard,Accessories,West,6,1810.95,5.08,22779.21,14858.14
2024-02-07,Laptop,Electronics,South,8,60079.28,17.75,13577.69,428254.4
2024-12-06,Monitor,Electronics,North,14,13074.07,4.0,22334.57,219922.34
2025-01-28,Headphones,Accessories,South,8,3171.04,12.89,24305.62,24750.6
2024-08-20,Printer,Office,North,8,13517.72,7.54,8558.59,140995.1
2025-09-22,Tablet,Electronics,North,12,24575.08,3.89,20411.72,212729.94
2025-06-29,Mouse,Accessories,West,5,921.48,5.72,3340.08,5929.86
2024-06-24,Monitor,Electronics,South,7,12935.88,19.38,4688.77,60976.27
2024-04-13,Smartphone,Electronics,West,10,27230.36,12.61,8378.69,205929.94
2025-01-04,Laptop,Electronics,West,1,56742.22,0.38,23187.95,53422.59
2025-11-10,Smartphone,Electronics,South,8,30812.85,16.44,2713.71,242109.45
2024-02-15,Printer,Office,North,1,14704.33,2.84,6146.8,5054.82
2025-09-02,Tablet,Electronics,North,4,21295.38,18.81,13917.08,75036.62
2024-10-03,Laptop,Electronics,Central,15,56315.53,14.83,20808.89,394695.59
2024-08-31,Keyboard,Accessories,West,13,2008.85,4.1,13636.1,32087.45
2025-06-27,Printer,Office,West,13,15517.25,14.23,21594.41,180832.68
2025-08-14,Monitor,Electronics,Central,7,13483.43,10.15,12276.64,19229.76
2024-01-11,Keyboard,Accessories,South,7,1728.93,15.73,5824.31,6423.73
2024-12-09,Keyboard,Accessories,Central,8,1730.65,14.24,4623.99,13759.55
2025-06-13,Printer,Office,West,1,15288.26,8.28,8151.47,16812.44
2025-01-02,Headphones,Accessories,South,2,3009.58,10.74,20433.42,10207.92
2024-10-31,Keyboard,Accessories,East,14,1961.92,1.38,16173.82,32282.75
2024-12-07,Tablet,Electronics,East,3,22561.69,10.94,12860.52,37793.63
2025-06-17,Smartphone,Electronics,South,13,27152.79,13.41,12775.87,320250.04
2025-09-07,Smartphone,Electronics,East,7,26106.46,14.0,20504.18,133851.59
2024-05-10,Monitor,Electronics,North,2,12231.72,13.01,15930.53,33463.66
2025-12-25,Smartphone,Electronics,North,15,30583.34,14.0,17515.67,365360.0
2025-06-16,Laptop,Electronics,South,14,59973.11,15.73,21757.42,881831.17
2025-10-04,Keyboard,Accessories,Central,11,1648.19,1.15,8417.46,19681.61
2024-07-08,Smartphone,Electronics,South,7,32972.02,15.93,10226.57,260967.22
2025-11-12,Smartphone,Electronics,South,3,32643.26,6.63,8911.02,136382.31
2024-12-04,Laptop,Electronics,Central,13,49117.41,7.94,12567.15,715610.84
2024-02-26,Mouse,Accessories,East,1,1004.67,3.07,24779.24,6769.64
2024-12-30,Headphones,Accessories,East,9,3780.47,3.36,5453.08,33098.29
2024-06-21,Printer,Office,Central,1,13028.03,4.86,23297.81,13615.76
2024-07-04,Tablet,Electronics,South,8,23247.35,1.04,22928.38,136062.97
2024-06-26,Laptop,Electronics,South,8,50788.86,19.01,3147.79,157335.47
2025-02-28,Headphones,Accessories,North,6,3306.56,13.74,16149.03,9377.45
2024-02-29,Tablet,Electronics,North,9,25182.78,0.45,6176.28,270151.72
2025-08-11,Mouse,Accessories,South,3,953.78,6.22,10040.84,6828.31
2024-01-16,Mouse,Accessories,East,12,989.34,15.31,22535.1,17082.03
2025-01-01,Keyboard,Accessories,North,12,1773.98,5.12,13552.94,22897.86
2025-09-30,Mouse,Accessories,North,8,1018.25,14.37,21939.7,11583.85
2025-07-09,Smartphone,Electronics,South,15,31092.2,12.32,13732.26,338507.44
2025-01-14,Tablet,Electronics,Central,3,19800.93,8.99,15787.62,66721.03
2025-10-27,Laptop,Electronics,West,15,56192.75,1.53,19754.44,796353.2
2025-10-22,Smartphone,Electronics,East,9,26601.78,2.86,12211.98,187961.02
2025-09-09,Headphones,Accessories,South,14,3857.6,7.68,22801.31,74105.85
2025-05-28,Laptop,Electronics,North,13,58400.26,12.81,7595.46,822518.61
2024-04-08,Printer,Office,South,9,13557.33,3.44,22326.45,78370.92
2024-03-26,Keyboard,Accessories,West,13,1639.12,8.63,10848.37,13386.6
2025-02-02,Printer,Office,Central,11,17138.24,11.87,5875.99,103742.9
2025-06-11,Tablet,Electronics,Central,15,22283.96,2.18,5711.59,127674.92
2025-03-19,Mouse,Accessories,West,15,820.02,12.38,4716.23,13429.81
2024-04-15,Laptop,Electronics,North,12,57080.8,10.86,15544.3,564359.82
2025-10-06,Laptop,Electronics,Central,1,47311.81,14.92,17418.65,32376.39
2025-10-21,Printer,Office,West,13,17126.75,17.88,3291.15,119836.48
2025-11-04,Printer,Office,North,2,14474.98,8.64,10518.33,33971.65
2025-11-07,Monitor,Electronics,Central,2,11546.63,0.15,13944.55,9455.69
2024-05-08,Keyboard,Accessories,Central,13,1648.08,11.57,22736.07,20486.57
2024-12-13,Laptop,Electronics,Central,3,53300.03,18.09,5560.66,126592.01
2025-07-26,Printer,Office,South,6,15816.88,14.57,12596.11,68957.91
2024-01-26,Tablet,Electronics,North,1,20326.87,15.56,20865.05,14014.4
2025-02-26,Mouse,Accessories,North,1,1034.67,12.68,23991.81,5936.01
2024-09-07,Keyboard,Accessories,East,3,1777.25,8.67,12620.79,6198.26
2024-01-12,Mouse,Accessories,North,2,884.77,12.89,14381.57,5828.16
2024-05-22,Printer,Office,East,5,13007.52,8.49,20514.73,56854.46
2025-02-19,Tablet,Electronics,Central,10,19170.24,3.94,16743.97,139931.23
2024-12-03,Monitor,Electronics,Central,2,12942.98,12.42,14716.0,32958.62
2024-08-30,Headphones,Accessories,West,8,3949.55,11.14,9509.43,23695.68
2025-08-10,Laptop,Electronics,North,2,49885.55,17.42,4152.46,24972.2
2024-06-09,Smartphone,Electronics,North,15,28801.85,11.54,22568.5,545489.0
2024-02-02,Tablet,Electronics,Central,15,24886.59,2.83,21037.55,347384.68
2024-01-14,Keyboard,Accessories,West,9,1656.86,15.9,21121.99,17097.73
2025-12-23,Smartphone,Electronics,Central,8,29725.22,11.22,16781.93,166573.75
2025-01-19,Smartphone,Electronics,East,5,33384.16,15.74,8477.95,117554.75
2024-10-13,Laptop,Electronics,South,6,49694.79,0.95,11951.45,406103.51
2024-07-26,Printer,Office,East,1,13171.19,0.13,8292.44,6520.44
2025-01-10,Laptop,Electronics,West,15,62944.56,19.12,15286.39,327080.85
2024-05-15,Monitor,Electronics,South,2,10680.2,12.87,12143.8,19901.41
2024-06-01,Keyboard,Accessories,North,1,1612.02,5.47,11566.45,5282.84
2025-06-22,Keyboard,Accessories,Central,5,1592.22,1.6,23048.25,13368.9
2025-06-20,Mouse,Accessories,Central,12,993.62,1.24,11098.29,14214.77
2025-12-02,Tablet,Electronics,North,15,20233.14,5.38,19855.15,260550.94
2024-07-29,Tablet,Electronics,South,1,19082.44,8.39,5819.48,14184.11
2025-09-26,Laptop,Electronics,West,14,62422.41,18.49,14601.72,897782.59
2024-05-02,Printer,Office,Central,7,15478.76,15.4,3275.71,95659.91
2025-08-06,Keyboard,Accessories,North,13,2029.86,1.62,12800.27,9780.73
2024-09-26,Keyboard,Accessories,West,5,2003.13,17.74,5450.45,7739.57
2024-08-23,Tablet,Electronics,South,6,18710.58,7.13,9920.54,141991.73
2024-03-19,Monitor,Electronics,Central,15,11262.59,8.57,9163.18,89046.16
2025-12-02,Laptop,Electronics,South,9,56160.85,4.03,21748.85,551699.9
2024-12-01,Printer,Office,Central,4,14676.46,19.3,16961.12,56825.76
2025-04-20,Printer,Office,South,12,13773.91,15.82,2149.53,69652.18
2025-08-26,Monitor,Electronics,West,11,10661.58,13.04,14631.06,135626.58
2024-08-26,Printer,Office,South,14,16554.13,2.13,6183.26,291904.75
2025-12-17,Tablet,Electronics,Central,13,21151.51,3.13,23298.98,284009.1
2024-06-14,Tablet,Electronics,Central,14,23544.78,7.08,6386.47,114650.82
2025-10-28,Smartphone,Electronics,Central,5,32714.73,2.83,9252.01,159272.58
2025-01-20,Mouse,Accessories,East,6,944.3,12.68,4152.55,3677.7
2025-09-30,Keyboard,Accessories,North,7,1705.98,4.61,10291.19,19042.56
2025-07-23,Laptop,Electronics,South,9,50454.6,16.2,24733.59,467097.61
2024-06-24,Monitor,Electronics,North,10,10511.52,8.0,11176.04,84408.2
2024-05-26,Mouse,Accessories,East,9,830.33,13.34,10097.76,7205.58
2024-02-01,Mouse,Accessories,Central,8,1007.16,12.83,14530.45,9613.26
2024-08-31,Keyboard,Accessories,West,1,2043.54,2.32,12097.23,6129.07
2025-04-25,Mouse,Accessories,South,3,981.04,10.14,11857.86,6131.43
2025-12-14,Keyboard,Accessories,North,7,1878.28,12.57,5798.22,15371.68
2024-03-25,Keyboard,Accessories,North,2,1620.07,13.63,17631.74,8285.87
2025-08-02,Keyboard,Accessories,East,9,2040.6,1.17,10689.38,10770.77
2024-08-19,Mouse,Accessories,Central,13,979.64,13.39,18594.82,17603.02
2024-01-07,Printer,Office,West,7,16319.01,8.29,12721.25,75315.31
2024-07-28,Printer,Office,West,9,14049.71,16.95,21804.27,66053.05
2024-01-31,Mouse,Accessories,West,4,1001.58,5.94,4807.0,3607.36
2025-10-22,Tablet,Electronics,East,12,22058.71,2.04,19470.64,138033.58
2024-02-21,Printer,Office,West,1,13347.1,14.08,22980.6,16165.85
2024-09-01,Printer,Office,East,1,16297.63,16.92,3089.76,8511.32
2024-07-31,Keyboard,Accessories,East,1,1944.02,17.89,21253.29,5373.04
2024-04-21,Tablet,Electronics,South,4,19232.34,15.4,11242.6,46082.31
2024-06-08,Smartphone,Electronics,South,15,30953.15,17.66,11027.6,442315.94
2025-06-08,Tablet,Electronics,South,14,23608.01,13.82,7118.74,263053.93
2024-11-08,Keyboard,Accessories,Central,5,1695.77,14.86,10503.16,11206.35
2024-02-23,Smartphone,Electronics,East,2,29814.8,13.22,9987.38,57572.48
2024-12-16,Mouse,Accessories,East,15,878.7,5.15,8693.16,16768.23
2025-01-09,Smartphone,Electronics,West,7,31737.27,12.79,10139.95,179166.46
2025-06-27,Headphones,Accessories,Central,7,3116.68,18.84,23097.8,26302.01
2024-08-11,Smartphone,Electronics,South,11,27092.58,19.62,3113.64,271623.13
2024-01-20,Monitor,Electronics,West,3,12636.36,18.13,19030.69,33662.69
2024-12-16,Headphones,Accessories,North,12,3272.69,5.32,10796.21,32987.63
2025-03-06,Headphones,Accessories,North,12,3714.14,3.12,8713.78,45130.94
2024-01-07,Mouse,Accessories,East,15,994.02,2.78,7620.78,10466.64
2024-08-04,Laptop,Electronics,West,5,50762.17,11.96,2077.58,179556.35
2025-05-09,Laptop,Electronics,South,14,52117.06,16.84,21621.38,491196.82
2024-10-21,Laptop,Electronics,Central,8,52559.23,5.88,2907.75,293167.2
2025-09-06,Smartphone,Electronics,South,5,32148.42,13.88,16929.19,61130.81
2024-09-09,Keyboard,Accessories,East,11,1780.41,18.46,24609.35,12312.79
2025-06-13,Keyboard,Accessories,South,14,1689.53,5.83,14686.87,27795.38
2025-06-16,Keyboard,Accessories,East,13,1582.24,19.42,24926.99,19098.96
2024-01-09,Mouse,Accessories,East,4,776.46,19.79,8383.4,2112.19
2024-04-26,Laptop,Electronics,South,1,46855.5,16.7,24934.98,30727.44
2025-06-30,Headphones,Accessories,North,5,3307.53,7.33,17526.26,9787.37
2024-01-14,Keyboard,Accessories,West,7,1726.12,9.35,7426.16,9766.6
2024-03-10,Laptop,Electronics,South,4,52216.59,8.5,22248.5,246350.96
2025-11-03,Printer,Office,West,11,17241.07,11.9,8354.1,172749.01
2025-02-06,Smartphone,Electronics,East,3,28009.23,16.9,8274.79,76955.76
2025-08-15,Mouse,Accessories,North,10,1003.64,16.72,21836.08,15486.28
2024-07-26,Laptop,Electronics,Central,12,50989.65,18.22,12628.64,369439.1
2024-10-23,Printer,Office,East,7,15424.23,5.93,23920.71,80842.77
2024-04-17,Printer,Office,East,14,16866.39,6.23,14319.02,255637.55
2024-02-17,Headphones,Accessories,South,11,3965.83,4.35,23581.76,38580.95
2025-06-21,Printer,Office,East,5,14159.76,12.49,2482.86,61276.97
2024-06-10,Laptop,Electronics,West,7,47141.14,14.77,21132.38,261879.25
2024-11-02,Tablet,Electronics,South,1,20808.22,6.13,4237.47,31403.98
2025-08-14,Laptop,Electronics,East,6,60730.27,5.45,6629.89,327189.79
2024-08-19,Printer,Office,North,8,14088.36,9.88,13782.5,48110.67
2025-11-05,Mouse,Accessories,East,12,783.28,3.66,7921.33,6872.72
2025-09-20,Smartphone,Electronics,North,11,32790.05,12.94,21773.19,174583.73
2024-02-12,Tablet,Electronics,West,4,19592.99,8.65,4421.74,58114.59
2025-07-06,Printer,Office,East,4,13822.86,5.87,6165.58,76203.37
2024-05-25,Laptop,Electronics,East,5,54690.75,13.6,9420.44,91586.46
2024-03-18,Laptop,Electronics,North,12,59907.24,9.15,14776.35,210254.42
2025-08-01,Printer,Office,North,11,16987.89,9.4,4425.32,94141.27
2024-06-07,Keyboard,Accessories,West,1,1680.25,19.94,16151.93,4878.58
2024-09-09,Keyboard,Accessories,East,2,1742.5,2.13,8618.17,4469.85
2024-10-17,Tablet,Electronics,South,8,24389.29,13.71,21166.72,105055.57
2024-08-14,Headphones,Accessories,North,3,2996.26,14.45,11584.54,12770.47
2025-06-05,Laptop,Electronics,Central,14,62619.56,16.46,7946.2,468119.48
2025-10-02,Tablet,Electronics,Central,12,24783.5,8.47,8795.82,167882.83
2025-08-10,Smartphone,Electronics,South,4,28443.88,4.78,15337.6,101769.88
2025-03-27,Headphones,Accessories,East,8,3828.92,11.96,12602.54,25062.92
2025-08-25,Tablet,Electronics,North,3,22285.71,13.48,7890.46,28522.38
2024-06-13,Keyboard,Accessories,East,8,1633.12,19.48,24563.89,18551.62
2025-02-05,Keyboard,Accessories,South,5,1573.07,3.47,16205.68,11904.86
2024-03-27,Monitor,Electronics,North,12,12206.09,13.18,23687.98,38207.02
2024-08-13,Monitor,Electronics,West,15,10254.6,7.88,10019.67,164698.32
2025-05-06,Printer,Office,South,9,17010.77,7.65,18205.31,109221.49
2024-10-26,Keyboard,Accessories,West,8,1626.84,6.93,9301.74,12239.74
2025-07-06,Smartphone,Electronics,South,4,33059.92,3.43,3861.65,160251.27
2025-08-28,Printer,Office,North,2,15308.31,1.11,20656.89,22395.77
2024-04-28,Laptop,Electronics,North,13,59242.09,1.08,24031.99,843342.96
2025-10-23,Tablet,Electronics,Central,13,21536.1,4.38,5721.64,299285.17
2025-12-20,Keyboard,Accessories,West,9,1952.11,9.06,20939.96,22154.2
2025-10-29,Headphones,Accessories,Central,1,3296.6,9.77,18262.19,6220.44
2024-09-21,Headphones,Accessories,South,13,3048.97,10.9,6935.85,36232.3
2024-11-12,Keyboard,Accessories,Central,3,2009.3,18.74,23766.78,11722.57
2025-12-11,Laptop,Electronics,East,11,60047.14,16.82,3387.95,397830.9
2025-04-29,Headphones,Accessories,South,6,3769.99,1.43,12150.46,15092.08
2024-06-05,Monitor,Electronics,South,10,12581.31,15.58,23947.45,169191.25
2025-02-24,Printer,Office,North,7,14454.32,14.48,10113.14,74464.66
2025-12-06,Tablet,Electronics,Central,6,20072.19,3.28,13689.8,120205.75
2025-01-03,Printer,Office,South,8,14817.0,15.22,7350.36,69464.08
2024-11-25,Tablet,Electronics,North,8,21086.24,7.29,23170.14,164399.39
2025-11-15,Mouse,Accessories,Central,13,834.96,14.23,19759.44,10857.06
2024-04-27,Laptop,Electronics,West,1,48489.92,15.02,12161.32,22271.21
2024-11-20,Printer,Office,East,15,13378.37,11.61,23994.25,150962.73
2025-06-06,Tablet,Electronics,West,15,23328.17,14.65,7912.95,326209.69
2025-11-17,Tablet,Electronics,East,2,23676.11,5.46,19510.22,15736.76
2025-04-20,Laptop,Electronics,West,15,53116.03,11.2,14481.04,788045.24
2024-01-11,Smartphone,Electronics,South,14,27397.35,11.33,21203.95,223440.68
2025-08-01,Monitor,Electronics,South,10,13600.07,14.07,11707.58,101899.88
2025-06-20,Smartphone,Electronics,East,9,28749.69,10.63,16713.02,80012.44
2024-05-25,Tablet,Electronics,Central,3,24352.41,14.87,22506.35,41997.41
2025-06-19,Mouse,Accessories,East,12,850.22,15.62,24960.79,12510.3
2025-01-15,Laptop,Electronics,North,1,50957.53,15.6,13653.58,35105.57
2025-04-23,Headphones,Accessories,Central,10,3997.83,13.56,14002.59,40422.36
2024-07-28,Keyboard,Accessories,North,9,1801.78,6.09,13199.23,16420.48
2025-10-24,Headphones,Accessories,West,4,3108.99,8.49,23934.32,15708.26
2024-07-15,Mouse,Accessories,East,12,843.02,16.51,18038.23,11186.09
2024-08-23,Keyboard,Accessories,Central,8,1640.71,6.42,18845.09,14660.46
2024-08-20,Headphones,Accessories,Central,10,3922.94,10.18,22221.17,46288.76
2024-04-01,Monitor,Electronics,East,7,13419.3,9.51,20268.46,33288.08
2024-09-15,Tablet,Electronics,North,12,21702.73,18.26,8088.78,229366.53
2024-04-28,Tablet,Electronics,East,4,22909.35,18.79,7902.42,71990.96
2025-05-24,Keyboard,Accessories,Central,7,1899.54,4.28,6201.85,15313.92
2025-08-28,Keyboard,Accessories,East,8,1880.45,16.48,4748.07,8495.87
2024-07-07,Headphones,Accessories,East,15,3900.47,10.67,23143.38,40081.33
2024-09-09,Headphones,Accessories,Central,4,3655.45,0.2,11514.78,10505.79
2025-03-30,Printer,Office,West,12,15658.9,0.34,11086.31,134003.42
2025-12-11,Monitor,Electronics,North,10,13345.07,8.99,13619.84,160989.35
2024-05-30,Monitor,Electronics,East,3,12551.0,9.46,6521.5,29509.29
2025-02-15,Headphones,Accessories,South,6,3816.11,5.28,10335.48,18395.76
2025-04-07,Printer,Office,Central,10,13085.48,2.96,3032.37,102961.22
2025-10-04,Keyboard,Accessories,West,7,1663.37,3.12,14599.13,13536.08
2025-03-02,Smartphone,Electronics,West,4,32458.49,5.99,19269.1,122355.44
2025-10-01,Laptop,Electronics,East,15,48074.26,8.01,18473.12,624556.16
2025-12-05,Laptop,Electronics,North,7,48222.15,19.04,13029.51,175394.49
2025-12-19,Smartphone,Electronics,North,15,27275.68,2.82,3771.52,618588.96
2025-07-22,Tablet,Electronics,North,10,24792.01,15.16,19665.87,248831.82
2024-11-30,Monitor,Electronics,North,9,13573.43,17.78,10734.12,77891.69
2024-10-06,Smartphone,Electronics,North,2,27666.4,17.96,18660.79,48331.47
2024-10-10,Keyboard,Accessories,North,13,2013.25,15.72,24177.11,30272.36
2024-12-02,Laptop,Electronics,South,1,50026.73,19.95,12832.01,44350.82
2025-10-16,Tablet,Electronics,Central,15,24151.91,1.04,22781.4,226538.58
2024-09-30,Keyboard,Accessories,Central,9,1868.81,11.04,9468.57,20945.22
2024-02-04,Headphones,Accessories,West,6,3457.16,5.47,13319.81,29335.51
2025-10-29,Smartphone,Electronics,West,5,26305.99,0.54,2983.33,63871.84
2024-11-21,Monitor,Electronics,West,15,13302.37,13.68,14355.68,171518.19
2024-03-01,Laptop,Electronics,Central,8,56145.79,8.08,13171.45,349876.03
2025-11-28,Headphones,Accessories,North,1,3941.54,15.2,8229.3,4086.01
2025-04-06,Monitor,Electronics,West,12,12090.98,15.67,2984.46,58187.68
2025-04-20,Keyboard,Accessories,East,3,1725.69,15.82,20308.85,8598.45
2025-04-12,Headphones,Accessories,South,9,3228.98,11.71,5251.26,31954.07
2024-01-03,Printer,Office,South,14,16401.99,12.63,22570.7,212332.69
2025-09-16,Laptop,Electronics,Central,12,62825.2,3.81,24389.78,610768.26
2024-10-22,Smartphone,Electronics,West,5,29608.39,18.64,23890.79,179018.29
2024-12-04,Smartphone,Electronics,West,13,33963.4,16.0,7541.9,224523.33
2024-03-28,Monitor,Electronics,South,15,12089.27,0.76,11255.91,189562.92
2024-07-07,Laptop,Electronics,Central,4,62047.63,2.82,14427.52,225601.97
2025-09-18,Headphones,Accessories,Central,5,3148.09,4.82,4914.14,14289.91
2025-05-19,Headphones,Accessories,North,1,3962.01,11.66,20516.66,7508.55
2024-08-08,Laptop,Electronics,West,10,53798.86,13.19,23573.82,456649.96
2025-10-07,Keyboard,Accessories,South,15,1786.24,20.0,7879.8,23389.15
2025-09-30,Laptop,Electronics,North,10,56351.81,7.92,14068.77,504748.59
2024-02-24,Printer,Office,West,7,16002.81,16.87,8049.87,91802.92
2025-02-26,Laptop,Electronics,South,1,61956.12,14.91,3023.93,28764.55
2024-03-28,Headphones,Accessories,West,11,3638.96,14.24,14439.77,35514.01
2024-02-04,Tablet,Electronics,West,15,20406.73,5.26,2986.63,259518.94
2025-05-12,Monitor,Electronics,South,13,11855.49,9.35,5891.97,125750.38
2024-08-03,Printer,Office,South,11,15588.22,4.45,14120.68,156281.78
2025-03-14,Printer,Office,South,15,14547.81,16.94,8532.66,161000.49
2024-12-12,Smartphone,Electronics,South,12,31878.57,10.41,18851.46,385037.89
2025-12-30,Smartphone,Electronics,East,8,28685.77,1.79,14969.87,266262.71
2024-10-01,Smartphone,Electronics,South,10,31472.3,8.87,22287.97,244027.02
2025-04-27,Laptop,Electronics,West,2,58995.19,14.11,6202.4,69609.03
2025-05-21,Monitor,Electronics,Central,3,12959.49,2.15,14374.51,45414.68
2025-03-29,Headphones,Accessories,East,11,3071.31,9.37,15725.86,27260.33
2025-02-06,Keyboard,Accessories,West,2,1734.68,3.13,16419.43,9705.48
2024-05-15,Headphones,Accessories,West,7,3911.16,0.3,10139.03,30445.03
2025-10-07,Tablet,Electronics,South,12,23556.47,10.67,12675.26,142462.04
2024-12-19,Laptop,Electronics,South,15,61543.75,6.14,15151.63,1047734.96
2025-12-16,Keyboard,Accessories,Central,8,1734.23,9.68,8573.56,20165.49
2025-09-13,Smartphone,Electronics,South,1,27533.62,12.37,19285.57,23202.29
2025-06-10,Headphones,Accessories,West,13,3578.47,15.3,13300.15,31935.6
2025-11-21,Mouse,Accessories,South,10,889.89,12.52,15199.37,13089.5
2025-12-12,Printer,Office,North,5,13102.46,10.56,10375.86,63276.19
2025-11-07,Monitor,Electronics,South,4,12442.83,2.85,10525.25,34846.75
2024-09-16,Printer,Office,East,7,13386.19,17.88,8741.57,43526.06
2024-07-26,Laptop,Electronics,South,5,52053.92,4.24,12469.22,304421.8
2024-03-31,Smartphone,Electronics,Central,6,27755.51,10.03,19323.66,46119.22
2025-10-25,Keyboard,Accessories,West,7,1884.76,13.6,19111.86,16850.31
2025-06-14,Printer,Office,South,3,14040.84,1.56,12494.64,52018.72
2024-03-23,Smartphone,Electronics,North,6,28162.08,13.14,15069.24,183991.49
2024-05-28,Mouse,Accessories,Central,15,814.17,10.05,8734.16,6993.03
2024-06-25,Laptop,Electronics,Central,11,48616.1,11.36,21670.3,634289.63
2024-12-01,Tablet,Electronics,South,12,23513.06,2.73,15354.85,348183.79
2024-01-08,Keyboard,Accessories,West,2,1921.89,5.37,6033.94,4933.5
2024-06-19,Tablet,Electronics,Central,4,24306.24,6.61,20994.86,103283.43
2025-11-22,Laptop,Electronics,South,7,47845.28,13.01,2098.33,298043.46
2024-08-21,Printer,Office,East,9,13244.8,5.05,22018.25,34635.1
2025-09-03,Headphones,Accessories,East,15,3860.08,17.45,6707.94,42729.55
2024-03-18,Tablet,Electronics,Central,10,23528.4,5.37,4453.07,113477.09
2025-04-10,Smartphone,Electronics,West,11,33708.67,9.03,19404.84,168320.07
2024-11-29,Smartphone,Electronics,Central,3,34446.11,8.36,10141.35,120864.97
2024-03-05,Printer,Office,South,8,14175.03,15.83,19292.18,65678.17
2025-07-28,Monitor,Electronics,West,2,10374.1,7.53,20124.81,21240.07
2024-01-29,Smartphone,Electronics,West,10,33524.16,14.39,15127.53,252653.77
2024-04-10,Keyboard,Accessories,North,13,1675.74,3.61,8413.16,19491.02
2025-10-11,Headphones,Accessories,East,11,3145.06,9.99,7147.0,13115.93
2024-06-08,Headphones,Accessories,South,12,3126.08,3.28,11239.32,41868.77
2025-07-12,Monitor,Electronics,Central,9,11074.01,4.84,17508.7,107159.56
2025-03-14,Smartphone,Electronics,East,13,30171.89,13.17,14587.73,289963.35
2024-08-16,Tablet,Electronics,North,4,24414.76,18.69,10020.5,54185.6
2025-07-14,Keyboard,Accessories,West,5,1715.45,15.06,13105.2,13005.1
2025-04-13,Headphones,Accessories,Central,4,3109.62,3.8,13462.23,10275.18
2025-05-10,Headphones,Accessories,South,4,3692.96,4.67,22055.82,15351.31
2024-04-04,Printer,Office,North,9,14324.11,15.75,17307.8,60977.08
2024-04-24,Printer,Office,Central,14,16160.98,19.06,14559.26,159979.85
2025-05-29,Smartphone,Electronics,North,7,26816.63,0.41,12024.02,125678.51
2024-07-14,Keyboard,Accessories,North,12,1587.3,15.91,6785.84,21352.53
2025-10-05,Printer,Office,South,13,14789.9,14.87,13457.38,203035.64
2024-01-18,Printer,Office,South,10,16464.93,15.72,23493.92,109171.46
2025-04-07,Laptop,Electronics,West,1,62584.06,5.04,13181.79,40040.79
2025-06-14,Laptop,Electronics,North,7,55912.11,15.86,23909.73,276103.96
2025-12-15,Monitor,Electronics,West,10,10200.73,0.83,5897.73,103929.45
2025-11-06,Tablet,Electronics,South,13,19917.63,18.86,12501.96,310751.99
2024-11-04,Monitor,Electronics,East,8,13031.2,14.73,21813.23,115874.74
2024-01-20,Mouse,Accessories,South,8,839.41,7.54,17250.24,11646.36
2024-12-25,Monitor,Electronics,West,14,12900.84,10.77,19584.8,207551.83
2024-10-13,Smartphone,Electronics,North,12,27540.58,19.18,19891.73,253126.59
2024-11-29,Monitor,Electronics,South,2,12594.71,10.84,2026.76,22314.43
2024-01-27,Laptop,Electronics,North,13,56013.87,3.57,17200.59,508519.74
2024-07-12,Monitor,Electronics,Central,10,13710.37,4.48,8671.17,118482.79
2024-08-28,Tablet,Electronics,South,12,19594.63,13.54,2749.84,155986.78
2024-03-15,Smartphone,Electronics,West,7,32963.08,17.3,11180.03,235118.08
2025-07-06,Printer,Office,South,6,15213.95,18.42,3034.85,55614.17
2025-08-15,Smartphone,Electronics,Central,8,33612.5,0.94,13026.46,343625.36
2025-10-24,Headphones,Accessories,West,1,3779.17,2.71,3578.27,5277.18
2025-01-25,Tablet,Electronics,Central,10,20410.67,14.33,3613.72,184756.46
2025-06-27,Mouse,Accessories,South,7,826.05,7.52,11798.83,7927.3
2025-08-11,Laptop,Electronics,North,15,59966.55,11.41,10382.03,791846.28
2025-03-14,Keyboard,Accessories,East,13,1768.88,18.48,22371.58,23428.79
2024-02-06,Laptop,Electronics,South,2,61492.45,2.69,24867.83,63490.65
2024-11-03,Printer,Office,Central,9,14043.84,2.33,18134.95,162340.68
2024-08-14,Monitor,Electronics,South,6,12665.36,16.64,21246.97,66803.28
2024-08-20,Printer,Office,Central,11,12837.39,12.65,9470.92,106977.73
2024-10-15,Printer,Office,West,4,16240.31,8.34,14390.1,72385.3
2024-01-18,Smartphone,Electronics,Central,6,26000.46,7.12,2846.26,155549.54
2025-10-27,Keyboard,Accessories,East,7,1573.28,6.36,4387.74,7058.38
2025-03-04,Monitor,Electronics,West,4,11462.78,17.58,6768.19,38065.58
2025-08-16,Tablet,Electronics,North,11,21897.21,8.29,24842.93,128900.14
2024-09-02,Mouse,Accessories,South,10,826.92,8.72,20339.59,10045.25
2024-03-23,Printer,Office,North,7,14328.77,14.65,11163.78,52732.0
2025-09-09,Monitor,Electronics,East,10,11345.83,4.1,4170.88,131823.62
2025-04-10,Keyboard,Accessories,South,11,1739.08,0.32,7018.02,16562.34
2025-03-13,Smartphone,Electronics,West,4,27569.62,17.04,4705.86,102434.65
2024-12-25,Smartphone,Electronics,Central,3,31508.94,1.09,5917.01,42076.06
2025-10-10,Printer,Office,South,5,16637.17,2.09,2657.55,55040.0
2025-08-17,Laptop,Electronics,Central,12,56582.59,19.73,21775.93,405916.85
2024-09-30,Smartphone,Electronics,West,3,25608.45,7.15,6989.46,91775.83
2024-10-25,Laptop,Electronics,Central,11,49602.1,13.42,22215.82,328614.75
2025-07-16,Mouse,Accessories,South,3,987.36,13.17,20504.27,7825.23
2024-04-15,Smartphone,Electronics,East,8,30074.78,18.96,17404.68,174803.4
2025-01-31,Keyboard,Accessories,Central,11,1839.9,17.13,2731.45,13303.95
2025-06-17,Mouse,Accessories,West,10,783.46,9.57,16403.89,9945.28
2024-07-25,Mouse,Accessories,South,2,1010.38,11.88,24939.42,7906.1
2024-03-28,Headphones,Accessories,East,4,3172.55,2.72,22922.29,15058.12
2025-09-15,Headphones,Accessories,West,14,3534.78,4.17,23167.56,36231.27
2025-06-07,Monitor,Electronics,South,9,11722.86,7.79,20962.62,112578.94
2024-10-23,Laptop,Electronics,Central,15,49487.43,0.21,12844.88,828016.67
2025-12-23,Tablet,Electronics,North,1,24325.07,4.49,9661.68,34832.19
2024-02-16,Mouse,Accessories,West,7,766.66,4.37,21755.28,10006.54
2024-10-02,Mouse,Accessories,South,2,990.89,8.8,8645.57,4720.38
2024-04-27,Headphones,Accessories,South,15,3854.91,3.6,6553.38,33154.18
2024-02-10,Laptop,Electronics,East,4,62696.66,14.5,17426.34,200558.58
2025-11-01,Printer,Office,East,13,14782.56,1.04,10953.06,243966.25
2024-03-21,Mouse,Accessories,South,6,795.44,6.98,23170.63,10391.61
2025-03-08,Printer,Office,East,4,13037.23,16.77,6153.0,45804.89
2024-04-27,Laptop,Electronics,South,14,63203.4,13.74,5534.55,479961.58
2025-12-16,Monitor,Electronics,West,5,10664.28,2.53,9078.34,46762.57
2025-03-30,Smartphone,Electronics,West,8,29627.03,13.39,22463.67,212219.51
2024-03-29,Tablet,Electronics,South,2,23630.2,19.43,16188.73,47658.19
2024-05-25,Headphones,Accessories,Central,8,3531.6,0.43,6675.53,11914.92
2024-03-17,Smartphone,Electronics,East,1,33276.48,5.21,16023.82,27721.15
2024-06-30,Mouse,Accessories,West,4,852.29,18.62,18003.93,8990.08
2024-12-09,Monitor,Electronics,West,10,12027.25,2.44,14130.84,91146.55
2024-12-18,Keyboard,Accessories,North,2,1913.66,15.98,15296.18,5791.71
2025-07-05,Laptop,Electronics,Central,8,51530.89,14.4,12397.76,407535.01
2025-12-06,Monitor,Electronics,Central,5,12615.01,9.27,13870.6,49560.62
2025-09-28,Laptop,Electronics,West,12,59539.12,1.05,22961.82,722852.89
2024-02-13,Monitor,Electronics,South,13,10950.98,11.44,9330.16,43535.74
2025-06-25,Laptop,Electronics,Central,6,49617.72,2.93,22288.48,228103.49
2025-02-14,Printer,Office,Central,2,15015.97,2.31,20755.86,27632.35
2024-08-18,Keyboard,Accessories,East,4,1628.47,5.4,9980.29,7428.45
2024-11-12,Mouse,Accessories,West,4,852.28,15.05,19247.16,9446.44
2025-06-28,Headphones,Accessories,South,15,3843.49,2.51,3407.86,32609.89
2024-06-02,Tablet,Electronics,West,13,18722.72,16.78,10336.65,186375.05
2024-08-16,Monitor,Electronics,North,10,11809.98,14.79,17332.16,92355.44
2025-03-16,Tablet,Electronics,West,4,21538.16,17.24,19285.72,99670.2
2025-01-13,Mouse,Accessories,South,9,1010.98,14.64,15835.3,11753.79
2024-04-20,Smartphone,Electronics,South,5,26717.78,7.07,17490.27,119794.77
2024-08-26,Mouse,Accessories,North,15,978.07,6.86,15499.15,20428.04
2024-12-27,Printer,Office,East,13,15953.93,19.84,20059.97,158204.75
2025-10-20,Monitor,Electronics,Central,4,10415.98,9.89,3642.84,30122.85
2024-12-25,Headphones,Accessories,South,5,3190.68,3.37,17787.45,21861.05
2025-08-21,Keyboard,Accessories,North,2,1826.11,18.23,3881.94,3982.16
2024-09-07,Smartphone,Electronics,Central,13,32250.95,12.4,9557.05,367022.84
2024-09-25,Smartphone,Electronics,South,2,26517.79,12.61,24362.75,50168.07
2024-02-24,Headphones,Accessories,South,15,3278.56,4.13,18085.53,64996.23
2025-02-09,Mouse,Accessories,North,13,791.39,8.62,2918.34,10630.79
2024-09-11,Tablet,Electronics,West,5,25033.72,0.06,19071.1,79190.93
2024-11-01,Mouse,Accessories,Central,2,856.04,18.09,20792.85,6350.93
2024-02-25,Smartphone,Electronics,East,5,31492.25,7.05,11963.07,178932.7
2025-05-17,Headphones,Accessories,Central,2,3222.66,11.36,6716.88,5979.25
2025-05-03,Keyboard,Accessories,West,11,1789.63,13.31,15841.56,22102.02
2025-12-19,Headphones,Accessories,South,10,3837.33,3.51,3038.64,28022.1
2025-08-14,Keyboard,Accessories,West,6,2058.49,2.42,3483.28,10499.49
2025-08-21,Keyboard,Accessories,West,12,1945.62,13.05,22785.85,20778.15
2024-10-22,Monitor,Electronics,Central,1,11831.41,8.54,16201.5,9630.99
2025-04-04,Laptop,Electronics,Central,14,61896.37,2.4,12069.99,670069.17
2025-05-14,Tablet,Electronics,Central,9,22853.61,17.48,16004.38,85998.89
2024-10-10,Printer,Office,West,1,16377.67,13.21,5417.51,13107.57
2025-02-19,Headphones,Accessories,Central,3,3107.79,0.48,6755.98,9614.64
2024-11-28,Printer,Office,South,14,17167.37,16.46,19675.5,192266.6
2024-08-13,Headphones,Accessories,West,13,3721.34,0.89,14420.04,26196.24
2025-01-01,Headphones,Accessories,North,9,3774.37,7.64,18629.0,31566.99
2024-09-15,Monitor,Electronics,South,14,13474.43,3.47,19669.12,101089.1
2024-10-07,Smartphone,Electronics,East,6,32686.32,19.13,20633.54,135630.22
2024-01-26,Keyboard,Accessories,Central,5,1608.06,17.26,2285.42,4728.47
2024-05-30,Laptop,Electronics,East,8,49723.19,8.31,14541.97,253244.16
2025-09-11,Laptop,Electronics,West,5,56598.02,7.76,10356.65,163087.59
2024-01-07,Headphones,Accessories,North,9,3655.99,16.82,23794.95,17728.23
2025-07-27,Mouse,Accessories,South,1,872.08,10.03,24538.12,4483.1
2024-05-02,Headphones,Accessories,South,13,3768.49,19.19,22778.21,47123.6
2024-11-22,Tablet,Electronics,West,7,24439.84,8.98,11352.61,161576.69
2025-02-17,Laptop,Electronics,Central,2,60597.4,5.05,14566.48,96635.84
2025-03-23,Keyboard,Accessories,North,14,1818.51,19.8,13088.18,25330.17
2024-11-23,Laptop,Electronics,South,13,58507.32,8.52,18686.63,1121362.31
2024-06-21,Headphones,Accessories,North,15,3254.68,0.99,17947.34,30734.66
2025-10-22,Headphones,Accessories,North,3,3291.8,17.24,19937.32,8565.29
2025-08-09,Laptop,Electronics,West,13,48084.4,1.71,,523831.4
2025-03-28,Mouse,Accessories,North,8,813.16,19.09,4949.87,3987.15
2025-06-22,Laptop,Electronics,North,4,49265.08,15.89,23195.44,132849.12
2024-02-11,Mouse,Accessories,Central,4,845.63,13.78,22269.62,8060.58
2024-08-12,Monitor,Electronics,West,4,11572.45,9.64,15132.49,30290.15
2025-01-11,Monitor,Electronics,South,1,12481.83,0.37,24322.47,16194.98
2024-09-24,Tablet,Electronics,Central,1,20465.03,9.79,7689.64,18475.58
2024-06-20,Mouse,Accessories,North,8,858.13,2.49,5393.83,6890.93
2025-05-02,Monitor,Electronics,East,15,12264.87,3.87,13339.36,134452.03
2025-07-17,Smartphone,Electronics,Central,2,33506.17,4.92,14817.38,80832.33
2024-11-23,Smartphone,Electronics,Central,1,30687.49,5.99,13497.88,37848.13
2025-11-19,Smartphone,Electronics,West,6,27056.5,0.96,7674.22,132513.86
2025-01-12,Smartphone,Electronics,Central,1,29293.1,19.51,18182.46,16720.14
2025-02-06,Headphones,Accessories,East,3,3598.28,16.89,14057.44,7793.25
2025-01-28,Headphones,Accessories,North,12,3350.58,15.91,9994.61,21589.94
2024-06-08,Smartphone,Electronics,South,4,31631.86,13.15,16909.04,86139.55
2024-12-31,Mouse,Accessories,East,10,794.41,19.69,12934.14,9612.3
2024-05-29,Keyboard,Accessories,East,2,2025.53,4.77,11335.23,5159.23
2025-06-22,Keyboard,Accessories,South,4,2038.6,1.44,5752.22,10674.29
2025-10-28,Headphones,Accessories,East,11,3934.98,15.49,18980.0,13808.2
2024-09-21,Monitor,Electronics,West,5,13460.46,1.84,21710.28,68190.65
2025-05-12,Headphones,Accessories,West,15,3493.13,11.98,12465.04,41488.24
2024-05-15,Headphones,Accessories,North,9,3621.78,0.31,6763.61,23157.36
2025-12-23,Keyboard,Accessories,West,13,1536.8,10.2,2240.78,22593.95
2025-10-12,Laptop,Electronics,North,14,58496.93,11.83,6072.33,518851.96
2024-11-15,Laptop,Electronics,North,11,46965.71,8.72,10137.31,615896.44
2025-03-17,Keyboard,Accessories,Central,4,1636.31,13.56,12207.14,7589.32
2025-12-04,Keyboard,Accessories,South,6,1901.41,6.74,8466.48,8281.0
2024-02-21,Laptop,Electronics,South,2,50574.64,9.02,19354.17,58862.32
2025-08-07,Mouse,Accessories,East,3,779.27,7.13,4980.31,2391.03
2024-05-30,Laptop,Electronics,East,7,50677.43,7.66,14077.02,317274.44
2025-11-20,Tablet,Electronics,North,2,20284.41,6.87,15214.27,24443.32
2024-06-20,Laptop,Electronics,West,6,57856.82,19.41,12891.74,247359.28
2024-04-14,Printer,Office,South,8,13981.34,3.0,19982.32,101317.63
2025-01-30,Monitor,Electronics,North,10,11059.24,1.92,8516.54,116913.79
2025-02-02,Printer,Office,West,15,13201.93,3.54,12771.06,213039.62
2025-07-06,Smartphone,Electronics,Central,15,29398.6,1.31,17112.05,185302.56
2024-02-14,Printer,Office,East,1,16671.81,19.0,17859.49,12075.17
2025-10-01,Mouse,Accessories,West,11,833.4,11.85,13547.33,7727.62
2024-05-01,Headphones,Accessories,East,14,3673.93,5.4,23076.4,38753.18
2024-02-23,Keyboard,Accessories,South,6,1978.76,4.98,15832.81,12759.61
2024-10-22,Smartphone,Electronics,Central,15,27776.27,2.04,15220.52,229894.6
2025-10-30,Keyboard,Accessories,North,4,1755.59,6.76,21086.96,11021.29
2024-12-23,Monitor,Electronics,Central,12,13497.43,10.09,5845.53,103309.37
2025-11-13,Laptop,Electronics,North,3,60552.61,18.08,2537.01,172341.07
2025-06-21,Tablet,Electronics,North,13,21908.01,6.05,5586.54,193976.31
2024-06-11,Mouse,Accessories,West,8,900.83,18.25,6415.17,6994.65
2024-01-03,Tablet,Electronics,East,8,20918.4,6.36,5150.93,61534.73
2025-04-18,Headphones,Accessories,North,8,3712.73,2.59,17505.86,21857.16
2024-06-23,Monitor,Electronics,East,15,11325.21,11.38,10590.97,176511.23
2025-06-03,Printer,Office,South,10,13620.1,16.59,21691.3,161531.86
2024-02-01,Printer,Office,South,8,13104.85,17.93,3333.97,96091.91
2025-12-06,Tablet,Electronics,East,12,19539.95,9.77,23733.64,293700.27
2024-03-04,Mouse,Accessories,West,10,862.24,5.51,13798.1,9870.44
2024-06-13,Headphones,Accessories,South,13,3708.08,8.45,6902.15,65951.3
2024-11-04,Headphones,Accessories,West,11,3841.61,18.9,4596.94,49714.25
2025-04-25,Laptop,Electronics,Central,6,52360.4,11.64,4038.63,225641.81
2025-05-16,Mouse,Accessories,South,9,980.28,1.91,13735.93,12265.49
2024-10-03,Keyboard,Accessories,Central,13,2020.4,2.1,18319.15,36784.03
2025-11-10,Laptop,Electronics,West,9,53336.81,4.01,17528.44,489236.8
2024-05-21,Tablet,Electronics,Central,2,22360.88,13.49,19273.55,44328.47
2025-02-08,Tablet,Electronics,South,10,23748.6,17.96,7138.83,54119.18
2024-04-27,Laptop,Electronics,East,13,47518.36,5.0,11118.93,573138.04
2025-03-14,Smartphone,Electronics,Central,14,29191.02,9.59,2599.28,315047.59
2024-11-21,Smartphone,Electronics,West,5,26533.18,7.4,21455.69,153466.47
2025-06-28,Laptop,Electronics,Central,3,55190.26,8.01,9136.39,158474.57
2024-07-14,Mouse,Accessories,West,9,888.84,0.06,14572.94,11015.71
2024-03-25,Headphones,Accessories,Central,1,3925.26,8.21,23539.11,9780.86
2024-01-30,Laptop,Electronics,East,11,56110.61,7.91,16853.65,527461.64
2025-08-14,Headphones,Accessories,West,12,3899.04,6.78,20759.28,19797.77
2025-08-04,Headphones,Accessories,South,3,3319.64,7.03,23146.69,11629.37
2025-04-29,Mouse,Accessories,Central,13,861.35,19.78,16034.48,16257.69
2025-02-27,Smartphone,Electronics,South,2,32575.58,6.8,16837.43,29555.6
2024-07-22,Keyboard,Accessories,South,11,1567.98,4.5,3742.01,12496.4
2025-02-18,Keyboard,Accessories,Central,6,1785.98,19.16,21150.98,14509.99
2025-09-24,Keyboard,Accessories,East,5,1883.59,2.45,17127.65,14431.45
2025-03-15,Monitor,Electronics,East,2,11912.46,15.53,12348.94,10164.41
2025-04-16,Keyboard,Accessories,West,4,1973.18,11.13,5122.12,5919.2
2024-07-28,Headphones,Accessories,Central,5,3080.7,12.35,22275.79,19071.86
2025-11-23,Printer,Office,East,6,15904.87,6.74,22688.5,34983.4
2024-03-16,Keyboard,Accessories,Central,13,2064.35,2.94,16370.93,23263.46
2024-09-30,Mouse,Accessories,West,12,1026.24,1.64,23501.2,23075.01
2024-11-06,Mouse,Accessories,East,7,889.64,0.38,24605.29,14268.6
2024-09-24,Smartphone,Electronics,East,13,34337.09,0.31,3553.15,387447.6
2024-04-07,Monitor,Electronics,West,11,12965.43,14.57,7353.76,117036.43
2025-02-12,Tablet,Electronics,Central,6,20522.98,14.15,2744.48,83183.04
2025-01-05,Mouse,Accessories,Central,4,850.27,8.15,22714.43,10140.35
2025-12-18,Tablet,Electronics,North,1,22642.85,2.12,21006.36,16326.94
2024-10-28,Printer,Office,North,12,13403.24,0.68,9234.81,91732.78
2025-10-19,Tablet,Electronics,Central,7,21811.68,17.3,17607.84,183050.73
2025-01-05,Mouse,Accessories,North,9,932.23,13.98,9365.79,8973.34
2025-03-26,Smartphone,Electronics,East,1,32068.13,4.32,12027.29,18480.37
2025-11-11,Keyboard,Accessories,East,1,1629.62,12.02,15700.82,4952.4
2025-05-03,Keyboard,Accessories,West,10,2036.73,12.52,15398.26,18573.46
2025-05-10,Headphones,Accessories,East,11,3165.72,1.79,13445.68,32145.48
2025-09-14,Monitor,Electronics,North,8,10685.26,11.9,17960.6,70028.1
2024-04-20,Mouse,Accessories,Central,12,925.8,6.37,9648.95,10753.77
2024-07-30,Monitor,Electronics,East,9,11387.98,9.18,16723.02,59364.96
2025-03-18,Monitor,Electronics,Central,10,11821.25,6.72,5917.63,151808.64
2024-05-28,Printer,Office,Central,13,16252.28,19.53,20539.21,105535.82
2024-09-25,Laptop,Electronics,Central,4,57662.16,5.35,20916.17,153211.46
2024-05-13,Monitor,Electronics,Central,15,12271.36,13.5,12916.85,116108.35
2024-12-14,Printer,Office,South,9,16584.63,14.8,15920.54,172917.46
2024-02-01,Tablet,Electronics,East,13,19837.42,14.03,18703.19,136550.15
2025-08-07,Mouse,Accessories,North,3,857.78,3.06,5184.44,848.93
2025-07-04,Smartphone,Electronics,North,12,32864.33,19.42,23926.41,413199.18
2024-04-11,Headphones,Accessories,North,3,3024.6,4.31,8461.56,10961.4
2025-04-05,Keyboard,Accessories,West,1,1622.67,0.11,15062.17,4647.97
2024-11-28,Printer,Office,West,12,16116.87,16.6,11207.48,124254.17
2025-08-19,Monitor,Electronics,East,12,13607.42,8.95,3307.36,95978.05
2025-07-28,Headphones,Accessories,Central,3,3360.06,16.96,15475.52,14882.67
2024-09-15,Laptop,Electronics,North,9,61619.61,18.52,7094.26,261973.75
2024-07-01,Smartphone,Electronics,Central,1,26171.16,0.02,6633.12,23834.39
2025-05-29,Printer,Office,South,5,13036.15,16.75,4187.22,30630.27
2025-10-04,Mouse,Accessories,Central,11,897.06,7.19,19982.63,17151.4
2024-01-29,Smartphone,Electronics,Central,1,32778.66,1.88,2241.68,10017.42
2024-06-03,Monitor,Electronics,Central,12,10997.39,18.52,15400.31,141276.32
2024-08-14,Monitor,Electronics,Central,6,10239.59,3.49,11789.3,67933.28
2025-04-21,Printer,Office,South,7,13156.68,1.72,6511.24,67637.17
2024-05-08,Monitor,Electronics,South,13,10323.59,10.46,8401.52,116929.45
2025-06-30,Tablet,Electronics,Central,6,23380.54,12.43,19635.72,104105.28
2024-10-07,Tablet,Electronics,Central,10,22538.48,3.45,12799.76,199742.68
2025-07-07,Mouse,Accessories,East,13,786.2,6.21,4065.34,14548.72
2025-02-02,Monitor,Electronics,Central,6,13601.34,2.05,22642.5,40689.96
2024-05-09,Keyboard,Accessories,Central,6,1709.77,15.34,23335.58,15177.45
2024-07-16,Printer,Office,North,9,12765.71,9.89,19346.63,101438.47
2024-01-10,Headphones,Accessories,West,1,3021.13,15.31,7181.64,3705.49
2024-12-29,Keyboard,Accessories,East,9,1788.98,14.97,18532.84,20749.18
2025-07-24,Tablet,Electronics,West,7,19334.33,11.31,20643.4,167967.75
2024-03-23,Mouse,Accessories,East,12,882.57,7.11,24490.77,11283.81
2025-07-03,Keyboard,Accessories,South,9,1664.9,11.39,4651.73,14706.8
2024-01-15,Smartphone,Electronics,South,7,27021.6,11.47,10605.94,139941.69
2025-06-02,Laptop,Electronics,South,12,49324.8,1.9,18719.44,538991.77
2024-12-19,Monitor,Electronics,South,9,10950.23,4.35,10129.04,53160.43
2024-01-21,Laptop,Electronics,East,1,60239.26,14.44,20064.69,47520.98
2024-06-28,Printer,Office,West,8,16590.89,16.94,17271.91,94188.78
2025-08-22,Monitor,Electronics,South,3,12389.29,12.97,20672.93,32838.88
2025-05-23,Keyboard,Accessories,West,6,1737.67,2.56,12892.84,6115.77
2025-03-04,Laptop,Electronics,South,10,54044.27,4.14,14961.69,455665.15
2024-12-22,Laptop,Electronics,South,14,49697.69,13.89,5280.8,415809.86
2024-11-18,Tablet,Electronics,West,4,24590.21,17.8,8119.82,87002.74
2024-08-23,Mouse,Accessories,West,2,865.71,5.12,17277.96,4410.91
2024-09-05,Mouse,Accessories,South,10,1004.62,19.12,10773.79,10633.14
2024-05-20,Mouse,Accessories,South,13,1003.97,16.21,9249.83,14728.78
2024-03-08,Laptop,Electronics,Central,2,60300.69,5.41,12188.81,82325.48
2025-02-09,Tablet,Electronics,East,8,21485.23,0.57,13378.64,98212.34
2024-06-29,Headphones,Accessories,Central,10,3660.74,19.99,22246.85,42399.49
2025-02-13,Headphones,Accessories,East,10,3466.39,1.41,6891.6,36536.82
2024-03-27,Headphones,Accessories,North,2,3150.91,15.26,12453.68,6972.75
2024-11-25,Printer,Office,East,1,15168.93,5.35,10833.09,17578.89
2024-04-01,Smartphone,Electronics,East,15,29754.74,17.26,20775.69,313488.57
2024-03-06,Keyboard,Accessories,Central,7,1750.37,16.66,13328.23,13175.01
2024-08-08,Smartphone,Electronics,North,13,30903.05,1.3,12551.38,245976.06
2024-07-19,Tablet,Electronics,South,1,19070.34,6.87,3667.47,13132.63
2024-06-05,Laptop,Electronics,West,12,59392.82,12.23,11106.28,620690.77
2025-04-02,Laptop,Electronics,Central,6,46991.3,0.98,13291.28,246664.17
2024-11-06,Smartphone,Electronics,East,9,28591.8,17.21,20323.72,139794.28
2024-05-31,Laptop,Electronics,North,5,51821.74,19.37,24459.67,140043.54
2025-10-11,Laptop,Electronics,North,7,60360.63,9.08,3518.15,488870.69
2025-09-24,Tablet,Electronics,South,4,23381.29,6.35,2106.91,57517.02
2025-06-14,Headphones,Accessories,West,5,3079.14,2.98,22814.54,21327.09
2025-07-27,Printer,Office,South,12,13049.82,17.34,6480.49,106709.34
2024-01-22,Tablet,Electronics,North,8,22225.85,17.6,18575.42,99012.16
2024-08-04,Tablet,Electronics,East,4,20461.75,14.11,8950.27,68991.85
2025-02-27,Tablet,Electronics,East,7,20425.17,14.81,14231.89,87588.81
2025-12-16,Headphones,Accessories,South,3,3622.78,14.04,17365.41,10563.26
2024-09-12,Smartphone,Electronics,North,13,29914.14,19.63,23183.79,112568.7
2024-01-13,Headphones,Accessories,North,5,3335.84,16.82,18970.2,14092.25
2024-03-07,Printer,Office,North,1,15505.57,13.98,22679.05,17410.06
2024-12-30,Smartphone,Electronics,North,13,29335.84,17.7,9845.81,361671.05
2025-03-03,Printer,Office,East,7,13474.71,4.53,18216.02,82195.65
2025-04-23,Printer,Office,East,13,13752.9,4.24,4364.73,109785.63
2025-04-16,Smartphone,Electronics,South,7,33997.16,10.35,18264.69,170870.21
2024-12-18,Smartphone,Electronics,West,3,33329.92,17.11,12771.03,78036.7
2024-08-29,Smartphone,Electronics,West,14,31498.62,9.86,13362.63,478950.58
2025-06-17,Keyboard,Accessories,Central,5,1843.43,10.75,22198.39,12113.42
2024-05-01,Monitor,Electronics,Central,15,10739.7,11.59,16854.2,107638.53
2024-02-04,Printer,Office,South,13,14386.93,11.52,5930.82,157445.58
2025-11-15,Mouse,Accessories,East,14,770.26,13.3,10123.31,7425.48
2025-05-16,Mouse,Accessories,Central,11,775.34,5.74,5887.03,6079.49
2025-10-19,Headphones,Accessories,South,4,3936.37,1.46,12266.04,14502.67
2024-10-12,Tablet,Electronics,North,7,22862.66,3.24,5601.37,164644.4
2024-08-05,Mouse,Accessories,East,6,935.66,16.93,8655.7,7072.56
2024-01-29,Laptop,Electronics,North,6,52027.53,6.78,18919.28,346474.29
2025-07-01,Keyboard,Accessories,Central,15,1652.13,16.59,18484.33,21782.3
2025-07-16,Monitor,Electronics,Central,10,13182.23,3.5,3952.17,112371.57
2024-05-17,Monitor,Electronics,South,9,13797.2,5.76,4632.69,116480.91
2025-10-10,Keyboard,Accessories,South,15,1540.74,10.87,9130.6,22215.19
2024-09-13,Printer,Office,East,12,13071.33,10.94,5208.51,139504.75
2025-09-10,Keyboard,Accessories,North,3,2068.22,18.06,5764.88,6491.94
2024-11-13,Headphones,Accessories,North,11,3272.77,2.7,6739.62,37818.26
2025-10-08,Laptop,Electronics,Central,14,55808.99,13.47,21259.92,230181.76
2024-06-16,Headphones,Accessories,East,7,3936.65,14.79,9752.64,32143.01
2025-05-20,Headphones,Accessories,South,2,3135.29,18.48,3689.22,8504.86
2025-05-25,Mouse,Accessories,North,6,1022.68,4.55,3374.63,7790.15
2025-03-26,Monitor,Electronics,East,4,11827.25,14.57,4529.19,15913.66
2024-10-09,Mouse,Accessories,South,4,1025.52,17.32,16993.99,7072.09
2025-07-16,Mouse,Accessories,Central,9,1006.21,3.01,22957.22,15767.36
2024-10-30,Mouse,Accessories,West,5,778.75,17.34,19076.47,9856.78
2024-04-26,Laptop,Electronics,South,14,62898.01,14.16,3021.26,440838.16
2025-05-22,Printer,Office,North,2,12773.86,4.37,17656.07,25095.49
2025-09-04,Laptop,Electronics,East,10,59780.18,18.76,3919.95,492837.72
2024-07-17,Keyboard,Accessories,West,11,1920.95,14.2,8790.25,23390.79
2025-04-01,Printer,Office,South,2,15606.41,12.83,19719.47,15762.74
2024-07-13,Keyboard,Accessories,Central,1,1721.64,17.07,20141.81,5658.97
2025-09-22,Smartphone,Electronics,East,6,32321.86,10.18,11805.7,2122.85
2025-03-10,Monitor,Electronics,Central,14,13103.57,1.5,11966.68,137919.72
2025-10-19,Laptop,Electronics,South,11,55193.68,6.81,14758.23,444736.25
2024-09-12,Printer,Office,West,9,17222.11,18.12,23521.69,63405.27
2025-07-31,Keyboard,Accessories,West,3,1550.88,16.33,12250.94,8616.28
2025-02-06,Printer,Office,West,9,13022.89,13.68,20045.89,113903.62
2024-10-14,Laptop,Electronics,West,4,53061.48,0.24,5712.11,100811.83
2024-08-02,Smartphone,Electronics,East,1,30204.19,1.4,16312.7,31554.26
2024-01-15,Monitor,Electronics,West,14,10499.78,12.6,7177.11,162841.14
2025-02-07,Headphones,Accessories,West,14,3985.01,2.74,15433.65,53363.86
2025-05-13,Mouse,Accessories,South,15,769.43,18.72,24684.06,15529.47
2025-01-02,Keyboard,Accessories,Central,9,2056.23,5.37,23316.23,20983.72
2025-12-19,Tablet,Electronics,West,13,21283.89,9.35,13503.89,321429.51
2024-01-28,Tablet,Electronics,North,13,20813.14,13.3,8621.84,231767.67
2024-11-09,Laptop,Electronics,East,13,52450.5,14.38,11340.85,753644.61
2024-12-18,Smartphone,Electronics,Central,1,28150.61,7.24,7915.91,26208.19
2024-07-11,Tablet,Electronics,North,13,23269.92,17.23,20737.05,106929.78
2025-09-02,Printer,Office,Central,8,14219.71,10.6,13890.97,86991.54
2024-12-19,Laptop,Electronics,West,12,55359.95,5.87,7860.81,691390.01
2024-09-28,Tablet,Electronics,West,15,20210.18,7.45,10300.35,109697.98
2024-08-22,Smartphone,Electronics,Central,4,31867.67,18.94,6097.05,58815.94
2024-11-01,Tablet,Electronics,Central,7,19792.77,9.5,18927.87,158144.78
2025-06-11,Tablet,Electronics,North,10,21068.91,15.01,20604.91,116339.52
2024-07-03,Tablet,Electronics,Central,6,20821.33,11.63,7246.82,64111.45
2025-05-11,Printer,Office,South,11,13755.14,16.03,20720.96,122422.84
2025-10-01,Tablet,Electronics,Central,6,21728.42,5.71,15652.06,102746.38
2024-08-28,Headphones,Accessories,South,2,3631.42,11.0,9800.81,5108.62
2024-01-25,Printer,Office,North,8,16696.01,14.19,14048.39,108412.94
2025-03-17,Smartphone,Electronics,North,13,31851.68,11.0,7493.78,298001.43
2024-07-02,Mouse,Accessories,West,2,888.54,2.9,6361.9,3901.34
2024-05-29,Printer,Office,East,8,12761.11,5.66,16697.75,59077.75
2024-07-12,Keyboard,Accessories,North,6,1860.43,18.83,24802.55,12139.6
2024-12-25,Tablet,Electronics,Central,14,21068.36,17.84,21214.84,297558.27
2025-03-10,Laptop,Electronics,North,10,58387.6,3.67,17312.77,587013.86
2025-02-13,Laptop,Electronics,West,7,61599.18,17.85,14370.05,313465.31
2025-10-31,Monitor,Electronics,North,1,13243.52,15.37,4845.75,9086.15
2024-08-03,Printer,Office,West,2,13041.84,8.74,24764.81,29361.29
2025-03-08,Keyboard,Accessories,Central,7,1867.1,8.06,11819.95,15936.93
2024-01-23,Laptop,Electronics,East,5,50293.86,7.92,21441.63,157023.77
2025-07-31,Smartphone,Electronics,West,11,28369.4,6.01,22880.19,201909.7
2025-11-16,Smartphone,Electronics,East,10,29828.26,8.8,11437.71,301144.76
2025-12-29,Tablet,Electronics,North,15,19876.78,9.16,15993.27,234388.57
2024-09-30,Tablet,Electronics,South,10,23387.89,4.49,16058.74,171772.7
2024-12-10,Smartphone,Electronics,South,7,26350.64,9.81,2058.73,161188.04
2024-11-04,Monitor,Electronics,East,6,10358.43,19.75,17690.61,50736.61
2025-02-22,Keyboard,Accessories,Central,13,1620.7,3.79,23261.86,23173.23
2024-12-17,Printer,Office,East,3,16909.83,12.72,16510.94,47617.25
2025-12-05,Printer,Office,East,1,15897.16,10.8,6461.54,14133.96
2024-07-19,Mouse,Accessories,South,8,844.02,10.88,6232.69,7944.5
2025-11-09,Printer,Office,West,9,13478.44,7.56,6325.31,93866.91
2024-01-05,Laptop,Electronics,South,7,62494.58,8.97,17827.84,268242.86
2024-05-16,Monitor,Electronics,East,1,11956.17,2.47,10331.67,14229.6
2024-06-27,Smartphone,Electronics,South,3,29675.39,3.15,11210.24,108467.42
2024-10-11,Printer,Office,South,6,12926.41,2.33,9988.68,96172.79
2024-08-29,Smartphone,Electronics,Central,6,32357.54,19.58,14201.64,191224.49
2024-02-15,Keyboard,Accessories,Central,11,1785.07,3.59,22853.71,9230.18
2024-12-24,Laptop,Electronics,North,1,61337.89,8.59,16175.08,40646.93
2025-07-04,Monitor,Electronics,South,4,10943.18,12.95,13310.8,38047.09
2025-04-23,Monitor,Electronics,West,4,12673.06,17.18,22368.45,56987.96
2024-11-04,Keyboard,Accessories,East,11,2022.87,5.95,21457.74,12542.53
2024-03-13,Mouse,Accessories,East,7,810.88,13.2,11019.22,3472.52
2024-01-30,Monitor,Electronics,West,10,12537.9,16.83,22670.7,46437.62
2025-01-25,Keyboard,Accessories,West,6,1714.3,0.67,14900.55,6221.06
2025-05-05,Keyboard,Accessories,Central,11,1824.68,15.7,21074.3,23319.9
2025-07-14,Monitor,Electronics,South,14,12860.45,5.99,11386.88,143397.54
2024-02-14,Monitor,Electronics,East,6,11540.68,19.01,2344.03,44097.59
2025-07-08,Laptop,Electronics,East,14,50292.79,3.11,23544.41,745273.17
2025-01-12,Smartphone,Electronics,Central,8,27771.26,1.89,8700.07,145325.2
2024-06-03,Monitor,Electronics,North,11,12037.54,3.69,23522.32,150450.87
2024-05-03,Mouse,Accessories,South,4,781.42,10.38,24385.6,7550.37
2025-02-07,Laptop,Electronics,West,9,57630.74,3.16,18057.63,375461.15
2025-05-08,Keyboard,Accessories,South,8,2041.95,7.39,12310.37,18125.99
2024-01-31,Mouse,Accessories,Central,4,906.97,1.09,3810.87,3595.68
2025-06-27,Mouse,Accessories,East,10,833.71,10.64,13888.02,9722.1
2024-04-09,Smartphone,Electronics,South,9,25557.39,9.93,20915.0,165544.19
2024-03-23,Smartphone,Electronics,North,9,31579.66,14.52,2883.96,179649.41
2024-06-13,Smartphone,Electronics,Central,12,30185.17,1.19,2460.34,239012.07
2025-06-07,Mouse,Accessories,East,13,892.51,12.56,10059.72,16675.62
2024-04-09,Printer,Office,North,10,15948.02,8.37,11504.12,156282.1
2024-01-27,Monitor,Electronics,East,6,10959.21,13.08,20054.98,40743.49
2025-01-24,Keyboard,Accessories,Central,14,1650.66,16.56,10893.28,7342.41
2025-04-17,Keyboard,Accessories,East,14,1724.55,1.26,8413.56,16571.79
2024-12-14,Tablet,Electronics,West,12,21697.23,10.2,4224.34,230089.23
2025-09-16,Monitor,Electronics,West,2,13429.29,10.07,5520.95,22017.37
2024-02-10,Laptop,Electronics,North,8,55724.84,11.88,17905.29,350128.43
2024-06-12,Monitor,Electronics,North,4,10690.4,7.79,8416.21,39555.12
2025-08-06,Smartphone,Electronics,North,10,27461.59,16.43,24393.91,164547.99
2024-03-04,Monitor,Electronics,North,15,12235.62,19.89,17024.93,135938.11
2024-02-12,Printer,Office,North,8,13449.81,1.65,22971.32,97903.7
2024-05-29,Tablet,Electronics,East,11,24625.92,17.36,12691.82,263327.35
2024-03-19,Keyboard,Accessories,Central,3,1624.21,16.84,24176.05,10351.19
2025-05-16,Printer,Office,West,9,13547.56,6.44,12603.23,127523.99
2024-01-28,Mouse,Accessories,Central,3,778.91,0.94,15728.22,5739.38
2024-11-14,Tablet,Electronics,South,1,24740.61,5.45,10791.31,35099.55
2025-07-26,Mouse,Accessories,North,11,894.38,13.1,21740.08,14096.37
2025-06-24,Printer,Office,East,15,17039.69,8.51,15170.2,244127.11
2024-02-09,Keyboard,Accessories,East,1,2010.36,14.43,16396.51,4418.66
2025-06-11,Headphones,Accessories,North,3,3130.5,12.23,22885.71,14286.08
2025-08-18,Keyboard,Accessories,North,6,1606.14,2.87,7620.41,11417.55
2025-11-17,Laptop,Electronics,Central,1,58153.73,3.2,17452.53,77046.62
2025-08-13,Smartphone,Electronics,Central,6,25668.2,6.77,19874.3,20672.74
2024-01-17,Mouse,Accessories,West,8,1017.47,17.61,16644.58,9403.52
2025-09-06,Printer,Office,Central,7,16897.07,17.91,10554.96,86633.01
2024-02-02,Tablet,Electronics,West,9,24715.49,15.4,3904.5,160875.81
2024-04-01,Keyboard,Accessories,South,1,1897.42,19.89,20945.89,5843.4
2024-06-22,Laptop,Electronics,South,15,47434.61,6.93,15442.75,918504.11
2025-05-05,Smartphone,Electronics,West,15,30225.48,11.62,2943.11,272937.54
2024-12-20,Mouse,Accessories,West,7,944.66,15.82,5457.17,9665.67
2024-04-25,Keyboard,Accessories,West,10,2042.05,9.58,9269.18,12557.42
2025-10-02,Mouse,Accessories,South,13,768.43,15.48,16756.11,14974.59
2024-03-08,Monitor,Electronics,North,5,12743.64,18.35,13879.79,63573.45
2025-10-05,Printer,Office,South,15,16191.97,3.98,10909.39,253596.56
2024-03-21,Headphones,Accessories,East,15,3865.25,12.85,23897.78,31698.84
2025-07-05,Headphones,Accessories,East,11,3393.36,3.22,5610.5,37017.7
2025-10-14,Keyboard,Accessories,West,14,2021.36,5.09,15171.33,27497.22
2024-01-29,Monitor,Electronics,Central,14,12261.96,5.73,4451.74,138298.12
2025-10-21,Headphones,Accessories,East,8,3722.77,6.22,10354.91,26164.54
2024-02-28,Tablet,Electronics,East,9,20061.57,3.75,6291.34,126889.31
2025-03-22,Tablet,Electronics,West,10,19307.57,13.87,18853.02,263526.94
2025-07-19,Tablet,Electronics,South,13,19575.76,17.65,11585.32,248093.08
2025-11-27,Printer,Office,North,6,14759.62,8.92,7238.11,100509.89
2024-12-23,Tablet,Electronics,South,2,19714.29,10.53,6960.9,30453.18
2025-01-26,Laptop,Electronics,North,15,62555.62,17.73,5593.52,538378.57
2025-10-14,Smartphone,Electronics,North,7,31863.16,4.21,2682.12,198386.66
2024-04-04,Mouse,Accessories,West,4,882.74,1.69,9257.59,4820.18
2024-04-13,Printer,Office,West,10,17083.69,6.87,2673.03,234259.68
2024-08-05,Laptop,Electronics,West,1,62530.72,18.49,24673.49,39987.01
2025-10-07,Tablet,Electronics,North,10,20849.36,16.53,18858.3,99741.6
2024-07-30,Keyboard,Accessories,Central,6,1943.32,5.82,14434.19,9723.42
2025-11-30,Laptop,Electronics,Central,9,56807.67,16.83,7107.01,98761.21
2024-09-16,Tablet,Electronics,South,3,23136.08,18.45,11262.13,34608.8
2024-02-15,Tablet,Electronics,East,5,20747.0,19.17,21387.99,61623.91
2024-08-24,Monitor,Electronics,Central,2,10504.1,3.12,10785.33,20919.89
2025-10-16,Keyboard,Accessories,East,12,1923.55,2.57,4772.08,18341.11
2024-01-17,Keyboard,Accessories,North,9,1537.66,5.37,17604.78,17941.38
2024-05-20,Laptop,Electronics,South,4,52830.74,7.32,11360.73,149961.3
2025-07-15,Monitor,Electronics,North,5,13033.53,9.12,14703.44,35985.6
2025-09-23,Monitor,Electronics,East,5,12088.34,18.85,15672.97,53984.61
2025-06-18,Headphones,Accessories,South,13,3821.73,6.93,23224.97,59507.25
2025-04-30,Tablet,Electronics,South,10,23967.81,17.92,9694.83,37091.07
2025-04-17,Keyboard,Accessories,East,14,1724.55,1.26,8413.56,16571.79
2024-09-22,Smartphone,Electronics,North,7,29815.18,17.21,11483.3,127130.89
2025-04-14,Headphones,Accessories,South,2,2990.21,2.46,16129.65,9700.24
2024-06-25,Smartphone,Electronics,East,14,31436.59,3.54,14237.85,249151.36
2025-05-14,Headphones,Accessories,South,5,3392.09,19.73,15997.38,14622.76
2025-10-23,Laptop,Electronics,South,6,48078.67,1.99,2064.27,335156.0
2024-09-25,Headphones,Accessories,West,15,3791.18,1.71,22038.84,66643.14
2024-10-08,Monitor,Electronics,East,14,11314.57,12.93,22840.47,181949.22
2025-01-22,Mouse,Accessories,East,9,794.99,7.3,8678.3,8013.54
2025-08-12,Tablet,Electronics,East,4,25044.59,12.93,3527.4,85438.99
2025-12-14,Monitor,Electronics,Central,2,13742.84,2.94,24796.28,32541.61
2025-09-04,Printer,Office,North,9,16958.03,8.09,14341.27,115162.61
2025-05-28,Tablet,Electronics,North,10,22461.4,8.73,21278.42,152475.31
2025-01-12,Keyboard,Accessories,West,15,1821.28,4.39,11207.15,35630.95
2024-11-08,Keyboard,Accessories,Central,3,1537.32,10.06,15826.74,7103.45
2025-09-30,Headphones,Accessories,South,14,3570.39,19.08,21232.44,53940.07
2025-02-22,Mouse,Accessories,South,12,863.96,4.17,12052.81,13066.97
2025-08-04,Headphones,Accessories,North,10,3520.13,11.46,3367.17,26252.24
2024-07-28,Keyboard,Accessories,South,12,1716.1,9.77,13462.54,11038.62
2024-08-26,Monitor,Electronics,North,15,10330.02,3.99,21844.4,168528.6
2024-04-25,Mouse,Accessories,Central,13,961.62,4.4,5912.33,3794.55
2024-11-27,Headphones,Accessories,South,5,3159.03,13.67,22119.54,16620.81
2025-06-29,Smartphone,Electronics,North,3,30499.61,17.63,20853.99,57575.17
2024-09-12,Laptop,Electronics,South,3,55286.77,18.24,8479.48,181904.04
2024-05-07,Printer,Office,East,9,15320.93,14.86,13211.81,79782.62
2024-09-05,Tablet,Electronics,Central,8,22324.25,16.01,5172.23,43647.22
2025-04-22,Tablet,Electronics,Central,10,22567.92,9.08,6724.73,166188.75
2025-11-20,Laptop,Electronics,North,5,52192.02,6.69,4432.75,128166.49
2024-01-11,Smartphone,Electronics,West,5,27221.8,4.39,2643.35,49816.45
2025-07-18,Smartphone,Electronics,East,3,30294.83,4.66,18463.85,76698.44
2024-07-27,Tablet,Electronics,North,6,23969.11,0.48,21366.18,159075.46
2025-12-19,Monitor,Electronics,East,12,11462.29,14.99,19097.87,113634.98
2025-03-15,Mouse,Accessories,East,6,967.47,14.37,4813.95,5545.03
2025-03-05,Headphones,Accessories,East,13,3725.23,11.75,22844.82,28520.97
2025-10-30,Tablet,Electronics,North,13,22497.43,2.15,12376.99,286034.84
2025-07-11,Headphones,Accessories,North,9,3279.03,16.93,13612.2,20409.18
2025-07-07,Smartphone,Electronics,West,12,34090.28,1.53,5510.76,274606.3
2025-12-26,Tablet,Electronics,Central,3,24990.34,17.95,8993.95,61884.8
2024-09-09,Mouse,Accessories,East,6,945.07,4.6,24748.04,12529.99
2024-03-13,Monitor,Electronics,South,1,13600.25,2.19,5629.42,6890.58
2025-04-02,Smartphone,Electronics,East,8,28461.1,2.07,6378.1,167754.14
2025-10-06,Tablet,Electronics,North,14,20820.68,19.8,8366.56,239547.4
2024-07-04,Monitor,Electronics,Central,9,12573.49,13.92,19263.74,119511.71
2024-06-18,Monitor,Electronics,East,3,11826.91,11.99,12996.46,29699.94
2025-03-20,Keyboard,Accessories,North,11,1711.32,2.67,11206.37,18091.37
2024-09-10,Mouse,Accessories,North,4,990.7,19.39,7895.19,5520.45
2024-08-07,Keyboard,Accessories,East,6,2026.72,14.89,14618.56,7006.17
2024-12-21,Tablet,Electronics,East,6,22790.1,13.98,23936.7,166406.28
2025-11-04,Laptop,Electronics,East,12,49203.28,6.04,18798.5,412469.32
2024-03-31,Mouse,Accessories,North,4,947.64,17.56,10902.77,5873.51
2024-09-05,Printer,Office,East,2,12775.4,10.76,10504.37,32704.04
2025-04-23,Keyboard,Accessories,South,9,2048.49,4.04,9189.1,23355.37
2025-07-30,Monitor,Electronics,Central,1,10375.8,3.19,18335.83,13598.74
2024-08-15,Mouse,Accessories,North,1,860.21,15.05,5522.41,500.0
2024-10-30,Mouse,Accessories,West,3,860.21,4.92,8247.65,4655.56
2025-05-13,Monitor,Electronics,West,8,12194.41,3.48,10467.76,72731.72
2024-05-06,Keyboard,Accessories,West,9,1712.93,4.87,19325.83,13380.1
2025-02-01,Headphones,Accessories,East,5,3551.41,4.86,6529.65,9482.7
2024-06-01,Mouse,Accessories,South,4,1015.4,0.34,24737.58,11673.93
2025-09-04,Headphones,Accessories,South,14,3415.02,13.11,13483.52,52214.08
2024-02-21,Smartphone,Electronics,West,4,33195.55,6.2,17091.34,137494.58
2024-06-18,Smartphone,Electronics,North,10,29111.3,3.13,13797.38,248364.37
2025-06-20,Printer,Office,West,4,15603.34,3.43,4366.97,67987.01
2025-01-27,Printer,Office,East,7,14154.59,19.17,8522.87,42842.36
2024-07-04,Smartphone,Electronics,North,3,25853.68,3.58,10422.53,69231.1
2025-12-12,Laptop,Electronics,West,1,55273.99,8.92,8272.66,54616.77
2025-11-01,Laptop,Electronics,North,12,57480.88,16.39,20821.78,683842.29
2025-06-02,Laptop,Electronics,South,10,50946.52,6.43,18656.73,482109.38
2025-12-17,Headphones,Accessories,East,5,3338.0,16.54,11943.77,18355.89
2025-11-21,Mouse,Accessories,North,11,953.67,19.3,15680.59,8242.79
2025-04-07,Laptop,Electronics,North,10,49356.9,1.56,5214.87,418961.7
2024-02-18,Headphones,Accessories,East,14,3786.26,7.15,18135.96,27185.76
2025-11-30,Mouse,Accessories,West,13,929.27,2.65,24205.21,22038.92
2025-03-20,Monitor,Electronics,South,11,13065.37,0.78,14096.87,223938.51
2024-08-22,Tablet,Electronics,Central,7,21964.15,1.28,18012.03,75225.06
2025-06-20,Smartphone,Electronics,North,10,30643.64,8.51,17519.5,304209.37
2025-10-10,Headphones,Accessories,Central,7,3566.96,13.48,13768.25,25635.88
2024-06-11,Mouse,Accessories,West,12,868.77,3.86,14360.09,4089.22
2025-08-30,Headphones,Accessories,North,15,3042.8,2.05,12580.45,38927.14
2025-06-03,Smartphone,Electronics,North,11,31292.97,13.42,11305.77,238320.51
2024-12-26,Smartphone,Electronics,South,3,27162.98,19.02,20213.11,63278.97
2025-04-22,Keyboard,Accessories,West,14,2032.16,11.9,10685.75,23489.25
2025-08-13,Printer,Office,South,13,15324.15,7.68,22263.22,164884.08
2024-03-05,Tablet,Electronics,North,12,19383.32,13.36,8164.27,203491.04
2025-10-27,Laptop,Electronics,South,5,58229.79,11.55,3347.75,84545.87
2024-03-07,Keyboard,Accessories,West,15,1762.35,6.36,11522.02,26483.72
2025-08-27,Keyboard,Accessories,South,8,1589.24,15.61,24499.71,11908.1
2025-10-10,Printer,Office,Central,9,13227.17,11.55,19187.95,100005.07
2025-04-03,Mouse,Accessories,South,11,870.31,16.62,19234.55,10762.56
2024-01-03,Printer,Office,Central,5,13298.33,11.1,24013.86,45601.96
2025-01-18,Smartphone,Electronics,South,15,29740.15,16.12,11860.47,211596.07
2024-05-17,Mouse,Accessories,South,13,994.42,18.3,4757.33,8425.84
2024-02-06,Laptop,Electronics,South,2,53139.18,19.44,12552.17,94632.14
2025-04-15,Printer,Office,North,15,14021.24,14.3,24657.9,197492.47
2024-02-22,Headphones,Accessories,South,12,3668.07,5.5,14686.51,42762.4
2025-11-11,Mouse,Accessories,West,11,921.15,10.19,7798.23,8004.53
2025-05-19,Printer,Office,Central,4,16715.96,0.95,18624.87,58817.05
2024-12-02,Headphones,Accessories,Central,14,3093.26,17.59,3445.57,32100.23
2025-05-12,Monitor,Electronics,West,1,11577.8,10.61,18969.81,14758.76
2025-04-08,Monitor,Electronics,South,5,11316.09,15.3,18850.77,48263.85
2024-09-13,Laptop,Electronics,North,3,48185.61,3.74,8468.13,156847.29
2025-08-10,Printer,Office,Central,12,13863.02,3.98,7246.02,192761.77
2024-07-15,Tablet,Electronics,South,9,22188.81,1.33,15733.25,130406.59
2025-12-14,Tablet,Electronics,West,8,19467.37,14.48,14172.48,113325.0
2025-02-21,Smartphone,Electronics,East,8,28564.03,17.98,14750.32,127737.77
2024-03-12,Printer,Office,West,10,14302.21,8.25,3118.43,185811.15
2024-05-05,Smartphone,Electronics,North,2,32488.19,18.3,5469.08,35573.27
2025-09-02,Tablet,Electronics,East,10,25227.98,3.59,7041.6,222204.91
2025-01-08,Keyboard,Accessories,North,5,1841.23,8.59,10573.31,9479.77
2025-08-29,Keyboard,Accessories,South,15,1568.46,3.95,20338.46,24230.75
2024-12-23,Headphones,Accessories,South,15,3621.63,13.57,6039.81,31476.95
2024-08-25,Keyboard,Accessories,Central,7,2025.93,10.14,20694.94,14789.41
2024-03-14,Printer,Office,East,2,15750.71,13.44,10500.93,22231.74
2025-07-14,Smartphone,Electronics,Central,2,32444.87,9.51,8089.79,52899.27
2025-05-25,Printer,Office,Central,3,16327.21,5.01,24970.63,53578.73
2025-12-29,Mouse,Accessories,Central,9,980.59,7.3,11284.83,7514.07
2024-06-27,Laptop,Electronics,North,5,53743.45,12.86,4998.4,263242.11
2024-06-11,Mouse,Accessories,South,4,970.7,8.35,9727.06,4554.58
2025-06-05,Tablet,Electronics,West,8,22045.79,5.18,23885.19,93212.84
2025-05-15,Laptop,Electronics,West,3,60702.38,8.39,6612.34,108080.64
2024-07-17,Keyboard,Accessories,North,5,1720.72,0.4,19003.1,12451.99
2025-11-13,Mouse,Accessories,North,4,844.84,10.55,13246.88,5306.12
2024-03-04,Printer,Office,East,15,16031.1,19.13,9223.78,139470.18
2025-11-04,Monitor,Electronics,South,5,10448.08,10.56,6904.07,61266.19
2025-04-06,Printer,Office,West,4,15533.8,9.93,12795.79,53589.41
2025-11-03,Laptop,Electronics,West,10,62922.31,19.55,7870.89,447801.78
2024-12-04,Smartphone,Electronics,Central,8,26356.54,7.23,12833.67,223385.72
2024-08-10,Mouse,Accessories,West,13,935.32,19.94,22257.34,17242.48
2025-04-07,Keyboard,Accessories,North,4,1629.91,6.53,9308.19,3941.4
2025-09-04,Monitor,Electronics,Central,12,13614.24,14.67,9175.97,99579.47
2024-09-10,Tablet,Electronics,East,5,24175.18,1.12,24390.67,73827.98
2025-04-10,Headphones,Accessories,West,10,3845.26,11.03,5341.35,28419.06
2024-06-09,Headphones,Accessories,Central,13,3259.28,5.02,10026.77,36441.24
2025-05-09,Monitor,Electronics,East,13,11187.66,1.44,16148.04,63679.31
2025-02-11,Headphones,Accessories,North,4,3760.53,19.36,9612.51,8898.21
2025-08-01,Headphones,Accessories,East,11,3780.65,5.28,22226.5,35164.52
2025-07-15,Laptop,Electronics,Central,12,47924.77,18.24,23068.01,323830.37
2024-01-23,Mouse,Accessories,Central,11,814.22,16.44,4117.61,4688.4
2025-10-22,Mouse,Accessories,Central,12,805.58,4.27,5418.66,10006.48
2024-11-13,Monitor,Electronics,South,13,10516.32,2.78,6128.38,168670.14
2024-03-30,Tablet,Electronics,North,15,23293.32,0.64,4926.78,129178.0
2024-04-03,Laptop,Electronics,North,6,59912.13,19.93,22393.4,386683.45
2024-09-07,Tablet,Electronics,South,3,18923.56,5.08,15443.31,59355.4
2025-05-15,Tablet,Electronics,West,1,21329.9,12.86,7741.27,27016.5
2024-06-04,Monitor,Electronics,South,9,13362.89,1.77,9300.57,169379.8
2025-04-25,Smartphone,Electronics,East,9,34436.17,0.51,24914.25,314998.28
2025-01-21,Keyboard,Accessories,North,15,1586.16,12.52,19686.26,21928.31
2025-09-11,Printer,Office,Central,3,16916.28,14.59,19591.83,54367.09
2025-11-09,Smartphone,Electronics,South,7,32114.65,16.62,19528.78,270552.21
2024-02-18,Laptop,Electronics,North,15,55302.85,19.58,15394.32,640355.07
2024-11-01,Headphones,Accessories,North,9,3901.86,0.95,20292.48,37006.17
2025-01-21,Headphones,Accessories,Central,8,3267.51,0.61,5250.24,26132.58
2024-11-16,Smartphone,Electronics,South,11,26486.51,6.23,21433.84,298609.98
2024-03-31,Mouse,Accessories,East,14,862.59,5.49,7038.53,10170.8
2025-03-05,Tablet,Electronics,Central,8,23464.87,2.02,21090.38,131474.96
2024-12-06,Smartphone,Electronics,North,9,30420.33,6.73,14011.27,191184.94
2025-05-14,Monitor,Electronics,South,10,12691.61,14.42,20813.52,117798.71
2025-02-28,Mouse,Accessories,South,15,869.02,0.58,5148.73,12962.84
2025-02-27,Laptop,Electronics,North,10,59954.24,1.0,16519.26,466637.78
2025-11-02,Monitor,Electronics,Central,9,13654.07,5.25,3847.75,122570.24
2025-07-20,Keyboard,Accessories,Central,11,2000.19,5.44,4961.52,12029.54
2024-04-20,Keyboard,Accessories,North,11,1909.28,10.61,11977.89,25311.75
2024-03-16,Printer,Office,North,1,16123.51,9.58,24725.99,20396.39
2025-07-10,Keyboard,Accessories,South,9,2006.11,17.54,24254.78,19702.69
2024-01-05,Headphones,Accessories,South,2,3603.02,5.12,18210.1,8587.2
2025-06-19,Headphones,Accessories,East,5,3640.75,14.6,15246.58,19146.34
2024-06-17,Laptop,Electronics,East,9,50592.82,9.41,17437.28,222115.68
2024-04-18,Tablet,Electronics,North,11,20560.27,3.98,7115.0,109408.41
2025-07-26,Keyboard,Accessories,Central,13,1819.63,13.7,20967.68,20731.32
2024-12-17,Mouse,Accessories,West,12,869.02,14.07,11546.05,12817.16
2024-10-11,Laptop,Electronics,West,10,49362.85,4.09,12223.71,266888.72
2025-09-13,Tablet,Electronics,East,13,23005.16,14.1,23855.78,249532.67
2024-04-24,Headphones,Accessories,North,12,3137.27,2.48,9643.76,21772.44
2025-07-27,Smartphone,Electronics,South,11,32185.23,3.41,13898.89,471502.36
2025-12-04,Printer,Office,Central,2,16281.84,14.74,16491.15,31908.92
2024-02-03,Monitor,Electronics,East,15,13024.97,19.97,2203.92,99103.85
2024-05-05,Tablet,Electronics,North,4,24001.07,10.24,19084.51,103750.75
2024-08-07,Tablet,Electronics,West,1,19722.19,2.66,13527.85,22216.85
2024-12-11,Keyboard,Accessories,East,6,1672.1,1.69,2032.97,8038.28
2024-02-29,Headphones,Accessories,Central,4,3238.27,7.17,11753.2,9799.15
2024-01-25,Printer,Office,East,7,12817.18,16.18,19405.0,85400.92
2024-03-19,Mouse,Accessories,East,15,896.38,10.2,14034.33,11720.35
2025-12-15,Tablet,Electronics,Central,5,24580.79,16.18,3575.66,119771.99
2024-12-03,Tablet,Electronics,East,4,19967.61,0.07,15242.0,100771.29
2025-08-22,Printer,Office,Central,12,14794.2,5.25,3960.74,213857.02
2024-03-30,Smartphone,Electronics,North,14,34365.86,5.19,17543.05,720022.94
2025-06-25,Monitor,Electronics,West,6,11876.75,11.64,23988.18,81884.92
2025-11-18,Headphones,Accessories,North,12,3473.34,14.41,13368.56,52083.23
2025-05-17,Laptop,Electronics,Central,4,62716.06,14.29,21716.52,138077.4
2024-06-18,Monitor,Electronics,South,13,12365.36,15.39,16381.53,97934.26
2025-05-18,Headphones,Accessories,Central,7,3604.62,1.71,22174.68,21672.64
2024-12-11,Keyboard,Accessories,West,5,1580.43,6.87,18973.69,12378.6
2025-12-13,Smartphone,Electronics,East,11,31119.38,12.61,18588.08,379105.78
2024-08-24,Keyboard,Accessories,West,7,1998.18,18.98,18710.85,15890.11
2024-12-06,Headphones,Accessories,West,13,3193.4,5.05,14723.06,33154.48
2025-09-04,Mouse,Accessories,North,4,876.19,11.07,18011.99,7298.99
2024-03-23,Headphones,Accessories,Central,3,3333.88,0.04,17585.1,13705.6
2025-07-24,Headphones,Accessories,Central,4,3895.2,16.48,18355.84,15843.05
2025-09-12,Monitor,Electronics,South,8,10565.24,15.99,22619.69,49055.93
2024-09-20,Printer,Office,West,1,14439.19,11.76,24201.02,16311.03
2025-04-09,Laptop,Electronics,Central,7,57984.64,17.37,9866.68,369613.88
2025-06-15,Mouse,Accessories,East,12,793.11,4.26,6680.39,10266.18
2024-08-30,Laptop,Electronics,West,11,63216.44,5.74,5191.48,853588.81
2025-12-21,Printer,Office,West,14,16931.27,15.12,8846.27,132950.9
2025-05-23,Keyboard,Accessories,South,1,1676.27,3.01,22023.82,7551.58
2024-08-13,Mouse,Accessories,South,6,843.71,2.9,19265.85,9211.13
2025-01-18,Printer,Office,East,3,12808.07,1.85,11429.57,26952.09
2024-12-29,Headphones,Accessories,North,15,3510.88,16.26,11084.09,32471.04
2024-07-22,Printer,Office,South,11,14924.89,17.56,2293.0,184634.32
2024-06-20,Tablet,Electronics,East,15,19533.65,16.16,19993.97,267253.29
2024-07-28,Headphones,Accessories,West,1,3723.29,11.58,10443.63,7653.45
2024-02-17,Keyboard,Accessories,Central,10,1648.68,19.32,9111.78,21627.74
2024-06-02,Laptop,Electronics,South,15,48753.85,1.98,23913.09,486122.24
2025-11-15,Tablet,Electronics,East,6,20515.27,10.15,22824.35,125339.75
2025-04-26,Smartphone,Electronics,East,13,33480.87,18.33,10746.62,393822.64
2025-03-07,Keyboard,Accessories,South,1,1679.11,14.73,2834.28,2663.37
2024-09-18,Keyboard,Accessories,South,1,1708.61,18.12,9027.22,3400.23
2025-01-22,Mouse,Accessories,East,1,1000.41,19.08,17967.68,4398.07
2024-06-23,Smartphone,Electronics,West,5,26096.93,9.41,5321.75,91991.92
2024-03-31,Headphones,Accessories,East,13,3876.16,0.44,8752.47,43537.94
2025-07-12,Mouse,Accessories,West,15,863.62,12.63,24499.72,15826.82
2025-02-25,Mouse,Accessories,East,14,1023.22,0.65,12057.37,14666.92
2024-06-22,Printer,Office,Central,3,13554.95,16.5,21070.04,35931.32
2024-02-17,Printer,Office,North,14,12992.61,7.27,11816.19,143996.03
2024-04-04,Printer,Office,Central,10,13727.09,15.8,17715.98,113447.11
2024-05-10,Headphones,Accessories,North,7,3620.38,19.57,13233.93,14747.61
2025-02-24,Smartphone,Electronics,South,4,26271.95,13.24,20888.85,75111.35
2024-06-12,Mouse,Accessories,East,12,931.44,8.46,13157.53,14571.14
2024-11-09,Laptop,Electronics,West,13,59823.81,17.02,2264.45,740935.11
2025-11-09,Monitor,Electronics,Central,5,10901.45,14.55,2211.02,44333.66
2024-09-24,Monitor,Electronics,West,1,13207.42,1.87,5759.76,13672.05
2024-07-24,Smartphone,Electronics,Central,4,33809.28,6.71,3944.55,136003.18
2025-08-30,Laptop,Electronics,South,9,49168.87,11.83,9735.82,386996.9
2025-01-15,Laptop,Electronics,East,7,52307.04,17.92,13244.14,191763.48
2025-04-29,Headphones,Accessories,West,10,3178.43,5.94,8033.3,14183.14
2025-10-05,Smartphone,Electronics,West,1,31704.7,11.59,2207.08,28795.39
2024-08-14,Headphones,Accessories,West,11,3832.23,5.23,3984.12,41710.16
2025-09-06,Keyboard,Accessories,Central,1,2015.32,9.19,21653.62,5595.79
2024-05-29,Smartphone,Electronics,Central,3,26594.25,5.83,21201.91,50037.42
2025-05-04,Keyboard,Accessories,North,10,1960.54,9.4,6759.92,10088.03
2024-12-15,Headphones,Accessories,Central,9,3077.93,6.42,24594.29,30435.39
2024-08-23,Monitor,Electronics,West,9,11945.45,3.32,24090.06,76733.74
2024-07-24,Printer,Office,East,2,15591.64,18.98,4586.13,13654.35
2025-12-15,Printer,Office,North,10,14264.01,3.56,7416.37,157096.46
2024-04-28,Monitor,Electronics,Central,8,12979.83,6.34,14580.9,99809.73
2025-07-10,Laptop,Electronics,East,5,50464.1,4.32,16477.68,187762.89
2024-05-22,Printer,Office,Central,9,15401.22,17.21,23306.49,121532.86
2025-03-24,Keyboard,Accessories,South,9,2004.45,15.83,9869.98,12034.11
2025-01-28,Headphones,Accessories,West,7,3010.45,7.0,20320.73,29568.89
2024-12-19,Monitor,Electronics,Central,11,10421.1,13.99,17495.07,97555.73
2024-12-30,Printer,Office,North,10,16456.53,5.71,4899.21,87242.84
2024-07-25,Printer,Office,West,2,16340.16,13.32,24708.92,38994.44
2025-12-16,Tablet,Electronics,East,14,22394.9,8.12,11375.88,216724.09
2024-08-06,Mouse,Accessories,West,8,779.74,1.43,15915.71,12014.03
2025-09-20,Headphones,Accessories,East,6,3538.53,10.11,20799.34,13853.28
2024-12-08,Smartphone,Electronics,North,14,33216.63,9.25,24663.23,392420.71
2024-01-26,Printer,Office,North,13,13430.58,12.65,23579.86,100737.91
2025-08-23,Printer,Office,West,1,14915.63,13.58,12307.01,12820.85
2025-03-17,Monitor,Electronics,South,11,11522.31,2.01,21348.2,119128.74
2024-08-05,Laptop,Electronics,South,7,56354.58,7.75,15739.37,394275.53
2025-10-14,Printer,Office,Central,2,16888.61,0.31,2827.62,36423.5
2024-02-01,Monitor,Electronics,North,10,10730.89,6.11,12196.06,133681.37
2025-07-26,Tablet,Electronics,West,10,23951.61,3.93,10353.4,100216.44
2025-09-14,Tablet,Electronics,East,12,24783.25,1.29,10750.68,279337.36
2024-04-10,Smartphone,Electronics,North,12,28310.45,5.58,21979.63,213293.34
2025-01-11,Mouse,Accessories,South,7,983.15,3.2,11492.48,9462.24
2025-12-11,Tablet,Electronics,West,8,21406.55,11.0,2691.66,142103.79
2024-11-23,Laptop,Electronics,Central,2,61832.12,18.01,7060.23,90590.06
2024-06-10,Monitor,Electronics,Central,5,13134.86,7.36,24622.59,55113.67
2024-08-12,Laptop,Electronics,West,15,62216.8,2.91,10817.09,939539.9
2025-11-17,Keyboard,Accessories,West,6,2032.61,7.72,20892.25,14599.01
2025-10-24,Monitor,Electronics,East,5,13316.38,18.51,22975.08,42058.64
2024-03-30,Smartphone,Electronics,Central,14,30253.33,11.88,5013.86,383913.61
2025-04-18,Smartphone,Electronics,Central,7,31023.1,10.22,20949.18,207495.85
2025-06-26,Keyboard,Accessories,East,2,2023.96,15.29,2819.33,5215.58
2024-03-25,Monitor,Electronics,Central,2,,3.7,11427.95,23026.49
2024-10-28,Monitor,Electronics,West,2,12511.87,5.02,15875.75,23157.02
2025-10-10,Keyboard,Accessories,West,8,1980.35,14.1,19194.02,13400.43
2024-06-21,Keyboard,Accessories,South,3,1899.27,1.06,11738.58,8277.6
2024-05-09,Headphones,Accessories,West,14,3471.02,8.32,6864.29,39945.06
2025-04-02,Smartphone,Electronics,South,1,32996.26,13.09,10102.46,26020.97
2024-09-11,Printer,Office,Central,5,13460.31,11.83,10742.69,54282.26
2025-07-28,Tablet,Electronics,North,2,24830.02,5.26,12023.7,38482.29
2024-04-29,Tablet,Electronics,North,5,20034.14,0.64,3433.85,103367.95
2025-08-19,Mouse,Accessories,North,6,930.15,18.03,19014.66,7552.76
2024-09-29,Monitor,Electronics,North,15,10243.55,0.97,12017.33,192936.25
2024-01-31,Keyboard,Accessories,,7,1788.51,0.25,8029.01,15773.21
2024-02-12,Smartphone,Electronics,East,11,32733.97,12.75,6297.53,218797.69
2024-06-12,Keyboard,Accessories,North,9,2010.05,8.54,18991.2,13411.28
2024-11-19,Laptop,Electronics,West,4,59280.29,13.51,10584.86,244737.25
2024-08-24,Laptop,Electronics,North,13,51554.44,5.09,22683.41,722144.41
2024-07-03,Keyboard,Accessories,North,7,1689.57,9.22,19677.72,16559.35
2024-05-24,Smartphone,Electronics,East,1,30283.54,1.93,5581.7,26457.77
2025-09-05,Keyboard,Accessories,South,1,1933.75,7.42,17816.65,2507.61
2025-03-16,Headphones,Accessories,North,5,3293.05,5.3,10681.29,15073.78
2024-02-21,Printer,Office,West,1,15966.77,1.96,14998.5,14241.37
2024-09-28,Keyboard,Accessories,West,7,1764.37,8.45,6014.78,16899.9
2025-05-04,Headphones,Accessories,East,3,3269.19,6.13,3612.52,12948.23
2025-03-20,Smartphone,Electronics,West,9,30483.06,13.48,6750.6,263159.55
2025-01-08,Keyboard,Accessories,East,11,1637.6,17.35,7584.36,10439.6
2025-08-03,Mouse,Accessories,South,2,779.57,11.24,5251.22,4713.18
2024-06-28,Keyboard,Accessories,East,13,1827.97,5.86,16240.44,26582.57
2024-02-07,Tablet,Electronics,South,11,22486.29,13.46,11451.66,225115.85
2025-11-25,Smartphone,Electronics,West,2,32263.4,14.06,12626.5,42358.28
2025-07-09,Headphones,Accessories,West,12,3777.2,19.8,6357.5,31823.41
2025-12-10,Smartphone,Electronics,West,6,28923.89,13.13,7827.25,158204.75
2025-08-17,Printer,Office,South,1,16728.5,4.97,7409.71,16359.71
2025-10-30,Printer,Office,East,15,16058.62,13.94,21915.38,83285.68
2024-01-08,Tablet,Electronics,East,10,20853.98,10.69,13803.89,129063.13
2025-11-27,Mouse,Accessories,West,11,880.2,11.69,9234.52,8364.25
2024-09-27,Smartphone,Electronics,South,1,26805.57,6.22,7968.22,20886.06
2024-11-16,Printer,Office,North,13,15103.81,8.9,5734.49,192908.42
2024-12-18,Mouse,Accessories,East,1,906.38,16.77,22439.38,6264.5
2025-07-07,Tablet,Electronics,North,13,20976.69,15.57,11061.11,267022.81
2024-12-08,Headphones,Accessories,West,3,3815.26,6.03,10467.86,10978.56
2024-05-30,Keyboard,Accessories,South,12,1738.71,7.59,11730.21,16987.03
2024-06-09,Keyboard,Accessories,North,7,1651.0,7.08,21475.39,10924.32
2024-08-02,Laptop,Electronics,North,13,62840.99,13.03,13891.59,738263.37
2024-03-20,Smartphone,Electronics,East,8,26968.26,15.36,11907.81,208883.2
2024-06-01,Tablet,Electronics,North,10,23120.89,6.73,22977.56,161824.1
2024-10-04,Laptop,Electronics,North,5,58942.96,1.19,14141.11,273395.64
2025-07-24,Mouse,Accessories,South,15,830.94,7.5,22655.56,16163.07
2024-01-05,Monitor,Electronics,East,11,10907.69,10.42,17865.12,101640.9
2024-04-15,Monitor,Electronics,East,15,11593.64,0.41,15254.45,98888.23
2024-12-22,Tablet,Electronics,East,3,25082.5,17.13,20144.01,61361.38
2024-11-02,Monitor,Electronics,East,6,12773.25,6.18,17249.54,86896.75
2025-07-24,Laptop,Electronics,North,5,61080.98,16.71,9416.84,227389.29
2024-07-27,Mouse,Accessories,Central,1,820.39,11.46,13275.29,1052.43
2025-03-06,Smartphone,Electronics,Central,3,29260.05,9.04,4582.43,84479.69
2024-03-04,Printer,Office,South,5,14803.4,5.9,15214.37,104826.49
2025-09-12,Keyboard,Accessories,West,4,1870.33,9.11,9286.52,10704.03
2024-05-13,Monitor,Electronics,West,3,13168.62,12.67,14837.25,12800.01
2025-09-09,Monitor,Electronics,South,15,11865.33,5.54,22351.75,181420.33
2025-08-31,Laptop,Electronics,West,9,56285.53,17.92,2912.3,540842.9
2025-10-21,Keyboard,Accessories,West,8,2033.91,6.23,24000.64,22135.22
2025-05-01,Mouse,Accessories,East,12,992.74,19.09,18383.51,9452.39
2025-08-20,Headphones,Accessories,Central,11,3563.78,14.39,11292.15,34827.36
2024-08-20,Headphones,Accessories,Central,2,3083.77,17.26,7890.46,7320.53
2024-06-29,Laptop,Electronics,Central,4,56171.83,13.2,11011.85,130066.26
2024-05-11,Mouse,Accessories,South,11,771.03,10.64,4269.44,7825.09
2024-09-17,Printer,Office,Central,13,15950.07,14.09,16146.09,141484.69
2025-04-04,Mouse,Accessories,East,5,969.85,1.34,15716.66,5425.18
2024-08-09,Headphones,Accessories,West,13,3581.58,6.33,7352.29,40842.7
2024-03-15,Tablet,Electronics,South,12,22263.87,18.23,10107.92,110268.55
2025-04-15,Headphones,Accessories,South,5,3426.02,18.71,3506.07,5161.65
2024-01-27,Tablet,Electronics,West,9,23972.76,0.59,6286.5,163647.8
2024-11-28,Keyboard,Accessories,East,8,1724.3,10.81,5880.12,4090.59
2024-08-06,Printer,Office,North,1,15571.39,16.22,8692.44,12518.37
2025-09-23,Printer,Office,West,13,15956.82,19.48,11243.0,182107.45
2024-02-16,Monitor,Electronics,South,13,10876.89,5.52,22925.5,155868.36
2024-09-17,Tablet,Electronics,North,6,19137.32,15.18,10117.23,105116.05
2024-08-09,Monitor,Electronics,North,14,11313.94,7.06,2789.9,87434.5
2025-02-20,Printer,Office,North,14,14409.35,19.87,4094.24,81069.16
2024-12-14,Laptop,Electronics,South,6,47928.94,10.03,21071.5,358879.96
2024-09-18,Monitor,Electronics,South,14,10234.49,13.8,15044.76,62210.77
2025-10-01,Tablet,Electronics,North,5,24542.09,19.9,16499.99,9969.72
2024-11-05,Printer,Office,West,4,16330.36,14.62,9405.61,27646.43
2025-10-10,Monitor,Electronics,Central,1,13605.66,4.44,17125.19,18054.9
2024-06-16,Mouse,Accessories,East,10,804.44,9.11,5498.68,6726.68
2024-10-29,Smartphone,Electronics,East,1,31802.9,10.66,20982.25,37098.93
2024-01-07,Headphones,Accessories,North,9,3206.73,0.3,6804.87,14560.31
2025-02-04,Mouse,Accessories,North,6,931.18,17.81,16366.62,6504.12
2024-08-12,Tablet,Electronics,North,7,22366.1,0.5,6229.94,105135.91
2024-09-24,Headphones,Accessories,Central,5,3109.97,14.14,7881.84,7453.13
2024-07-20,Keyboard,Accessories,North,6,1899.45,5.43,24072.85,16568.66
2024-09-15,Headphones,Accessories,North,6,3074.57,2.81,7467.78,14986.48
2025-03-16,Mouse,Accessories,East,5,852.12,10.43,2382.71,3587.37
2024-03-01,Laptop,Electronics,West,13,48455.12,17.18,14008.54,456015.89
2025-11-06,Keyboard,Accessories,West,1,1943.72,4.24,6016.68,3918.51
2024-07-24,Monitor,Electronics,East,14,12627.83,6.5,3017.62,104416.2
2024-08-31,Printer,Office,East,7,15656.91,13.46,20332.45,85487.46
2024-04-26,Keyboard,Accessories,North,14,1812.73,8.71,20318.02,13455.41
2024-07-07,Headphones,Accessories,East,7,3220.17,12.13,2165.01,16849.1
2024-11-15,Monitor,Electronics,Central,9,12291.54,0.37,5066.88,110508.39
2025-08-27,Headphones,Accessories,Central,4,3446.13,18.78,8852.83,11323.61
2024-08-15,Tablet,Electronics,Central,14,19897.16,5.7,24142.95,247739.16
2025-09-03,Printer,Office,East,6,15660.47,9.88,15007.04,84762.4
2024-02-07,Mouse,Accessories,Central,8,776.04,8.76,5934.38,6322.9
2025-12-22,Printer,Office,North,1,15985.76,3.05,10817.29,20239.95
2024-09-04,Mouse,Accessories,North,1,771.86,9.63,18991.85,5693.03
2024-06-17,Monitor,Electronics,East,7,10724.54,0.16,24406.01,86430.78
2024-12-02,Monitor,Electronics,East,10,13218.87,6.48,20419.01,110425.61
2024-04-04,Laptop,Electronics,East,10,50467.92,13.61,11081.71,486550.92
2025-08-29,Printer,Office,West,14,13445.76,18.68,3363.27,97995.41
2024-12-03,Tablet,Electronics,East,9,21781.58,2.19,14530.77,117731.39
2025-05-26,Monitor,Electronics,North,11,11678.6,7.8,17067.51,70937.08
2025-07-05,Laptop,Electronics,West,4,48129.62,2.27,2824.84,254422.15
2024-07-11,Headphones,Accessories,North,9,3469.67,3.34,10196.61,38446.09
2024-11-28,Monitor,Electronics,East,8,13467.53,3.09,3902.99,110747.01
2025-09-17,Headphones,Accessories,South,13,3228.78,17.53,10379.58,33930.33
2025-05-22,Headphones,Accessories,North,7,3583.9,13.2,10764.43,16585.46
2025-02-23,Printer,Office,Central,5,14099.84,1.37,3526.08,38091.66
2024-07-16,Headphones,Accessories,Central,10,3013.26,12.46,18225.32,33451.69
2025-10-27,Keyboard,Accessories,East,6,1912.67,2.92,21721.09,19446.32
2024-01-17,Printer,Office,North,3,13484.08,7.94,22364.37,31674.5
2025-04-03,Smartphone,Electronics,North,13,30012.66,3.56,7000.73,429532.8
2024-02-08,Laptop,Electronics,East,14,58725.19,1.52,24997.53,916682.17
2024-07-22,Keyboard,Accessories,North,6,1930.72,9.64,16002.45,14817.4
2024-10-02,Smartphone,Electronics,West,2,30936.09,10.13,22489.73,48627.27
2024-06-22,Printer,Office,East,2,13200.56,8.69,18402.78,24271.29
2025-04-11,Printer,Office,South,8,14962.55,14.76,13390.62,130435.34
2024-01-09,Printer,Office,Central,1,13380.31,17.53,14276.86,12756.69
2024-07-10,Headphones,Accessories,Central,9,3380.51,14.38,16897.36,24096.64
2024-04-11,Headphones,Accessories,East,11,3020.33,19.81,3703.3,34137.92
2024-10-14,Tablet,Electronics,West,14,24403.64,12.52,20433.2,299891.38
2025-12-02,Laptop,Electronics,North,5,62819.42,11.97,3950.35,245628.12
2025-01-23,Tablet,Electronics,East,1,24642.24,15.8,11691.21,17809.45
2025-12-28,Laptop,Electronics,North,5,54324.54,0.8,9717.55,220680.57
2024-02-16,Keyboard,Accessories,North,10,1870.66,4.86,7078.97,21060.71
2024-11-30,Keyboard,Accessories,Central,12,1662.71,4.99,5450.56,13202.39
2024-04-09,Mouse,Accessories,South,4,1021.49,14.69,18848.26,5660.32
2024-12-04,Mouse,Accessories,East,11,794.46,7.56,7971.12,8005.36
2025-07-18,Keyboard,Accessories,North,12,2001.31,15.46,18953.46,23218.05
2024-10-20,Monitor,Electronics,Central,8,12934.29,2.4,7312.15,71900.8
2025-10-12,Monitor,Electronics,South,3,12709.96,17.46,18349.03,27850.21
2025-02-21,Monitor,Electronics,West,12,10884.07,14.53,13291.43,62190.98
2024-02-11,Laptop,Electronics,South,14,63217.34,0.16,3108.65,1011751.32
2025-06-12,Keyboard,Accessories,South,15,1547.33,7.52,16981.55,21535.8
2025-05-20,Headphones,Accessories,East,2,3234.44,14.38,22871.83,11105.91
2025-06-25,Headphones,Accessories,North,13,3146.2,18.17,4028.14,25498.92
2024-12-17,Keyboard,Accessories,West,2,1723.09,1.1,7357.0,2631.07
2024-09-08,Smartphone,Electronics,South,13,28964.22,9.3,16250.5,119145.47
2025-05-26,Monitor,Electronics,Central,8,11563.69,2.17,13858.66,77607.86
2024-08-23,Printer,Office,North,13,16302.04,10.79,9159.89,72912.14
2025-06-14,Mouse,Accessories,East,15,908.26,12.01,10408.19,13586.83
2024-04-17,Headphones,Accessories,South,12,3100.82,17.96,10878.71,38758.08
2025-10-29,Laptop,Electronics,West,7,50414.53,7.77,9787.74,330581.22
2024-02-19,Monitor,Electronics,Central,1,13753.91,4.55,16734.7,14781.06
2024-12-14,Smartphone,Electronics,Central,7,33338.12,4.88,12725.18,235379.9
2025-02-09,Headphones,Accessories,East,8,3097.91,17.46,4486.82,25170.01
2025-10-06,Printer,Office,North,1,13582.16,5.97,19244.65,12040.29
2025-10-05,Keyboard,Accessories,Central,14,1740.04,17.7,12463.08,21240.45
2024-06-05,Smartphone,Electronics,Central,1,30290.67,1.08,18982.16,36251.67
2025-11-07,Mouse,Accessories,West,10,802.12,3.75,8083.87,10402.58
2025-05-02,Keyboard,Accessories,Central,3,2065.3,8.07,16795.3,9568.77
2024-12-01,Headphones,Accessories,North,4,3767.65,19.36,23895.26,26159.96
2024-11-20,Monitor,Electronics,North,14,11728.39,5.14,13485.75,192530.46
2025-12-29,Tablet,Electronics,West,4,19213.25,15.05,19318.99,81242.38
2025-07-28,Monitor,Electronics,South,9,13526.36,7.88,16051.13,73372.57
2025-05-07,Keyboard,Accessories,South,5,1792.53,5.7,2935.46,11302.98
2024-08-05,Laptop,Electronics,West,11,57649.17,2.08,12676.5,837168.35
2024-03-13,Laptop,Electronics,East,15,52914.58,4.14,16370.3,496873.88
2025-09-27,Laptop,Electronics,South,10,54180.14,14.35,23583.5,305183.3
2024-10-07,Laptop,Electronics,South,13,49737.03,16.31,10717.51,393209.1
2025-01-08,Headphones,Accessories,Central,3,3226.16,1.69,5473.3,8344.68
2024-12-08,Laptop,Electronics,South,3,50449.08,9.04,11755.47,120920.06
2025-03-03,Keyboard,Accessories,North,9,1779.76,16.47,7124.56,15251.8
2025-04-19,Monitor,Electronics,East,5,10596.55,3.1,9329.06,30401.03
2025-01-07,Laptop,Electronics,Central,11,51605.02,17.74,22169.18,334356.09
2025-12-25,Headphones,Accessories,North,3,3820.05,13.48,3631.57,9879.31
2024-11-29,Printer,Office,North,15,15330.52,11.5,13145.53,167851.71
2025-04-21,Printer,Office,Central,7,13999.28,15.95,10270.26,79081.0
2024-05-29,Smartphone,Electronics,South,15,31035.13,14.11,8077.98,297377.51
2025-09-23,Laptop,Electronics,North,13,56180.18,19.95,12582.38,323825.74
2025-12-15,Smartphone,Electronics,South,10,29358.09,2.18,21463.66,283352.08
2024-10-18,Laptop,Electronics,West,11,62816.72,7.03,8308.45,661302.78
2025-07-13,Smartphone,Electronics,North,6,34476.39,17.69,15307.77,243603.6
2025-07-07,Printer,Office,Central,12,14588.0,18.0,2100.29,188959.78
2024-04-07,Monitor,Electronics,West,6,11675.09,11.19,9315.76,62584.17
2025-07-29,Monitor,Electronics,North,13,11412.58,14.21,5418.42,138362.34
2025-01-20,Monitor,Electronics,Central,7,13179.46,5.22,9127.75,53986.94
2024-10-05,Laptop,Electronics,Central,5,57085.04,19.39,5873.52,198259.0
2025-09-15,Smartphone,Electronics,Central,8,31616.78,8.91,24302.17,172066.29
2024-11-12,Tablet,Electronics,North,8,25289.14,11.16,22057.23,103289.46
2024-05-28,Tablet,Electronics,Central,14,21431.8,17.82,8510.76,147603.01
2024-03-22,Keyboard,Accessories,North,5,1846.25,11.5,8932.16,9059.27
2025-05-20,Headphones,Accessories,Central,14,3209.63,8.03,6582.21,49626.73
2024-06-25,Keyboard,Accessories,East,11,1953.15,12.9,17014.81,11542.78
2025-02-19,Smartphone,Electronics,East,15,34268.82,15.85,19480.82,349136.61
2025-09-17,Tablet,Electronics,South,14,20705.79,0.69,18163.12,161655.38
2025-01-17,Mouse,Accessories,North,3,961.1,6.86,14204.46,2812.21
2024-08-08,Mouse,Accessories,North,3,1025.81,6.53,23847.76,8632.14
2024-09-11,Keyboard,Accessories,East,10,1834.76,4.86,17824.94,21242.02
2024-02-05,Keyboard,Accessories,North,9,1802.06,14.28,7719.38,11442.59
2024-06-18,Keyboard,Accessories,West,3,1633.03,14.83,14262.23,4492.85
2024-12-08,Laptop,Electronics,North,7,63058.24,14.87,11052.71,238844.4
2024-02-08,Headphones,Accessories,Central,11,3623.09,8.93,21603.43,42825.93
2024-12-12,Headphones,Accessories,West,1,3331.28,11.88,23158.5,10139.06
2024-06-11,Mouse,Accessories,Central,5,854.36,5.95,14478.72,7733.86
2024-01-10,Laptop,Electronics,South,2,58039.95,5.1,4197.32,108387.02
2025-01-14,Tablet,Electronics,East,6,21253.84,14.66,12327.13,42626.42
2024-11-13,Smartphone,Electronics,East,14,26754.58,4.38,2079.26,172198.73
2025-09-24,Headphones,Accessories,North,2,3876.33,8.45,24535.59,10951.51
2025-03-16,Headphones,Accessories,South,14,3793.27,12.43,5141.04,53960.18
2025-03-25,Mouse,Accessories,West,14,833.3,16.31,6187.55,11692.07
2024-09-30,Monitor,Electronics,South,1,11198.6,6.02,7905.11,9200.36
2025-02-15,Keyboard,Accessories,South,7,1533.51,4.11,17428.34,16723.73
2025-06-03,Smartphone,Electronics,North,5,29662.2,13.4,10536.52,79241.95
2025-09-01,Laptop,Electronics,West,14,54727.09,11.12,5111.89,618296.24
2024-08-31,Headphones,Accessories,East,7,3472.93,3.93,24398.33,35929.1
2024-06-29,Printer,Office,South,1,14490.22,19.8,21952.8,18688.59
2024-01-16,Headphones,Accessories,East,5,3702.78,0.53,2987.53,13093.66
2025-01-21,Tablet,Electronics,North,13,23925.04,10.53,10659.27,320948.9
2024-02-09,Printer,Office,North,2,14316.57,16.71,2821.99,16082.0
2024-03-15,Printer,Office,North,14,14516.65,10.04,17377.53,64170.08
2025-08-03,Laptop,Electronics,South,7,50326.72,14.52,17867.29,49116.27
2025-12-22,Headphones,Accessories,West,12,3107.19,2.36,13885.68,31794.28
2025-06-21,Laptop,Electronics,West,1,52432.86,11.07,6428.0,54337.11
2024-05-06,Laptop,Electronics,Central,1,47989.62,2.43,10364.16,43731.46
2024-12-22,Tablet,Electronics,Central,5,22924.23,0.45,11565.47,70045.67
2024-05-12,Mouse,Accessories,North,9,948.13,9.65,7191.81,9903.56
2024-11-05,Laptop,Electronics,East,12,58405.77,16.77,16953.26,565178.76
2025-07-23,Headphones,Accessories,West,8,3339.53,1.04,9222.43,26075.68
2024-08-25,Laptop,Electronics,North,1,60224.27,16.33,5037.81,50866.89
2025-02-24,Headphones,Accessories,South,12,3730.29,9.53,21244.96,33472.31
2024-08-10,Laptop,Electronics,South,11,46772.54,7.32,23417.52,524517.54
2024-05-01,Headphones,Accessories,West,14,3292.54,19.51,17579.63,27958.04
2024-02-22,Laptop,Electronics,West,3,47471.47,4.97,15126.91,166621.32
2024-01-21,Mouse,Accessories,South,15,901.03,7.38,20618.46,17004.91
2024-02-13,Printer,Office,West,8,14294.37,11.68,17574.75,69567.86
2024-08-15,Smartphone,Electronics,Central,5,33659.9,14.49,17303.69,92533.54
2024-05-26,Laptop,Electronics,North,14,61652.97,14.33,4050.14,353610.14
2024-02-25,Headphones,Accessories,South,7,3028.07,3.13,5003.49,12656.22
2024-05-17,Monitor,Electronics,North,2,13741.83,13.57,9286.19,21855.54
2024-10-07,Monitor,Electronics,South,1,12424.05,18.71,7737.38,13262.54
2025-07-02,Printer,Office,South,15,17075.96,0.63,15827.55,218004.94
2024-04-21,Smartphone,Electronics,North,11,33044.7,16.03,20665.85,197251.08
2025-07-23,Laptop,Electronics,East,15,48293.01,15.1,11976.73,401584.99
2024-10-01,Smartphone,Electronics,South,8,34276.61,14.87,11536.95,273724.53
2025-01-07,Laptop,Electronics,Central,15,63115.64,0.73,7711.33,875068.55
2024-11-23,Headphones,Accessories,East,3,3150.05,2.34,3631.01,9735.2
2024-11-17,Keyboard,Accessories,West,4,1695.76,5.38,22897.65,12547.81
2024-05-11,Mouse,Accessories,East,15,776.44,19.31,5148.21,7038.0
2025-08-07,Keyboard,Accessories,Central,5,1555.57,1.99,12560.98,8915.1
2025-08-03,Laptop,Electronics,East,12,63208.6,5.78,11882.11,1046993.86
2024-07-23,Laptop,Electronics,North,5,50593.8,1.13,17104.41,118502.64
2025-09-22,Laptop,Electronics,East,2,52219.84,18.76,12024.05,70083.74
2025-11-26,Tablet,Electronics,Central,15,23545.37,6.71,3138.0,306488.05
2025-10-03,Keyboard,Accessories,Central,15,2069.88,3.19,10157.24,22066.45
2025-11-05,Tablet,Electronics,West,13,23545.37,6.24,11767.76,407930.65
2024-08-08,Monitor,Electronics,South,6,10322.46,1.88,12614.4,73708.51
2024-06-22,Tablet,Electronics,West,14,20451.68,0.38,22758.02,316708.4
2025-10-20,Printer,Office,West,6,17082.9,5.32,19699.5,120970.9
2025-07-20,Tablet,Electronics,North,11,22931.04,19.58,8101.78,102883.08
2025-07-20,Monitor,Electronics,Central,9,10232.51,5.07,13135.2,113644.83
2025-05-17,Monitor,Electronics,North,5,10256.66,5.69,3129.04,40175.58
2024-01-16,Keyboard,Accessories,South,13,1724.94,3.59,13458.87,24248.77
2025-06-26,Printer,Office,East,11,14316.71,4.88,8338.71,117147.77
2024-12-03,Mouse,Accessories,West,6,864.0,10.06,3601.64,4824.0
2024-09-29,Headphones,Accessories,East,7,3064.01,5.03,10649.99,29319.8
2024-01-09,Tablet,Electronics,South,5,21549.76,16.14,8892.91,101279.59
2024-01-12,Headphones,Accessories,East,1,3217.51,4.5,20889.33,8016.11
2024-04-26,Monitor,Electronics,East,15,13248.48,9.7,6555.83,176318.17
2024-02-23,Tablet,Electronics,South,12,20424.19,14.2,6301.8,172903.51
2025-12-18,Printer,Office,North,1,14006.39,5.79,11792.98,15966.16
2024-04-24,Laptop,Electronics,South,2,59124.72,13.3,14268.37,67863.37
2024-11-01,Keyboard,Accessories,West,13,1536.93,12.25,18273.35,22079.88
2024-10-13,Laptop,Electronics,North,3,50321.59,18.04,9516.86,157937.71
2024-10-21,Printer,Office,West,10,13935.31,0.77,7628.89,106861.14
2025-01-15,Mouse,Accessories,North,13,989.18,5.56,3533.31,15418.59
2025-08-23,Smartphone,Electronics,East,9,31449.33,0.4,18999.37,252609.73
2025-10-28,Laptop,Electronics,Central,11,54718.62,9.9,22858.94,310787.02
2025-04-09,Headphones,Accessories,South,10,3998.42,14.96,8157.34,57073.09
2024-01-18,Monitor,Electronics,North,2,10837.72,18.95,18420.67,24540.66
2025-09-09,Printer,Office,South,4,16529.59,15.42,22917.83,69587.01
2024-12-12,Headphones,Accessories,North,13,3290.18,16.17,24926.74,33615.89
2025-06-16,Laptop,Electronics,East,10,55657.05,10.86,2176.43,512273.72
2024-05-12,Tablet,Electronics,Central,13,23764.56,10.83,4944.37,105502.66
2024-01-19,Monitor,Electronics,North,1,12238.5,12.32,20620.37,15161.08
2024-12-04,Tablet,Electronics,East,7,24529.01,3.48,16326.15,154818.54
2024-08-19,Laptop,Electronics,Central,13,50182.55,6.35,18855.43,592089.97
2024-07-02,Tablet,Electronics,North,3,24765.34,6.55,5827.66,46730.09
2025-09-26,Headphones,Accessories,North,5,3606.88,17.73,8253.34,21937.05
2025-05-23,Monitor,Electronics,West,12,11293.54,8.81,7815.08,126261.37
2025-05-28,Headphones,Accessories,Central,7,3811.02,18.32,12004.75,25018.09
2024-06-21,Mouse,Accessories,East,1,887.36,11.83,16815.47,3700.85
2025-07-11,Printer,Office,East,4,15457.66,0.72,2553.54,47875.71
2025-12-07,Keyboard,Accessories,Central,2,1933.56,3.82,19236.65,8780.22
2024-12-07,Monitor,Electronics,North,5,11482.22,7.06,2402.4,57259.76
2024-11-03,Tablet,Electronics,West,8,19005.42,12.9,5739.94,138843.82
2024-03-05,Laptop,Electronics,East,7,61117.9,16.06,7638.52,182099.26
2025-05-06,Smartphone,Electronics,West,14,32042.47,8.22,21769.87,295033.2
2025-04-30,Mouse,Accessories,South,2,923.46,12.67,5191.0,3288.22
2024-05-15,Tablet,Electronics,South,10,24690.95,13.66,4567.64,260792.3
2025-08-30,Mouse,Accessories,North,3,858.11,4.62,23788.93,6720.31
2025-03-07,Monitor,Electronics,North,10,13478.17,18.47,9052.91,122413.27
2025-11-28,Keyboard,Accessories,West,15,1828.37,6.76,3851.85,32896.24
2024-07-25,Smartphone,Electronics,Central,10,29022.66,0.48,16695.75,308647.75
2025-05-21,Mouse,Accessories,Central,8,1011.98,3.19,5489.18,9154.01
2025-09-18,Smartphone,Electronics,East,12,31875.19,4.31,20639.83,309092.78
2024-08-08,Headphones,Accessories,South,14,3432.31,16.66,4470.16,43789.11
2024-06-28,Printer,Office,North,10,16208.99,4.11,4112.17,108237.8
2025-06-10,Keyboard,Accessories,West,7,1993.3,14.88,4834.67,5176.51
2025-02-25,Printer,Office,West,5,13219.64,6.93,16239.68,49243.58
2025-09-15,Headphones,Accessories,North,2,3255.94,6.44,8094.83,4898.44
2024-11-10,Laptop,Electronics,South,4,61386.5,14.49,11603.94,246001.95
2025-10-13,Keyboard,Accessories,South,13,1535.88,11.14,16267.77,23182.89
2024-02-17,Keyboard,Accessories,South,4,1543.76,9.81,18731.02,9469.99
2025-04-13,Laptop,Electronics,South,5,61860.1,6.08,17804.99,305512.78
2025-11-05,Printer,Office,East,13,14277.58,8.48,22631.06,112624.98
2024-10-05,Monitor,Electronics,South,9,11825.0,8.2,11875.83,129957.52
2025-12-11,Mouse,Accessories,South,7,837.72,17.93,24302.22,9624.83
2025-03-19,Tablet,Electronics,East,6,19808.02,12.1,5876.87,107070.63
2024-08-06,Tablet,Electronics,North,8,24637.0,17.57,15495.31,187817.4
2024-08-07,Keyboard,Accessories,South,12,1685.11,2.67,2274.58,18398.01
2024-05-26,Headphones,Accessories,South,2,3921.33,17.02,11373.49,11952.05
2024-12-27,Headphones,Accessories,South,2,3537.17,0.57,17644.9,13580.87
2025-04-22,Monitor,Electronics,North,11,12588.88,6.97,24109.85,110934.6
2025-06-19,Printer,Office,East,8,17198.19,8.0,22400.68,148333.69
2024-08-02,Keyboard,Accessories,Central,14,1629.79,14.24,12289.47,25431.98
2024-06-27,Keyboard,Accessories,West,3,2063.95,9.6,16406.38,9854.52
2025-08-21,Laptop,Electronics,North,2,48062.03,12.76,9882.88,94450.24
2025-05-27,Monitor,Electronics,Central,5,12313.6,14.86,5514.11,64652.66
2025-07-09,Smartphone,Electronics,North,10,27409.78,11.44,15682.17,190955.63
2024-06-26,Keyboard,Accessories,East,13,1919.45,1.45,14785.04,30099.38
2025-08-04,Keyboard,Accessories,North,11,1913.55,19.22,3771.74,9286.68
2025-05-26,Monitor,Electronics,North,6,10708.27,14.66,5499.93,29965.81
2024-03-02,Smartphone,Electronics,South,9,33766.88,5.81,24469.33,223527.06
2025-05-15,Smartphone,Electronics,West,6,26347.18,14.46,23329.91,118657.15
2024-01-01,Monitor,Electronics,Central,5,13278.04,17.5,24481.91,50724.94
2024-05-16,Laptop,Electronics,South,13,62295.03,12.92,18371.19,281399.9
2024-09-03,Keyboard,Accessories,South,5,2010.95,4.69,5059.09,13110.55
2024-03-05,Tablet,Electronics,Central,6,21086.75,16.02,7663.45,125585.05
2024-07-10,Monitor,Electronics,West,11,10304.61,5.06,21941.73,106900.51
2024-04-09,Smartphone,Electronics,Central,1,27399.12,5.23,6584.83,21796.17
2025-10-29,Printer,Office,East,9,16102.16,5.64,23840.68,149988.23
2025-11-04,Laptop,Electronics,North,1,58880.42,9.29,15208.46,51060.49
2024-11-03,Smartphone,Electronics,East,1,28409.06,6.95,9206.47,42275.13
2025-04-21,Printer,Office,West,5,15281.14,19.4,16775.75,30689.69
2025-11-08,Headphones,Accessories,Central,9,3223.54,8.63,17389.78,30694.53
2025-03-25,Smartphone,Electronics,Central,6,31942.43,19.21,15490.85,116235.1
2025-01-03,Printer,Office,North,11,16965.71,15.36,17917.73,209313.81
2025-10-26,Smartphone,Electronics,East,4,28418.45,8.99,12329.25,119182.52
2025-08-13,Printer,Office,North,11,13010.97,18.76,24874.51,67590.09
2024-11-19,Smartphone,Electronics,North,15,30648.89,1.99,8753.08,445275.27
2025-11-06,Tablet,Electronics,South,13,22009.26,10.75,12576.45,288103.39
2025-04-29,Smartphone,Electronics,South,8,28155.07,15.66,11359.5,93957.81
2025-01-21,Monitor,Electronics,East,15,10902.1,12.32,2568.43,120567.09
2024-01-29,Mouse,Accessories,North,3,1008.77,11.6,20602.93,8322.28
2024-08-03,Printer,Office,North,4,16419.09,5.13,11013.56,48302.97
2024-11-09,Printer,Office,West,13,14244.94,10.2,16286.09,162745.92
2024-06-25,Headphones,Accessories,North,6,3354.51,0.84,6086.09,15138.21
2025-01-13,Mouse,Accessories,East,12,843.5,4.57,21723.57,8828.47
2024-08-29,Tablet,Electronics,South,4,20210.16,8.99,11215.97,65995.95
2025-01-29,Headphones,Accessories,Central,10,3506.41,13.26,10447.76,25900.35
2025-06-30,Mouse,Accessories,Central,10,987.26,10.6,18951.43,11860.82
2025-09-15,Keyboard,Accessories,North,6,1999.6,10.54,19458.27,9587.55
2024-11-20,Monitor,Electronics,West,5,10731.12,5.33,19210.33,48425.27
2024-11-20,Tablet,Electronics,East,15,20089.85,11.89,19591.26,237694.2
2024-09-28,Laptop,Electronics,West,13,56198.79,8.99,2536.41,1021453.6
2024-06-14,Smartphone,Electronics,Central,6,28705.06,16.25,14568.74,253582.76
2024-08-01,Monitor,Electronics,South,2,12868.68,5.49,20565.29,33529.91
2024-02-10,Laptop,Electronics,East,7,47282.85,3.37,14511.39,203364.2
2024-11-21,Mouse,Accessories,South,7,784.47,8.93,11441.43,6325.1
2025-02-14,Laptop,Electronics,East,14,54314.44,15.83,8909.43,351797.77
2025-12-17,Mouse,Accessories,East,7,915.96,0.31,24346.17,12614.87
2024-07-09,Mouse,Accessories,Central,6,1008.0,12.03,11799.3,6762.32
2025-01-03,Smartphone,Electronics,South,8,32009.48,10.37,11389.4,143573.7
2024-02-02,Keyboard,Accessories,South,7,2048.32,16.68,16535.02,15348.79
2024-10-25,Printer,Office,Central,12,16248.12,11.77,3380.5,159656.43
2024-10-09,Laptop,Electronics,West,10,49641.92,10.17,6765.17,414026.0
2024-03-24,Smartphone,Electronics,East,14,33699.19,9.54,7165.08,203447.28
2024-06-29,Laptop,Electronics,Central,13,52247.47,13.41,3540.4,324114.05
2025-10-25,Headphones,Accessories,South,6,3839.23,18.77,9115.44,24346.98
2025-06-13,Printer,Office,South,6,12825.5,12.28,13812.6,74934.35
2024-07-13,Headphones,Accessories,East,11,3285.74,11.48,23395.18,41685.89
2024-12-28,Mouse,Accessories,East,14,840.28,17.74,14686.52,10607.17
2024-03-02,Printer,Office,North,10,14124.26,17.01,10077.77,121706.67
2024-10-24,Smartphone,Electronics,Central,11,32398.35,16.69,9677.1,292870.4
2024-06-10,Keyboard,Accessories,Central,12,1810.97,16.12,9323.92,25217.74
2024-02-07,Keyboard,Accessories,North,4,1719.4,7.1,21789.91,9962.69
2024-02-13,Headphones,Accessories,North,12,3563.72,14.21,7416.9,16102.2
2025-04-01,Tablet,Electronics,West,15,20886.1,17.88,5336.0,197642.01
2024-02-26,Tablet,Electronics,North,13,20276.42,0.28,16726.0,222621.88
2025-04-28,Laptop,Electronics,North,5,58925.35,1.6,4050.92,313054.86
2025-03-27,Laptop,Electronics,East,9,46973.9,8.08,16151.19,368107.58
2025-06-23,Printer,Office,West,9,15936.68,11.23,16176.74,181333.83
2024-11-24,Tablet,Electronics,South,6,22047.47,15.16,5772.5,144807.19
2025-09-25,Printer,Office,North,4,15121.12,7.81,20820.15,60603.86
2025-05-29,Mouse,Accessories,East,4,1019.66,1.13,19797.99,8344.18
2024-10-09,Keyboard,Accessories,South,15,1707.79,18.8,22292.586000000003,16018.04
2025-12-05,Printer,Office,North,8,15992.11,11.84,4473.56,72784.04
2024-08-16,Smartphone,Electronics,West,9,28153.71,3.72,17973.03,250559.84
2025-01-06,Headphones,Accessories,Central,1,3393.38,9.17,11871.99,6211.88
2024-07-23,Tablet,Electronics,North,15,24754.88,3.68,8816.45,504063.19
2024-04-13,Laptop,Electronics,West,2,49734.27,11.6,14672.89,71700.32
2025-05-12,Smartphone,Electronics,Central,5,28257.95,7.71,7637.9,116508.51
2025-01-05,Keyboard,Accessories,North,6,1943.71,9.93,18025.04,14334.77
2024-01-31,Monitor,Electronics,North,11,10839.61,1.92,11947.06,80259.73
2025-07-30,Tablet,Electronics,South,13,22669.68,10.21,14417.95,210934.36
2024-07-07,Laptop,Electronics,Central,15,48408.77,2.07,6170.2,659352.17
2024-03-06,Keyboard,Accessories,South,6,2016.2,8.33,18478.99,17495.38
2025-12-07,Tablet,Electronics,North,7,19772.41,11.88,3145.68,170040.37
2025-12-26,Smartphone,Electronics,North,9,26032.0,18.9,7719.35,196402.04
2024-09-22,Mouse,Accessories,Central,15,847.25,3.87,21147.78,15822.74
2024-05-19,Smartphone,Electronics,Central,9,25640.24,10.78,13270.98,187284.66
2024-09-18,Mouse,Accessories,East,8,927.75,16.03,13973.8,9150.76
2024-10-26,Headphones,Accessories,East,5,3903.2,11.91,15758.64,13670.24
2024-04-05,Keyboard,Accessories,North,9,1844.87,18.08,18434.46,19633.07
2025-06-26,Printer,Office,Central,3,15765.9,8.05,7561.73,34152.94
2025-07-17,Printer,Office,West,15,14934.61,7.42,19138.26,147060.64
2024-10-19,Printer,Office,West,2,13833.34,12.42,22024.54,33235.47
2024-09-14,Printer,Office,Central,6,13400.82,3.25,6868.43,69057.0
2025-03-15,Printer,Office,North,12,17043.09,17.88,22198.16,153256.52
2025-05-26,Smartphone,Electronics,Central,11,31555.2,15.04,5628.1,248112.41
2024-11-05,Headphones,Accessories,East,1,3819.77,2.85,13627.56,7335.64
2024-03-01,Printer,Office,Central,13,14893.0,4.88,24177.06,138775.46
2024-09-16,Mouse,Accessories,East,1,1001.76,7.79,15437.03,5875.7
2025-04-18,Keyboard,Accessories,South,1,1835.69,5.3,13192.19,2582.57
2025-01-31,Tablet,Electronics,Central,13,19007.36,2.61,3127.72,214396.91
2025-08-18,Mouse,Accessories,Central,1,916.4,8.37,7038.82,500.0
2025-01-19,Tablet,Electronics,North,1,25228.39,4.84,4797.24,16620.91
2025-09-22,Mouse,Accessories,North,8,852.18,3.23,13237.48,8297.06
2025-12-10,Mouse,Accessories,East,7,821.73,0.41,2905.27,6502.54
2025-06-25,Laptop,Electronics,North,1,59353.65,5.67,9747.77,69316.3
2024-10-21,Laptop,Electronics,North,5,52931.46,5.5,22495.68,335005.5
2025-07-10,Laptop,Electronics,Central,13,53683.89,4.73,9695.29,750600.18
2025-06-04,Printer,Office,West,13,15123.2,7.27,19556.81,204135.45
2025-05-07,Laptop,Electronics,South,14,56930.14,18.01,20568.75,599426.94
2025-12-02,Mouse,Accessories,East,10,797.09,5.74,21488.87,11805.01
2025-06-06,Laptop,Electronics,Central,3,48544.68,12.26,12099.4,140716.34
2024-03-03,Laptop,Electronics,East,9,49912.89,8.54,21163.45,324058.07
2025-03-03,Smartphone,Electronics,West,3,25715.9,6.68,5860.12,62463.43
2025-07-23,Mouse,Accessories,Central,6,836.77,2.56,24628.09,9472.87
2024-07-18,Tablet,Electronics,East,15,22607.36,18.82,6290.0,271850.13
2025-06-09,Laptop,Electronics,East,2,57810.05,15.0,5846.38,42529.88
2025-02-20,Laptop,Electronics,North,1,51085.42,10.46,23397.06,42194.73
2024-06-20,Mouse,Accessories,Central,13,766.84,3.66,8442.59,12507.41
2025-05-02,Smartphone,Electronics,Central,6,30291.46,11.3,16579.77,153099.2
2024-08-03,Mouse,Accessories,East,3,811.22,1.47,16967.79,7264.41
2025-07-29,Tablet,Electronics,East,9,20398.63,13.56,2964.53,152035.52
2025-06-14,Printer,Office,West,11,13060.09,2.01,10652.18,116703.46
2024-01-15,Smartphone,Electronics,Central,1,27856.03,1.77,19802.48,25614.4
2025-06-23,Laptop,Electronics,South,3,57275.38,9.74,23661.48,131752.31
2025-07-03,Monitor,Electronics,South,5,13313.01,14.52,23258.25,70912.63
2024-07-03,Mouse,Accessories,North,13,942.41,8.49,18165.47,14326.81
2025-07-19,Smartphone,Electronics,Central,3,26598.09,1.75,20261.89,40325.77
2025-04-03,Mouse,Accessories,East,3,776.09,4.0,2403.59,1949.36
2025-03-06,Keyboard,Accessories,North,13,1848.54,9.06,5339.87,16818.16
2025-03-23,Smartphone,Electronics,South,5,34340.0,4.84,13478.92,212356.54
2025-02-04,Monitor,Electronics,East,8,11609.4,18.32,5200.56,37727.88
2025-04-27,Mouse,Accessories,Central,15,971.13,14.36,20855.24,18564.12
2025-11-16,Laptop,Electronics,East,10,58718.01,0.36,8161.11,478932.14
2025-03-10,Monitor,Electronics,North,11,11986.27,16.75,11214.05,51052.44
2024-08-27,Smartphone,Electronics,Central,6,31378.65,0.77,3552.53,154336.81
2025-10-20,Laptop,Electronics,South,2,54035.02,17.81,8099.31,81571.01
2024-01-01,Mouse,Accessories,East,2,802.23,10.76,16176.51,6909.59
2024-08-18,Headphones,Accessories,South,5,2983.95,16.13,7355.87,17824.32
2025-10-08,Keyboard,Accessories,South,8,1750.37,17.47,13177.3,11259.98
2025-08-24,Printer,Office,North,1,15257.79,2.52,16954.12,14404.76
2024-07-17,Headphones,Accessories,North,7,3976.06,2.55,23592.31,36204.81
2025-10-16,Keyboard,Accessories,South,3,1870.02,17.71,21677.64,9956.93
2024-10-31,Smartphone,Electronics,Central,13,30997.37,17.85,18005.0,254749.95
2024-11-22,Headphones,Accessories,North,13,3938.58,12.7,14279.98,38296.28
2024-10-24,Monitor,Electronics,West,7,11156.66,5.97,24183.85,88482.8
2024-11-20,Keyboard,Accessories,East,9,1930.51,5.82,11320.91,20933.03
2024-02-27,Printer,Office,South,14,15276.4,14.54,22148.9,194465.17
2025-09-07,Tablet,Electronics,South,6,19805.72,4.11,12214.65,114070.01
2024-06-04,Keyboard,Accessories,South,10,1908.33,6.08,13476.56,20367.69
2024-12-11,Headphones,Accessories,North,3,3290.33,6.75,21967.37,16218.47
2024-11-10,Tablet,Electronics,South,1,22673.8,13.07,11981.53,15197.77
2024-04-29,Headphones,Accessories,Central,1,3808.7,12.49,2739.01,3189.63
2024-09-21,Mouse,Accessories,West,8,928.41,19.87,9463.61,7279.32
2025-06-05,Mouse,Accessories,North,13,990.17,11.73,4362.64,15202.63
2024-08-14,Mouse,Accessories,North,5,993.51,10.31,7093.78,4475.96
2025-11-11,Laptop,Electronics,West,11,57859.42,16.29,14379.07,534096.95
2024-04-29,Laptop,Electronics,North,11,47900.93,9.8,8102.51,485042.17
2024-08-17,Keyboard,Accessories,West,10,1787.24,4.5,12440.62,13902.1
2025-04-10,Keyboard,Accessories,West,3,1537.74,1.83,3217.98,4149.23
2024-09-19,Mouse,Accessories,West,2,858.24,15.06,15071.99,6776.66
2025-09-18,Headphones,Accessories,East,15,3722.98,9.95,4606.68,30525.27
2024-02-25,Keyboard,Accessories,South,5,1586.13,5.05,5778.73,8024.14
2025-09-23,Printer,Office,West,7,14454.64,0.78,19079.64,86570.78
2025-07-13,Headphones,Accessories,South,12,3329.29,8.65,23428.66,49249.54
2024-12-01,Tablet,Electronics,Central,9,20236.84,6.95,23932.88,131710.63
2025-05-27,Monitor,Electronics,West,15,12334.12,15.84,9865.52,94755.73
2025-11-14,Laptop,Electronics,East,9,50007.57,5.28,17324.01,371850.33
2024-09-16,Keyboard,Accessories,East,1,1920.54,17.68,9425.14,3395.96
2025-08-25,Headphones,Accessories,West,12,3489.41,5.61,9795.29,38292.81
2024-12-22,Keyboard,Accessories,North,12,1866.47,15.36,20684.17,26754.18
2024-12-07,Smartphone,Electronics,Central,1,31094.36,7.0,21218.22,35479.77
2024-05-06,Headphones,Accessories,West,4,3720.3,14.56,4529.52,16301.39
2025-03-17,Tablet,Electronics,North,13,20360.11,3.38,7532.37,201835.76
2025-04-07,Smartphone,Electronics,South,3,31920.77,9.95,3729.8,93420.81
2024-03-21,Laptop,Electronics,North,4,52662.47,12.95,11426.46,14903.54
2024-06-18,Headphones,Accessories,Central,7,3892.88,12.45,14235.37,22348.32
2024-06-26,Keyboard,Accessories,North,12,1708.27,17.3,10193.32,20129.33
2025-09-10,Printer,Office,South,7,14221.4,4.05,4307.23,60426.99
2025-06-10,Smartphone,Electronics,West,15,32496.08,8.61,6042.77,632273.69
2024-01-08,Keyboard,Accessories,South,1,2043.56,4.74,4198.66,2630.06
2025-06-13,Printer,Office,South,5,15160.34,19.98,20314.5,81829.85
2024-04-12,Smartphone,Electronics,East,2,26620.48,11.47,11110.81,41443.48
2024-04-05,Mouse,Accessories,North,15,861.4,0.14,15655.01,11778.92
2025-06-02,Smartphone,Electronics,East,6,34216.73,2.21,14476.16,73265.84
2025-08-22,Smartphone,Electronics,West,10,28479.14,11.4,14685.25,272148.55
2025-07-08,Smartphone,Electronics,Central,14,25775.72,16.65,10453.23,242199.53
2024-04-19,Laptop,Electronics,North,11,48567.24,1.83,22327.31,701012.72
2024-07-31,Monitor,Electronics,South,3,13127.06,6.37,19681.41,29433.99
2025-11-27,Tablet,Electronics,East,12,24236.84,0.54,24736.8,245701.5
2025-10-09,Mouse,Accessories,North,15,876.1,17.45,10368.03,9595.42
2024-10-19,Tablet,Electronics,West,1,19485.58,16.39,8179.53,14672.57
2024-05-06,Monitor,Electronics,South,8,11344.67,12.17,15343.95,54698.92
2024-04-19,Smartphone,Electronics,North,15,32425.9,9.41,11631.35,308158.78
2024-08-28,Laptop,Electronics,East,11,50097.95,8.03,6994.78,568195.18
2024-01-14,Smartphone,Electronics,South,7,32614.98,12.53,18188.61,184057.03
2025-03-11,Keyboard,Accessories,West,7,1717.08,10.37,17645.67,16674.71
2025-03-29,Monitor,Electronics,Central,7,11385.43,6.16,11947.04,51287.82
2024-12-21,Keyboard,Accessories,East,10,1845.32,2.9,2505.32,11648.1
2025-01-19,Headphones,Accessories,South,4,3690.19,3.98,22880.0,17130.9
2024-08-05,Laptop,Electronics,North,4,60734.73,4.52,5688.59,242913.85
2025-02-27,Keyboard,Accessories,Central,11,2004.08,6.91,12919.37,21441.69
2024-11-14,Monitor,Electronics,North,8,11151.87,14.16,23048.25,86097.14
2024-04-16,Headphones,Accessories,South,1,3595.6,11.58,2421.3,4263.76
2025-02-01,Monitor,Electronics,North,9,13232.08,11.34,19613.99,119794.24
2025-02-11,Laptop,Electronics,West,6,56353.57,0.38,16241.23,295038.39
2024-11-27,Monitor,Electronics,East,6,11089.43,18.63,21682.43,60417.99
2024-10-09,Tablet,Electronics,North,1,20917.38,18.98,24400.85,27959.76
2024-09-11,Smartphone,Electronics,Central,9,34437.57,6.48,9749.35,257181.81
2025-01-04,Smartphone,Electronics,West,4,34278.43,2.6,10678.54,112407.62
2025-04-24,Laptop,Electronics,West,9,56289.94,9.1,9644.72,303180.3
2025-05-25,Smartphone,Electronics,Central,3,26540.33,11.2,22196.68,89609.88
2024-10-12,Tablet,Electronics,East,11,21519.86,4.79,18230.82,175553.52
2024-06-11,Laptop,Electronics,Central,11,63092.54,0.93,10016.23,500146.17
2025-05-12,Headphones,Accessories,West,10,3055.31,2.53,20057.25,43264.27
2025-08-12,Printer,Office,South,7,16949.25,8.66,8071.03,110829.61
2025-10-15,Mouse,Accessories,West,1,967.42,18.52,17196.91,3907.43
2025-08-30,Smartphone,Electronics,West,12,27335.66,15.82,4309.11,163303.45
2024-02-20,Tablet,Electronics,West,7,18702.2,15.73,12877.32,83225.14
2024-06-22,Headphones,Accessories,East,6,3352.89,13.16,23216.34,12750.87
2025-08-08,Smartphone,Electronics,West,6,27240.87,18.09,10396.95,118640.81
2024-08-09,Keyboard,Accessories,East,10,1690.66,15.0,2800.05,12096.51
2025-11-13,Smartphone,Electronics,North,12,31788.55,11.38,11263.31,374127.83
2024-03-25,Smartphone,Electronics,North,14,33152.78,10.67,24494.79,395039.12
2024-10-13,Monitor,Electronics,West,2,12312.18,11.59,16891.17,29333.15
2024-01-11,Smartphone,Electronics,East,5,28078.91,15.17,19720.07,125607.31
2024-07-27,Mouse,Accessories,West,10,786.58,6.07,18520.68,10740.6
2025-09-19,Smartphone,Electronics,East,7,31101.99,13.77,8034.01,203986.45
2025-10-09,Tablet,Electronics,North,7,24858.0,0.44,9436.36,148798.12
2025-02-06,Mouse,Accessories,Central,2,877.86,0.39,22184.38,7576.1
2025-12-24,Monitor,Electronics,East,1,11023.8,15.39,17467.04,14722.75
2024-09-26,Printer,Office,West,2,17141.92,2.45,5626.19,41502.01
2024-01-20,Monitor,Electronics,East,11,11488.07,3.57,9457.75,125449.22
2024-01-26,Laptop,Electronics,East,6,55187.37,9.86,9709.98,319628.75
2025-11-21,Laptop,Electronics,North,8,60479.76,14.92,19082.18,621838.72
2025-10-14,Keyboard,Accessories,East,6,1961.98,1.45,5763.65,13627.6
2025-01-29,Smartphone,Electronics,West,7,26721.43,9.21,15442.32,88482.4
2025-01-03,Monitor,Electronics,North,3,12648.85,1.2,16409.34,27928.98
2024-09-25,Printer,Office,Central,1,14912.63,1.38,9122.07,15178.58
2025-09-12,Mouse,Accessories,Central,6,792.78,15.17,9450.35,8264.46
2025-03-19,Mouse,Accessories,South,14,777.08,3.52,21634.05,8969.63
2024-12-13,Printer,Office,Central,10,16987.81,0.74,7091.48,217411.41
2024-03-29,Mouse,Accessories,East,5,783.17,15.52,6351.81,1387.42
2025-02-21,Mouse,Accessories,West,6,888.86,8.07,15031.83,7519.02
2024-01-04,Keyboard,Accessories,South,7,1726.74,7.85,21280.7,17534.62
2024-04-06,Headphones,Accessories,North,12,3125.31,18.99,13550.17,44989.49
2024-10-03,Keyboard,Accessories,East,3,1546.95,9.41,14458.34,6683.53
2025-04-29,Smartphone,Electronics,Central,2,27575.39,17.45,,47918.8
2025-10-07,Tablet,Electronics,West,6,20222.09,7.49,23811.51,63793.88
2024-01-26,Headphones,Accessories,South,9,3207.29,8.86,23872.5,19585.9
2024-08-23,Keyboard,Accessories,South,3,1718.95,6.02,6010.93,4181.53
2024-03-04,Printer,Office,Central,9,14662.38,18.27,9250.89,114082.36
2024-02-18,Laptop,Electronics,South,10,59310.89,3.45,12708.7,535984.85
2025-06-01,Laptop,Electronics,Central,9,59579.24,11.27,18025.99,272471.63
2024-07-31,Laptop,Electronics,East,10,53630.53,7.25,2858.33,385274.95
2024-02-19,Tablet,Electronics,Central,1,21519.49,1.43,9701.69,26006.81
2025-12-26,Headphones,Accessories,North,9,3790.61,6.98,16694.2,44747.86
2025-01-07,Printer,Office,West,3,15613.38,17.85,2071.86,44000.88
2024-06-07,Printer,Office,North,5,16074.64,19.83,4006.16,58686.4
2024-03-10,Headphones,Accessories,Central,14,2978.46,2.82,3184.51,22556.4
2024-04-16,Tablet,Electronics,East,1,24773.27,12.74,7728.77,16207.45
2025-07-07,Monitor,Electronics,South,13,10459.28,7.11,5913.41,89554.32
2024-05-22,Printer,Office,Central,12,17149.56,9.51,20520.09,161492.34
2025-11-14,Headphones,Accessories,South,4,3446.09,8.26,7066.61,11670.84
2025-07-18,Headphones,Accessories,South,5,3217.23,3.32,7630.97,15163.57
2024-10-08,Printer,Office,East,3,14938.22,17.78,18236.45,27628.23
2024-08-02,Headphones,Accessories,East,4,3529.89,8.45,22092.67,14794.21
2024-06-27,Laptop,Electronics,South,10,54089.26,5.49,20196.67,628433.13
2025-10-03,Printer,Office,West,3,15597.88,18.11,10760.4,58697.13
2024-10-12,Tablet,Electronics,Central,1,21984.86,15.64,14316.91,23104.77
2025-12-07,Keyboard,Accessories,Central,7,1704.05,1.55,12354.92,15785.64
2025-04-18,Keyboard,Accessories,South,1,1639.08,7.51,19253.83,5335.0
2024-10-03,Monitor,Electronics,Central,2,12271.4,15.38,16085.27,27206.8
2024-07-08,Smartphone,Electronics,Central,7,26681.61,10.19,6456.68,98637.69
2025-04-06,Tablet,Electronics,Central,7,19152.72,7.87,22273.86,129649.99
2025-11-03,Keyboard,Accessories,North,15,2008.04,17.01,16841.16,36792.14
2024-04-06,Printer,Office,North,3,15355.45,9.67,6820.31,49075.29
2025-08-03,Tablet,Electronics,South,5,21338.9,16.67,11953.94,102761.03
2024-12-30,Tablet,Electronics,West,8,20410.66,0.9,6496.12,195115.23
2025-02-11,Smartphone,Electronics,South,13,30122.4,8.58,20651.41,285867.51
2025-03-11,Laptop,Electronics,West,14,49451.31,7.84,16402.94,351651.83
2025-07-13,Keyboard,Accessories,South,4,1839.05,13.59,16371.26,9452.62
2024-11-16,Laptop,Electronics,West,9,53827.59,12.28,5145.82,529475.07
2025-03-22,Monitor,Electronics,South,3,11345.72,4.25,4223.29,30277.13
2024-02-08,Printer,Office,West,1,15013.73,9.15,24839.43,7646.06
2025-01-30,Smartphone,Electronics,East,5,29525.93,8.04,24497.52,106646.58
2024-12-11,Monitor,Electronics,East,13,12623.44,0.93,12376.36,184679.17
2024-11-24,Tablet,Electronics,Central,7,20235.62,7.86,9960.39,135195.73
2025-06-09,Headphones,Accessories,Central,15,3444.61,7.63,23103.44,39448.83
2025-06-17,Smartphone,Electronics,Central,1,29742.87,3.08,16031.83,43077.67
2025-06-28,Tablet,Electronics,East,2,22238.54,12.26,9457.38,42239.28
2025-05-30,Headphones,Accessories,East,6,2991.67,10.15,9826.63,9372.96
2024-07-05,Monitor,Electronics,West,10,12595.85,9.24,6236.15,18667.8
2025-11-09,Monitor,Electronics,South,4,13698.48,19.61,3526.65,51968.04
2025-03-24,Mouse,Accessories,South,14,1014.25,3.35,15494.77,10614.71
2025-06-01,Monitor,Electronics,West,11,13689.37,0.6,20123.32,207847.76
2024-08-24,Smartphone,Electronics,North,2,32168.6,14.44,22962.87,24246.4
2025-03-16,Printer,Office,West,6,14907.67,9.83,7483.75,89519.24
2025-02-17,Tablet,Electronics,West,15,24292.28,0.6,8962.67,357182.81
2024-01-10,Laptop,Electronics,West,11,58178.44,3.57,18532.73,730989.01
2025-01-12,Mouse,Accessories,North,12,907.69,6.11,10367.45,10140.55
2025-01-21,Mouse,Accessories,Central,6,976.12,7.23,3865.06,7901.62
2025-07-08,Laptop,Electronics,South,1,59153.74,2.23,18216.88,52277.86
2024-04-29,Mouse,Accessories,North,14,841.36,11.2,21095.34,13018.96
2024-06-28,Mouse,Accessories,South,8,817.15,14.91,12244.22,7753.32
2025-03-13,Laptop,Electronics,North,11,48060.15,5.13,3211.48,509647.74
2025-09-01,Tablet,Electronics,South,12,21227.59,17.14,12893.24,301390.66
2025-07-28,Laptop,Electronics,West,3,51105.31,18.5,20644.26,109371.95
2025-10-13,Headphones,Accessories,East,9,3679.17,6.38,5564.04,15547.2
2025-09-16,Monitor,Electronics,West,14,11842.44,9.31,23382.3,122241.97
2025-05-04,Mouse,Accessories,Central,7,797.51,14.67,10477.77,3759.26
2024-06-15,Mouse,Accessories,South,2,820.28,8.05,9778.83,1569.09
2024-02-27,Keyboard,Accessories,West,15,1820.43,14.16,17571.79,28364.86
2025-02-28,Printer,Office,Central,2,16789.01,16.99,2892.68,31907.22
2025-09-20,Printer,Office,South,10,15579.37,0.65,19116.59,180729.37
2025-02-07,Laptop,Electronics,North,4,55778.52,0.91,13439.08,65683.82
2024-07-23,Headphones,Accessories,West,6,3467.38,0.36,11784.55,24551.03
2024-08-30,Printer,Office,North,4,14689.88,2.09,4650.96,62509.06
2024-05-22,Keyboard,Accessories,Central,11,1845.14,10.84,3952.59,500.0
2024-07-08,Monitor,Electronics,West,9,13019.82,6.08,12575.26,86010.92
2024-11-27,Printer,Office,East,15,16575.68,5.59,9656.72,202531.82
2024-01-12,Monitor,Electronics,Central,6,11375.64,19.93,7687.94,13329.74
2024-11-15,Keyboard,Accessories,South,15,1995.01,14.49,14037.02,26692.45
2024-12-25,Mouse,Accessories,Central,14,977.73,16.28,13899.79,19642.45
2025-06-30,Mouse,Accessories,West,9,850.44,15.94,6180.19,4175.66
2025-07-07,Laptop,Electronics,Central,7,53070.93,17.01,13360.13,232762.57
2024-11-30,Tablet,Electronics,West,2,24993.59,18.86,6883.39,36194.21
2024-03-02,Tablet,Electronics,North,9,19776.66,8.46,9198.72,202845.46
2025-09-29,Keyboard,Accessories,North,9,1960.23,16.28,20735.31,21971.09
2024-10-05,Mouse,Accessories,East,4,902.9,1.44,15082.07,7598.96
2025-10-25,Headphones,Accessories,South,7,3679.25,13.14,12789.9,25794.68
2025-12-29,Printer,Office,South,4,16516.87,15.85,18896.28,97693.4
2025-03-29,Keyboard,Accessories,North,9,1729.35,5.78,18690.31,14911.46
2024-08-16,Tablet,Electronics,Central,3,21023.97,19.54,22333.97,48250.5
2025-11-04,Laptop,Electronics,South,3,60092.41,17.8,16457.91,129865.74
2024-05-02,Monitor,Electronics,West,14,12763.33,4.16,7316.01,135328.53
2024-03-14,Mouse,Accessories,Central,12,774.68,10.46,8532.81,6349.77
2024-01-21,Laptop,Electronics,East,3,48957.23,11.8,2864.18,87692.7
2024-07-20,Monitor,Electronics,West,14,12074.76,4.5,17173.5,198272.29
2025-06-24,Keyboard,Accessories,West,13,2046.16,6.77,15523.71,23105.36
2025-09-12,Monitor,Electronics,North,4,12967.07,16.36,13624.68,24195.24
2024-06-15,Headphones,Accessories,West,1,2976.92,2.94,9488.27,3945.09
2025-08-08,Mouse,Accessories,West,3,986.27,13.0,6469.38,5818.6
2024-09-17,Headphones,Accessories,North,9,2984.11,8.0,19136.67,26165.2
2025-01-10,Smartphone,Electronics,West,9,31724.03,14.13,20118.74,262370.51
2024-03-21,Laptop,Electronics,South,14,48073.59,13.41,22746.06,218663.33
2025-03-29,Keyboard,Accessories,South,9,2053.09,4.11,10464.89,14713.28
2024-10-21,Headphones,Accessories,West,3,3358.61,1.14,15862.24,13511.52
2024-05-18,Keyboard,Accessories,South,13,1574.63,1.42,17833.69,19658.25
2024-11-26,Keyboard,Accessories,Central,9,1689.01,11.13,20001.25,19825.87
2024-03-18,Laptop,Electronics,West,11,54400.72,2.62,14302.19,541672.03
2024-09-24,Laptop,Electronics,Central,5,48517.49,16.85,17173.17,207948.86
2025-03-02,Printer,Office,East,12,13356.64,8.49,8395.23,110742.95
2025-10-07,Headphones,Accessories,Central,12,3189.96,2.28,9047.39,26694.77
2025-08-19,Printer,Office,East,6,17126.2,7.51,13753.67,104745.15
2024-08-21,Smartphone,Electronics,West,7,31558.85,13.98,7629.46,230700.33
2024-04-03,Printer,Office,East,11,12969.24,3.11,13793.18,105355.43
2025-12-07,Tablet,Electronics,West,13,18868.33,6.42,16859.62,371179.24
2024-05-21,Keyboard,Accessories,South,12,1742.6,10.38,4891.44,21807.24
2025-09-11,Keyboard,Accessories,South,15,1928.35,15.38,21386.8,38318.71
2025-01-18,Mouse,Accessories,Central,8,828.22,2.61,3798.73,8843.82
2024-09-02,Laptop,Electronics,Central,12,53749.65,1.63,22361.5,620338.21
2025-10-15,Mouse,Accessories,East,15,866.28,18.0,8993.72,13342.18
2024-12-08,Mouse,Accessories,North,7,986.26,1.46,9528.67,8077.8
2024-01-23,Smartphone,Electronics,Central,4,33017.02,4.57,20227.21,192911.58
2025-11-12,Headphones,Accessories,East,1,3822.36,18.27,11278.9,5958.62
2025-02-19,Laptop,Electronics,East,1,53191.66,4.18,22252.2,57581.84
2024-06-08,Smartphone,Electronics,South,14,32248.41,14.26,18992.34,335963.59
2025-01-23,Headphones,Accessories,West,8,3382.96,8.15,22525.95,30301.06
2025-09-11,Laptop,Electronics,Central,10,59518.27,4.14,6218.83,443811.99
2024-02-12,Laptop,Electronics,South,1,49906.87,2.13,24690.58,29634.0
2024-05-15,Mouse,Accessories,South,5,907.64,16.75,23870.96,9065.83
2025-11-07,Printer,Office,West,12,16639.87,10.34,18280.9,303323.19
2024-11-26,Headphones,Accessories,South,2,3497.5,7.85,10757.44,9751.45
2025-05-07,Laptop,Electronics,East,8,58214.62,9.89,3222.54,176189.83
2024-12-12,Printer,Office,West,3,13865.75,17.76,11098.39,55458.0
2025-04-26,Headphones,Accessories,Central,11,3663.03,13.99,5204.03,25350.97
2024-05-17,Printer,Office,East,15,15443.63,1.3,23476.12,262053.93
2025-07-18,Printer,Office,South,15,14563.54,3.08,6441.53,227713.91
2025-11-12,Smartphone,Electronics,South,14,30605.43,5.08,18798.58,452242.51
2024-09-04,Laptop,Electronics,Central,12,52291.52,10.63,18956.72,493521.58
2025-11-19,Monitor,Electronics,Central,2,10226.64,14.2,11907.94,29628.59
2025-03-08,Tablet,Electronics,South,8,19003.82,10.39,4342.26,138511.8
2025-01-02,Monitor,Electronics,Central,7,13372.17,13.04,12473.24,91387.22
2025-02-15,Printer,Office,West,4,12892.32,16.42,4224.06,37907.52
2024-05-23,Smartphone,Electronics,North,9,29239.47,10.77,8466.52,195391.84
2025-02-09,Monitor,Electronics,Central,4,10657.09,7.46,13639.92,36137.85
2025-09-02,Tablet,Electronics,East,6,24096.23,6.71,2264.98,15825.17
2024-11-21,Laptop,Electronics,West,14,49221.17,1.59,22524.52,705595.28
2025-11-29,Printer,Office,West,13,13710.82,15.24,17397.83,170353.8
2024-05-23,Printer,Office,South,14,13760.57,9.39,19658.21,158965.06
2025-12-08,Monitor,Electronics,West,3,11216.29,16.05,21223.25,34140.7
2025-10-11,Printer,Office,North,2,13315.7,3.71,23004.2,19926.34
2025-04-07,Monitor,Electronics,South,12,11861.37,8.63,19111.81,113235.2
2025-04-30,Keyboard,Accessories,Central,9,1635.08,17.81,11047.06,13435.21
2025-05-30,Headphones,Accessories,North,3,3016.18,6.55,6048.75,9917.88
2025-10-26,Printer,Office,Central,13,16875.52,7.28,22966.88,57910.59
2024-07-31,Headphones,Accessories,East,3,3800.35,9.93,6582.45,10862.09
2024-07-22,Keyboard,Accessories,West,6,1946.29,11.87,10748.72,9950.43
2024-02-08,Tablet,Electronics,Central,10,20919.76,13.24,10370.15,185513.33
2025-12-06,Tablet,Electronics,Central,1,21584.07,10.27,2345.52,8537.45
2024-05-15,Laptop,Electronics,West,11,55980.21,2.91,16770.13,645001.76
2025-03-23,Smartphone,Electronics,West,11,34285.63,12.65,21231.1,243131.01
2025-01-28,Headphones,Accessories,Central,13,3598.98,1.29,16332.98,31270.48
2024-02-05,Laptop,Electronics,West,2,57422.79,1.39,21236.99,78506.82
2025-06-08,Tablet,Electronics,North,14,23296.47,3.25,6544.95,252853.61
2024-09-13,Mouse,Accessories,South,4,834.96,18.92,23754.63,11082.98
2025-12-12,Headphones,Accessories,West,1,3728.35,3.64,13855.78,7943.85
2025-10-31,Monitor,Electronics,South,4,12946.86,5.94,2663.51,37639.28
2024-05-14,Mouse,Accessories,South,9,899.73,0.21,6055.61,9643.53
2025-06-15,Tablet,Electronics,West,12,19988.8,19.19,7034.84,189564.09
2024-02-09,Mouse,Accessories,East,2,995.3,5.17,20776.25,8914.3
2024-04-07,Mouse,Accessories,East,9,954.84,12.87,23242.65,14940.33
2025-09-17,Keyboard,Accessories,North,11,1997.73,15.87,12768.16,15395.25
2024-10-05,Headphones,Accessories,South,9,3563.76,12.68,21522.14,33380.28
2025-03-12,Printer,Office,West,6,13880.9,18.48,9038.35,54827.75
2024-06-17,Headphones,Accessories,West,6,2979.33,9.84,16449.9,23093.22
2025-12-05,Monitor,Electronics,West,10,11022.46,8.85,7646.13,82542.3
2025-05-20,Headphones,Accessories,Central,15,4010.49,16.9,24738.62,61201.91
2025-09-12,Mouse,Accessories,North,5,871.43,7.54,17495.9,8343.37
2025-07-21,Headphones,Accessories,West,1,3677.9,7.13,10614.67,5753.82
2025-12-26,Laptop,Electronics,Central,13,61319.1,13.66,7060.29,499338.29
2025-03-12,Smartphone,Electronics,North,9,33107.81,12.08,7093.39,125634.87
2024-10-06,Smartphone,Electronics,West,4,27422.01,17.21,3405.61,51165.92
2024-03-30,Headphones,Accessories,East,9,3006.3,0.31,9893.06,18368.74
2025-05-21,Mouse,Accessories,West,11,785.53,8.7,21707.69,14825.68
2025-05-31,Tablet,Electronics,Central,3,23484.87,11.19,3729.44,67909.32
2024-10-04,Printer,Office,South,15,16237.98,10.73,18139.93,160754.42
2024-08-28,Smartphone,Electronics,North,15,33665.39,2.65,2951.84,331817.45
2024-12-24,Tablet,Electronics,Central,15,22551.08,19.02,13531.55,192827.01
2024-02-07,Printer,Office,North,2,15819.78,1.45,14236.31,10483.09
2024-05-03,Smartphone,Electronics,North,14,30057.7,12.46,6338.52,300716.52
2025-09-13,Keyboard,Accessories,East,2,1764.35,9.88,20325.27,6033.97
2024-06-29,Laptop,Electronics,West,12,61019.22,5.93,12593.65,836650.9
2024-06-13,Smartphone,Electronics,North,13,29705.26,15.73,22352.08,114719.79
2024-10-14,Printer,Office,South,4,15377.75,9.97,2301.68,66916.34
2024-03-22,Printer,Office,North,1,15386.47,19.71,5663.02,7778.52
2025-07-25,Keyboard,Accessories,South,1,1537.12,16.04,19261.84,8766.81
2024-03-11,Monitor,Electronics,South,6,10754.98,14.43,2964.85,62119.76
2024-07-11,Printer,Office,South,12,13478.14,11.16,8637.02,126065.31
2024-12-10,Mouse,Accessories,South,12,1027.22,15.22,23101.6,12334.04
2024-01-02,Monitor,Electronics,North,12,13069.29,10.24,7449.47,125560.91
2025-09-19,Printer,Office,North,3,13108.82,13.23,17322.49,22144.6
2025-04-11,Monitor,Electronics,West,6,10671.1,10.82,9660.72,55382.14
2024-07-30,Printer,Office,North,1,12931.8,9.41,15857.76,20099.97
2025-08-05,Headphones,Accessories,West,12,3423.68,17.36,11238.44,18117.49
2024-09-21,Headphones,Accessories,Central,8,3243.49,4.81,15991.25,20151.55
2024-04-22,Headphones,Accessories,Central,7,3355.48,6.74,7759.18,19577.05
2024-05-27,Monitor,Electronics,West,10,13362.16,14.57,6088.32,119511.38
2025-02-16,Monitor,Electronics,South,12,12074.68,18.31,22016.13,102868.18
2025-06-24,Monitor,Electronics,East,15,13729.73,8.51,23248.19,111122.58
2024-10-17,Tablet,Electronics,Central,13,25182.45,18.38,10789.32,157596.11
2024-07-05,Mouse,Accessories,South,15,993.36,4.17,14110.78,17835.61
2024-09-17,Keyboard,Accessories,Central,5,1755.68,5.06,21532.57,14934.15
2025-03-30,Smartphone,Electronics,Central,13,27647.62,17.78,3189.17,296867.24
2024-03-06,Tablet,Electronics,South,9,24488.4,1.87,10634.09,107654.25
2024-05-08,Monitor,Electronics,North,4,10932.79,12.66,6146.77,27779.74
2025-10-13,Headphones,Accessories,South,10,3910.52,4.4,21387.1,42143.6
2024-04-24,Tablet,Electronics,East,13,19162.72,7.85,10302.34,240485.36
2024-09-12,Mouse,Accessories,North,8,925.07,16.52,5134.38,4371.6
2025-05-10,Smartphone,Electronics,West,15,26446.86,13.34,23785.67,349155.25
2025-12-14,Tablet,Electronics,South,13,24500.13,19.4,12662.9,245344.25
2024-05-08,Printer,Office,South,1,14036.82,18.18,22307.3,12866.03
2024-12-13,Headphones,Accessories,Central,11,3430.91,2.56,8954.49,35478.82
2024-06-08,Mouse,Accessories,South,7,791.76,19.11,13049.13,6288.54
2025-03-05,Laptop,Electronics,North,11,46919.31,12.31,3154.97,34087.45
2024-03-18,Printer,Office,East,14,13837.56,11.51,4484.58,199634.69
2025-08-11,Headphones,Accessories,East,7,3568.6,7.76,6815.01,6675.87
2025-05-04,Tablet,Electronics,East,7,21509.27,10.51,14167.49,92047.85
2025-08-22,Laptop,Electronics,Central,3,46933.03,6.26,16487.9,65470.12
2024-09-09,Laptop,Electronics,South,1,46949.87,9.62,14656.07,31684.65
2024-03-30,Monitor,Electronics,East,10,13213.96,5.13,16220.64,121659.05
2024-03-24,Keyboard,Accessories,North,2,1795.72,0.89,14702.16,6127.97
2025-12-11,Laptop,Electronics,Central,10,47276.69,2.92,4160.16,571459.0
2025-03-18,Mouse,Accessories,South,3,827.23,17.0,22772.51,7502.23
2024-02-20,Smartphone,Electronics,West,14,26491.59,1.38,23149.85,234394.0
2025-07-02,Tablet,Electronics,Central,11,24645.93,2.41,18183.24,295280.89
2025-04-03,Laptop,Electronics,North,1,53175.95,19.47,18561.19,38832.93
2024-03-04,Headphones,Accessories,South,3,3642.85,16.87,6418.97,7987.2
2024-10-04,Monitor,Electronics,Central,7,11668.96,19.86,15667.83,38683.89
2025-07-10,Keyboard,Accessories,East,5,1886.8,16.39,10205.4,11016.4
2025-03-26,Printer,Office,East,13,17237.11,18.9,18445.73,59788.79
2024-10-29,Tablet,Electronics,East,7,19637.35,4.16,10586.01,67639.49
2024-08-12,Keyboard,Accessories,North,11,1536.9,15.97,12923.35,17571.76
2025-11-21,Monitor,Electronics,South,7,11764.6,8.32,6467.45,80554.03
2025-05-05,Headphones,Accessories,North,4,3269.93,5.88,14442.92,13018.46
2024-08-09,Tablet,Electronics,West,11,24992.45,17.96,15705.32,138826.34
2024-05-20,Laptop,Electronics,North,12,51398.54,16.56,18878.78,643814.35
2025-10-06,Keyboard,Accessories,East,13,1673.78,4.94,11098.81,22251.23
2024-03-18,Smartphone,Electronics,West,1,28460.15,3.26,8309.99,29842.1
2024-01-26,Tablet,Electronics,West,6,21762.05,1.6,5963.54,102978.24
2025-06-18,Headphones,Accessories,North,13,3157.44,6.78,7449.05,29545.71
2025-01-06,Tablet,Electronics,South,15,24353.66,19.89,3734.96,315081.05
2025-09-20,Smartphone,Electronics,East,8,32884.09,18.55,24256.23,246093.62
2024-03-24,Laptop,Electronics,South,10,47676.48,5.34,13144.39,483959.59
2024-12-02,Monitor,Electronics,East,6,11160.56,13.94,10442.9,44746.77
2025-05-28,Printer,Office,Central,7,16350.3,8.13,6521.49,92509.43
2024-12-25,Smartphone,Electronics,North,1,26440.73,7.61,2697.28,9070.27
2025-08-21,Smartphone,Electronics,West,5,28944.73,16.76,2323.87,199028.56
2025-01-12,Keyboard,Accessories,South,3,1653.35,14.09,6110.82,7163.49
2024-11-18,Smartphone,Electronics,East,7,34062.73,16.95,21966.26,178921.37
2025-01-10,Laptop,Electronics,South,6,54596.62,13.24,9432.25,220778.84
2025-02-06,Mouse,Accessories,East,4,950.78,6.58,21653.33,8523.16
2024-02-25,Monitor,Electronics,Central,3,13290.42,19.06,6130.37,44366.11
2024-05-04,Monitor,Electronics,West,11,11297.39,12.85,19617.04,111347.93
2024-10-01,Keyboard,Accessories,West,3,1582.44,10.96,16769.08,7044.6
2024-02-24,Headphones,Accessories,West,11,3487.38,8.78,17635.49,35200.74
2025-11-01,Tablet,Electronics,West,7,19750.2,16.75,22315.17,145297.58
2025-09-24,Tablet,Electronics,West,14,22248.33,14.02,20711.56,317546.87
2024-06-10,Headphones,Accessories,South,14,4012.65,5.59,16553.73,52070.24
2025-01-11,Keyboard,Accessories,Central,3,1854.11,19.29,18339.66,7807.73
2025-10-25,Monitor,Electronics,East,8,11677.25,15.7,19364.27,62063.67
2024-07-14,Tablet,Electronics,South,13,23385.7,7.96,12496.01,338744.94
2024-11-15,Tablet,Electronics,West,3,20558.98,6.27,14726.88,84718.56
2025-11-02,Mouse,Accessories,South,9,1023.94,3.99,4916.2,15745.79
2024-12-05,Printer,Office,East,7,13204.12,8.06,4822.23,70402.12
2025-05-01,Headphones,Accessories,Central,5,3083.16,6.49,23974.47,17886.76
2025-03-04,Laptop,Electronics,South,6,48926.72,12.63,10882.3,262279.11
2025-12-09,Monitor,Electronics,East,2,11743.81,13.6,2176.2,19700.29
2024-06-20,Tablet,Electronics,South,3,20900.57,6.77,6928.91,56294.11
2025-09-27,Printer,Office,South,13,13057.72,6.96,6387.98,146250.12
2025-01-28,Printer,Office,South,5,16181.59,4.82,16239.04,61015.71
2024-07-26,Tablet,Electronics,South,13,34060.155,18.66,11851.87,264687.95
2025-11-11,Mouse,Accessories,East,6,831.47,10.22,23800.58,9249.19
2025-01-22,Monitor,Electronics,Central,9,11242.48,10.64,12449.27,86839.86
2025-08-30,Laptop,Electronics,West,13,54799.39,13.52,16857.35,538184.79
2024-08-01,Tablet,Electronics,Central,8,19955.23,14.3,8715.24,154260.0
2024-05-07,Smartphone,Electronics,North,7,31449.21,19.81,13570.62,110851.25
2024-12-05,Mouse,Accessories,East,3,933.63,7.36,24125.6,11292.14
2025-09-26,Keyboard,Accessories,West,2,1766.23,1.08,7383.82,3309.72
2024-07-01,Keyboard,Accessories,West,9,2007.67,18.9,23834.74,19460.61
2025-03-25,Headphones,Accessories,West,7,3902.7,16.76,21387.63,25856.8
2024-05-02,Mouse,Accessories,East,15,823.46,6.22,3979.25,10892.32
2025-12-23,Monitor,Electronics,Central,5,11273.54,10.42,24578.31,35100.91
2024-03-25,Laptop,Electronics,North,12,58063.69,0.7,18927.92,919991.09
2024-01-30,Headphones,Accessories,West,12,3217.63,3.61,8984.03,38291.29
2024-08-27,Laptop,Electronics,Central,11,52112.73,7.96,13114.47,294898.66
2024-10-21,Keyboard,Accessories,East,9,1813.32,3.61,14542.31,19056.03
2024-05-12,Smartphone,Electronics,West,5,31223.07,9.78,11208.76,117026.4
2024-04-02,Headphones,Accessories,West,1,3172.2,7.96,22481.56,6475.94
2025-03-28,Monitor,Electronics,Central,8,12675.15,4.2,6601.13,85838.99
2024-10-15,Smartphone,Electronics,South,11,27212.48,12.45,8903.68,139081.3
2024-01-24,Printer,Office,East,11,13508.84,14.7,2506.9,100262.08
2025-04-08,Keyboard,Accessories,South,13,1656.52,11.36,4637.12,15218.19
2025-07-15,Keyboard,Accessories,South,12,1532.48,10.87,20269.9,25094.08
2025-10-19,Monitor,Electronics,Central,12,10547.95,16.18,2046.26,78245.0
2024-03-31,Printer,Office,Central,7,13871.93,5.87,24909.82,103100.6
2025-08-17,Smartphone,Electronics,North,4,30920.5,12.84,5965.04,55621.89
2024-07-27,Monitor,Electronics,West,11,13492.23,1.11,16370.56,136679.84
2024-03-20,Headphones,Accessories,North,2,3856.59,16.64,7697.8,8186.99
2025-05-02,Smartphone,Electronics,East,3,30286.61,7.92,11356.89,91456.66
2025-12-21,Monitor,Electronics,East,14,12115.87,5.71,22986.09,188178.78
2025-09-09,Printer,Office,North,10,13590.07,14.29,7684.42,100741.12
2025-12-30,Laptop,Electronics,South,12,60927.01,0.36,14054.07,812668.92
2025-01-24,Tablet,Electronics,North,2,20979.54,12.04,13722.05,50496.3
2024-12-28,Monitor,Electronics,South,13,11160.5,11.57,19311.45,153562.57
2025-08-17,Monitor,Electronics,Central,7,12876.6,10.86,23849.45,94451.58
2024-09-28,Keyboard,Accessories,West,8,2056.17,5.05,24714.47,20457.36
2024-04-03,Keyboard,Accessories,South,7,1687.09,15.78,23406.28,10934.91
2025-03-12,Keyboard,Accessories,East,2,1565.27,16.42,8167.37,4033.34
2024-04-03,Mouse,Accessories,South,9,1019.61,18.33,11436.86,8038.15
2025-10-16,Headphones,Accessories,North,12,3576.35,9.64,18995.41,34903.38
2025-07-25,Headphones,Accessories,East,14,3699.53,1.76,22456.46,36469.81
2025-03-12,Keyboard,Accessories,Central,9,2032.89,12.78,6522.54,15803.42
2024-11-02,Smartphone,Electronics,East,5,28526.03,4.48,19719.94,185302.32
2024-12-28,Printer,Office,Central,9,16497.22,1.61,21080.44,136506.74
2025-08-04,Keyboard,Accessories,Central,12,1778.23,3.74,20318.8,29133.85
2025-08-02,Headphones,Accessories,Central,5,3950.21,10.89,17553.68,19956.9
2025-02-19,Headphones,Accessories,West,10,4000.9,9.16,6246.43,35061.41
2024-05-14,Mouse,Accessories,North,9,974.66,18.32,4522.27,8609.73
2024-03-20,Monitor,Electronics,Central,11,12096.35,10.35,23280.68,51433.48
2025-11-08,Tablet,Electronics,West,1,23513.52,13.44,9638.46,30324.23
2024-10-04,Headphones,Accessories,South,11,3609.53,11.77,8618.35,30042.87
2024-10-23,Smartphone,Electronics,East,9,31712.19,5.42,9878.04,328088.98
2024-12-02,Monitor,Electronics,South,15,10268.3,2.23,6115.36,121229.43
2024-10-02,Keyboard,Accessories,South,3,2037.19,8.84,5312.47,5937.55
2024-08-27,Monitor,Electronics,North,10,12121.86,15.44,19302.2,95904.52
2025-09-17,Keyboard,Accessories,West,7,1807.58,11.45,16449.53,13713.81
2025-12-03,Headphones,Accessories,South,4,3592.44,18.63,6013.74,8190.4
2024-11-02,Smartphone,Electronics,East,13,30772.96,17.06,7315.22,408394.6
2025-09-28,Mouse,Accessories,West,7,845.3,0.67,7619.27,7162.47
2025-06-05,Smartphone,Electronics,East,8,31640.21,5.53,19941.7,186027.9
2025-11-29,Smartphone,Electronics,East,6,28589.98,0.8,13499.54,200632.91
2025-12-27,Headphones,Accessories,Central,6,3173.8,2.64,23844.48,18912.41
2024-05-02,Tablet,Electronics,South,14,22427.47,12.33,18738.38,207924.59
2024-03-28,Printer,Office,East,11,15551.73,6.55,10977.82,193828.71
2024-11-14,Monitor,Electronics,South,10,10594.22,6.27,4808.59,94469.37
2025-07-19,Tablet,Electronics,Central,6,25184.8,7.63,10201.18,89724.39
2025-11-23,Laptop,Electronics,East,7,54693.22,12.39,19541.02,354449.67
2025-11-24,Monitor,Electronics,North,7,10227.81,3.8,5688.14,60068.26
2024-08-19,Monitor,Electronics,West,1,12313.89,8.85,23681.17,11140.49
2025-09-15,Smartphone,Electronics,East,8,26020.01,1.04,8559.5,154035.75
2025-11-16,Tablet,Electronics,South,9,20065.46,14.48,13814.52,157465.67
2025-02-21,Mouse,Accessories,South,9,884.71,8.09,2516.28,5285.6
2024-06-05,Monitor,Electronics,South,12,11386.85,18.43,3698.06,60002.6
2024-09-16,Printer,Office,West,12,12890.04,8.23,10904.01,96913.13
2025-12-03,Printer,Office,North,6,15940.85,19.62,22375.69,63468.66
2024-07-06,Laptop,Electronics,South,1,51939.59,14.69,13242.37,38146.94
2025-08-02,Printer,Office,West,8,15936.19,15.17,19053.12,102566.36
2025-11-25,Smartphone,Electronics,Central,15,29513.63,1.5,13941.56,315492.01
2024-09-25,Keyboard,Accessories,West,8,1960.45,8.36,11861.51,10986.16
2025-09-12,Monitor,Electronics,South,1,11582.44,0.16,23057.36,15071.69
2024-05-28,Monitor,Electronics,West,8,11216.36,14.0,6815.77,32688.1
2025-04-13,Monitor,Electronics,South,6,11005.72,3.74,3488.2,44432.97
2024-07-12,Laptop,Electronics,West,13,55467.34,1.79,3410.99,580593.86
2024-03-10,Printer,Office,East,4,15693.85,13.71,6811.28,68269.37
2025-07-28,Smartphone,Electronics,North,12,31880.31,0.54,7466.13,141350.04
2024-08-29,Keyboard,Accessories,South,7,1608.34,13.5,8409.98,9643.4
2025-08-07,Headphones,Accessories,East,11,3358.61,11.64,4567.42,29358.95
2025-09-18,Mouse,Accessories,South,4,1009.07,5.59,8899.45,6398.18
2025-01-16,Keyboard,Accessories,East,7,1917.92,6.0,13911.0,15597.56
2024-12-28,Laptop,Electronics,East,7,48472.84,2.32,24002.59,343932.29
2025-01-12,Smartphone,Electronics,North,13,31829.05,14.24,10356.44,344815.39
2024-07-19,Smartphone,Electronics,East,9,30553.94,5.03,18891.32,257323.26
2024-04-17,Headphones,Accessories,East,4,3920.72,15.74,22991.19,11938.99
2025-06-13,Printer,Office,South,6,12825.5,12.28,13812.6,74934.35
2025-01-10,Monitor,Electronics,West,4,11516.36,15.97,6716.87,30351.95
2024-05-06,Keyboard,Accessories,East,9,1592.54,14.06,6439.28,7822.11
2024-06-15,Keyboard,Accessories,Central,14,1969.12,19.97,2375.97,21476.37
2024-05-25,Headphones,Accessories,South,9,3211.46,1.72,20934.74,40623.86
2024-07-14,Keyboard,Accessories,Central,7,1626.46,6.05,6724.99,12677.29
2024-03-20,Smartphone,Electronics,East,9,30848.21,12.44,6327.41,222957.59
2024-06-09,Tablet,Electronics,East,9,24726.03,15.65,17910.15,129273.37
2024-06-14,Keyboard,Accessories,South,3,1707.18,11.01,8370.76,5449.58
2025-11-07,Laptop,Electronics,Central,15,51939.21,16.34,9196.89,557548.15
2025-05-21,Smartphone,Electronics,South,11,30652.77,10.71,6089.47,294153.25
2024-11-25,Printer,Office,Central,12,15960.22,12.96,5591.79,160320.03
2025-12-20,Printer,Office,East,12,15016.77,2.67,21298.58,193269.42
2024-01-09,Monitor,Electronics,Central,4,13401.13,15.15,8646.79,33605.13
2025-02-25,Keyboard,Accessories,Central,5,1719.26,4.03,18818.39,8247.64
2024-10-10,Smartphone,Electronics,North,5,29822.6,7.65,4566.73,116113.83
2025-01-11,Keyboard,Accessories,North,7,1933.66,0.85,4390.51,12064.76
2025-12-22,Mouse,Accessories,East,10,962.13,5.16,8171.61,8189.21
2024-06-06,Keyboard,Accessories,East,14,1606.68,0.82,19958.58,14255.73
2025-03-02,Monitor,Electronics,South,9,13133.85,16.75,2040.55,89333.47
2025-04-02,Mouse,Accessories,West,10,965.81,14.01,13086.34,11388.83
2024-12-29,Printer,Office,East,11,16039.41,8.94,10495.28,139822.12
2024-05-17,Headphones,Accessories,North,1,4001.31,16.55,11283.62,6266.72
2024-06-06,Tablet,Electronics,North,2,19420.52,0.97,5547.12,38014.49
2024-01-28,Mouse,Accessories,Central,8,967.28,12.29,9827.62,9665.93
2025-01-20,Keyboard,Accessories,East,8,1863.89,14.79,6922.91,18567.98
2024-10-31,Monitor,Electronics,East,13,10236.62,13.88,18453.29,63591.99
2024-11-24,Laptop,Electronics,South,2,50566.48,14.11,3574.26,110913.79
2025-12-15,Smartphone,Electronics,West,10,32499.36,11.03,22634.07,377394.53
2024-10-22,Laptop,Electronics,South,15,56161.47,5.72,18067.35,866363.12
2025-01-27,Mouse,Accessories,East,11,899.3,9.43,15196.69,10661.48
2025-08-15,Smartphone,Electronics,North,5,26779.39,6.31,23992.6,139415.75
2025-06-11,Mouse,Accessories,West,9,780.7,9.46,17441.99,12702.06
2024-02-03,Monitor,Electronics,North,12,10693.39,7.5,13336.15,79221.68
2025-04-28,Monitor,Electronics,South,4,11115.06,18.74,15659.15,24876.48
2024-10-08,Tablet,Electronics,East,7,20522.83,12.83,14720.68,42355.72
2025-11-05,Mouse,Accessories,South,7,846.44,2.45,5705.83,8686.33
2025-10-18,Headphones,Accessories,Central,7,3497.79,8.97,2661.73,13653.53
2024-07-24,Smartphone,Electronics,South,11,26954.55,4.21,20491.06,199359.92
2024-11-14,Printer,Office,North,12,14833.08,3.82,2578.54,161709.13
2024-04-11,Smartphone,Electronics,South,9,32964.64,14.97,22602.1,247526.6
2024-06-13,Keyboard,Accessories,Central,7,1754.72,16.01,17387.25,11341.22
2025-04-02,Tablet,Electronics,South,8,21500.13,2.57,10013.72,117232.57
2025-10-17,Monitor,Electronics,North,9,12801.52,7.79,24785.52,95474.01
2024-09-16,Printer,Office,East,6,14638.26,0.05,23149.08,59780.64
2025-07-27,Laptop,Electronics,South,12,54754.2,7.24,11351.05,513685.13
2024-05-31,Mouse,Accessories,South,15,865.45,9.03,24958.55,7314.61
2025-09-02,Tablet,Electronics,North,6,24557.38,16.12,23420.03,177489.68
2024-11-25,Mouse,Accessories,Central,3,834.31,10.45,13549.68,4975.51
2024-02-15,Mouse,Accessories,East,13,797.24,1.23,9417.44,8940.54
2024-11-29,Tablet,Electronics,West,10,18997.61,15.67,22508.32,213505.45
2024-07-25,Laptop,Electronics,South,10,60651.1,18.61,15120.34,516221.16
2024-05-31,Printer,Office,East,14,16612.51,12.95,10947.72,119655.35
2024-11-11,Monitor,Electronics,Central,5,10737.48,2.55,23069.12,77967.93
2025-08-31,Headphones,Accessories,Central,3,3865.38,0.64,15999.46,13796.07
2024-09-13,Monitor,Electronics,North,7,13129.05,5.21,5980.95,42449.45
2025-03-31,Monitor,Electronics,South,7,13678.66,17.14,16976.51,81783.69
2025-02-15,Mouse,Accessories,East,13,941.87,17.48,13774.53,16045.93
2025-01-29,Printer,Office,South,14,12755.56,16.36,21482.34,128356.84
2025-06-11,Tablet,Electronics,North,8,19939.72,2.01,20713.06,92812.37
2025-05-04,Mouse,Accessories,Central,2,941.81,15.99,16269.53,4599.92
2025-05-16,Mouse,Accessories,East,9,940.63,11.26,15955.66,7298.88
2024-08-07,Printer,Office,West,12,13131.15,5.27,23590.35,134064.74
2024-10-07,Tablet,Electronics,West,9,18946.05,2.3,24149.94,121868.16
2024-03-06,Mouse,Accessories,South,9,919.61,3.24,23860.16,14345.0
2024-12-23,Mouse,Accessories,South,4,1024.87,17.73,16262.52,9699.88
2025-03-21,Keyboard,Accessories,South,11,1723.38,15.52,7357.03,17315.1
2025-12-27,Printer,Office,South,1,14735.74,16.31,20225.48,13307.86
2025-12-19,Laptop,Electronics,East,11,61861.93,1.43,19155.58,806622.61
2024-02-22,Laptop,Electronics,North,8,62895.47,10.14,4661.39,236323.63
2024-11-14,Keyboard,Accessories,South,13,1999.51,7.67,11866.89,21746.82
2024-06-14,Tablet,Electronics,North,10,24551.65,12.27,16694.19,214538.7
2025-07-21,Keyboard,Accessories,Central,3,1580.78,17.65,23494.22,6331.18
2024-11-10,Headphones,Accessories,East,10,3235.16,19.29,13651.77,34204.66
2024-09-24,Smartphone,Electronics,West,7,28717.01,9.32,17008.11,219821.93
2024-06-02,Mouse,Accessories,North,12,1012.67,18.63,5493.84,9867.23
2024-01-04,Smartphone,Electronics,South,10,29575.84,15.8,21728.46,133977.3
2024-10-28,Headphones,Accessories,Central,2,3635.33,6.76,17143.79,6507.74
2024-08-29,Mouse,Accessories,South,6,1023.36,14.24,14796.54,8012.86
2025-01-13,Smartphone,Electronics,South,7,33334.31,13.19,14620.13,83144.2
2025-04-14,Monitor,Electronics,Central,2,12902.73,11.31,14149.36,21120.52
2025-02-13,Keyboard,Accessories,South,5,1767.02,10.99,9734.82,6380.64
2025-09-27,Mouse,Accessories,East,1,814.58,18.81,3084.2,1276.41
2024-12-05,Monitor,Electronics,East,2,10729.56,10.14,9373.51,32798.45
2024-03-08,Smartphone,Electronics,North,6,25857.9,18.04,2531.29,95976.25
2024-06-04,Mouse,Accessories,Central,12,934.56,18.52,23538.97,10810.39
2024-01-13,Laptop,Electronics,East,4,56183.37,18.7,15117.65,173081.85
2024-07-27,Laptop,Electronics,North,13,53007.02,14.29,9748.29,507782.9
2025-01-22,Monitor,Electronics,West,7,11136.31,19.4,22349.41,63249.81
2024-02-11,Keyboard,Accessories,West,6,1952.65,7.47,11629.29,9068.95
2024-03-08,Keyboard,Accessories,South,15,1730.97,18.61,13137.82,24720.99
2024-01-31,Monitor,Electronics,West,15,13320.42,11.93,17641.41,252999.83
2024-12-31,Keyboard,Accessories,Central,10,1603.24,11.03,8677.37,14724.8
2024-07-18,Laptop,Electronics,East,10,61690.9,19.94,15600.68,350280.91
2024-02-04,Headphones,Accessories,West,3,4020.05,18.49,9785.17,8199.4
2025-07-30,Monitor,Electronics,Central,6,12551.33,10.78,16289.02,50895.69
2024-03-28,Mouse,Accessories,West,6,926.01,9.76,6323.63,6679.08
2025-10-08,Monitor,Electronics,East,15,11809.56,17.07,3028.69,154559.24
2024-11-24,Monitor,Electronics,North,8,11522.85,8.35,12292.51,63851.56
2025-08-12,Printer,Office,South,5,14088.31,4.15,17870.46,55412.09
2024-11-29,Printer,Office,South,8,13565.6,2.3,23309.07,90651.84
2024-04-06,Monitor,Electronics,Central,13,12315.96,3.09,21835.6,118851.91
2025-12-26,Tablet,Electronics,West,1,18957.2,6.65,4981.64,20195.63
2024-11-29,Printer,Office,South,2,13375.15,5.26,18664.01,32649.23
2025-11-20,Laptop,Electronics,East,14,47147.84,7.58,12026.83,474173.41
2025-04-11,Monitor,Electronics,North,5,13283.34,2.57,5419.82,68264.27
2025-03-21,Monitor,Electronics,West,3,13478.57,17.6,19023.29,32311.19
2025-11-23,Headphones,Accessories,North,14,3317.62,18.34,22901.96,42425.58
2024-04-23,Tablet,Electronics,West,1,24826.33,9.4,16673.53,25213.82
2025-05-08,Monitor,Electronics,North,7,13607.61,1.97,4244.74,107229.2
2025-10-11,Laptop,Electronics,Central,13,57296.85,7.11,2683.29,556794.87
2025-04-25,Printer,Office,Central,7,13957.3,16.8,20609.93,64584.29
2025-04-12,Tablet,Electronics,North,13,19114.29,14.74,12053.05,226897.54
2025-12-07,Smartphone,Electronics,East,15,34108.3,17.27,19060.25,273682.36
2024-04-10,Keyboard,Accessories,North,10,1617.23,11.25,8475.56,9080.42
2025-04-08,Smartphone,Electronics,South,10,33873.99,19.09,7718.12,173530.35
2025-02-05,Monitor,Electronics,North,11,11540.57,6.55,15815.59,76114.38
2025-05-17,Tablet,Electronics,Central,4,19104.2,3.3,4994.92,89813.84
2024-11-13,Keyboard,Accessories,East,3,1621.07,5.08,11055.57,7646.57
2025-01-25,Headphones,Accessories,North,3,3358.23,14.53,3043.54,7848.58
2024-09-27,Tablet,Electronics,South,4,24364.02,9.81,17995.42,47455.83
2024-03-12,Headphones,Accessories,Central,13,3483.32,0.41,14866.09,46059.54
2024-09-03,Laptop,Electronics,West,4,52827.91,11.86,10017.6,135479.93
2024-11-21,Keyboard,Accessories,South,10,1633.42,11.79,3471.03,10637.92
2025-04-22,Printer,Office,West,10,13561.06,8.64,18364.63,96600.67
2024-12-04,Mouse,Accessories,South,12,790.85,16.08,15380.21,10622.99
2024-04-24,Printer,Office,North,10,13958.76,12.32,5350.0,83698.8
2024-03-17,Mouse,Accessories,North,1,899.9,1.47,24011.16,5913.45
2024-03-17,Keyboard,Accessories,South,12,1886.03,12.58,20240.42,29120.2
2025-02-18,Laptop,Electronics,North,1,61082.81,15.05,18505.2,33587.39
2025-07-31,Monitor,Electronics,East,10,11364.13,2.04,23298.98,115653.68
2024-12-16,Tablet,Electronics,West,15,23031.24,15.18,15982.16,261043.09
2024-11-18,Headphones,Accessories,Central,11,3698.16,1.07,8960.85,34440.41
2025-05-23,Monitor,Electronics,Central,15,11474.13,3.34,13172.05,142286.56
2025-06-03,Laptop,Electronics,East,8,49084.84,14.54,8924.05,293575.96
2025-12-09,Smartphone,Electronics,West,13,31589.5,5.31,19044.96,447097.23
2025-02-16,Smartphone,Electronics,East,9,30672.99,16.13,6372.9,272089.48
2024-08-08,Mouse,Accessories,West,11,817.69,14.56,4511.53,7813.22
2024-10-01,Laptop,Electronics,Central,2,50657.5,4.34,22777.0,122558.52
2024-04-05,Printer,Office,North,7,17020.04,12.46,6956.17,85131.15
2025-12-15,Smartphone,Electronics,East,12,29592.25,11.5,18216.77,357140.54
2025-08-23,Printer,Office,South,4,14121.55,2.82,8864.0,41074.4
2024-02-23,Mouse,Accessories,South,10,802.02,0.21,9998.6,9226.09
2025-01-20,Laptop,Electronics,East,3,50416.12,1.95,,57578.86
2024-01-18,Printer,Office,South,6,15362.47,12.04,2452.85,72579.68
2025-05-12,Keyboard,Accessories,North,7,2061.35,7.7,5369.58,7828.99
2025-03-19,Tablet,Electronics,West,10,19796.8,0.66,2369.84,150977.74
2024-11-19,Keyboard,Accessories,South,6,1963.51,16.46,15981.91,13565.47
2025-07-14,Keyboard,Accessories,South,3,1574.22,6.46,15630.16,8506.3
2024-08-23,Laptop,Electronics,South,6,48392.24,15.53,15406.05,155190.86
2025-03-01,Mouse,Accessories,West,9,886.24,17.91,14775.15,10485.64
2024-05-20,Keyboard,Accessories,Central,14,1914.85,2.62,24261.42,34656.62
2025-01-01,Headphones,Accessories,South,6,3202.07,11.89,10598.32,20516.05
2025-06-02,Laptop,Electronics,North,15,61466.13,0.39,8213.38,1096783.75
2025-02-16,Laptop,Electronics,East,13,58313.17,5.93,9649.71,570155.17
2025-08-24,Monitor,Electronics,East,5,10958.03,2.31,4513.12,39886.59
2025-03-19,Laptop,Electronics,North,1,58560.33,6.45,18167.83,53906.71
2024-12-18,Smartphone,Electronics,Central,12,25578.11,16.62,11518.52,188877.25
2025-12-09,Smartphone,Electronics,North,8,31718.48,18.68,24574.58,231107.82
2025-09-11,Tablet,Electronics,East,3,21837.27,5.9,12689.03,64756.56
2024-11-15,Tablet,Electronics,North,12,23808.54,7.61,12507.21,226674.25
2025-02-16,Keyboard,Accessories,North,10,1941.29,13.51,19413.85,18102.16
2024-10-24,Mouse,Accessories,East,5,1003.32,11.17,21012.94,10636.47
2025-09-14,Laptop,Electronics,South,7,47210.94,14.68,24191.78,387790.77
2024-04-22,Laptop,Electronics,West,13,61933.03,6.07,21376.4,322753.61
2024-07-06,Mouse,Accessories,South,9,977.61,14.95,4053.46,7587.36
2025-11-03,Keyboard,Accessories,Central,14,1597.0,7.78,22057.45,22708.55
2025-11-23,Keyboard,Accessories,East,14,1667.79,5.72,21475.77,26600.29
2024-07-25,Smartphone,Electronics,North,7,28713.32,17.82,18501.89,135463.44
2024-06-29,Smartphone,Electronics,South,4,26344.19,17.79,2942.91,83453.03
2025-10-11,Laptop,Electronics,North,9,59680.02,7.63,19244.17,524817.83
2024-03-04,Printer,Office,North,9,17241.22,13.77,17342.98,78250.07
2024-09-01,Laptop,Electronics,West,3,50429.27,14.54,22087.4,172941.73
2024-02-23,Mouse,Accessories,North,9,1005.52,11.64,19448.92,13937.39
2025-01-22,Monitor,Electronics,East,6,11954.88,18.71,23814.87,68610.31
2024-02-03,Headphones,Accessories,East,11,3265.4,11.17,13106.04,21035.01
2025-09-15,Keyboard,Accessories,East,4,1567.95,6.01,5136.97,5188.5
2025-08-13,Smartphone,Electronics,South,2,28711.99,7.97,23309.32,39018.23
2025-10-05,Headphones,Accessories,North,10,3877.94,11.4,9619.86,31518.5
2024-02-29,Printer,Office,East,5,15027.64,9.8,8730.67,6947.68
2024-11-01,Smartphone,Electronics,West,10,28749.06,12.3,24522.36,134997.44
2024-01-13,Keyboard,Accessories,Central,6,1627.77,16.32,5207.71,4318.43
2024-05-03,Monitor,Electronics,South,10,11201.35,19.86,8958.11,69909.01
2024-05-30,Printer,Office,West,1,16457.63,12.14,2317.91,13611.48
2025-10-01,Monitor,Electronics,East,14,13240.9,13.11,8391.57,123061.01
2025-08-27,Smartphone,Electronics,South,10,32852.48,3.67,11395.01,362250.89
2025-02-02,Mouse,Accessories,South,15,979.85,14.75,13680.55,8729.09
2025-05-04,Laptop,Electronics,Central,12,53797.69,0.39,9713.61,755873.03
2025-01-23,Smartphone,Electronics,East,14,27127.43,5.46,10008.58,429993.6
2024-05-04,Monitor,Electronics,East,14,13039.02,13.99,14410.24,102386.6
2024-01-12,Mouse,Accessories,Central,13,878.16,16.21,17920.13,12354.23
2024-11-24,Mouse,Accessories,Central,6,979.13,12.66,9517.47,5892.14
2025-10-30,Monitor,Electronics,Central,6,10422.69,17.88,20169.46,68194.31
2025-06-18,Keyboard,Accessories,South,15,1578.73,13.07,4072.62,17668.85
2025-03-01,Tablet,Electronics,Central,13,19954.59,14.14,10295.4,245478.65
2025-12-01,Headphones,Accessories,East,5,3473.01,5.35,23221.58,15968.24
2024-11-28,Tablet,Electronics,East,5,25177.16,8.14,21395.96,107183.45
2025-01-14,Keyboard,Accessories,East,1,1866.11,19.94,9135.47,2791.25
2025-08-30,Printer,Office,East,4,15702.32,4.6,13076.3,82277.46
2025-08-24,Mouse,Accessories,South,14,783.03,8.75,19448.16,10132.31
2025-08-14,Printer,Office,West,3,13113.83,8.73,19139.58,29731.5
2024-11-13,Headphones,Accessories,South,11,3880.73,8.68,23737.7,21832.01
2024-03-02,Printer,Office,Central,7,14806.57,5.58,15513.8,38637.11
2024-02-27,Printer,Office,Central,13,14250.15,15.34,5097.52,224696.59
2025-11-21,Monitor,Electronics,South,6,12943.07,1.24,5183.32,75543.21
2025-10-03,Headphones,Accessories,North,15,3410.03,16.43,24876.47,4381.91
2024-01-16,Smartphone,Electronics,South,14,29099.18,15.82,11843.68,333704.31
2025-12-02,Tablet,Electronics,South,8,23718.75,18.21,10988.41,218864.93
2025-10-23,Monitor,Electronics,East,8,10618.15,8.33,6499.9,73998.52
2024-10-11,Headphones,Accessories,North,14,3508.93,12.4,5061.34,25396.02
2024-08-01,Tablet,Electronics,North,11,18828.37,3.62,2966.84,245627.54
2025-11-12,Headphones,Accessories,East,7,3038.85,10.01,15231.15,29652.64
2025-02-13,Mouse,Accessories,North,10,990.45,1.7,2135.63,10521.5
2025-01-30,Smartphone,Electronics,Central,3,27111.37,14.61,22179.4,39642.54
2025-12-01,Monitor,Electronics,West,12,11537.02,0.62,3955.65,112503.25
2024-08-19,Laptop,Electronics,South,9,55752.26,7.21,11045.52,733325.66
2025-06-19,Printer,Office,Central,11,13588.0,19.45,21646.99,102311.83
2024-09-09,Tablet,Electronics,South,1,20691.12,16.1,2962.84,13479.99
2025-11-27,Tablet,Electronics,South,3,24098.67,4.46,11355.03,49203.08
2025-08-29,Tablet,Electronics,North,12,21681.05,7.28,17478.59,258373.4
2025-10-04,Keyboard,Accessories,West,11,1689.94,12.12,6964.73,19458.17
2024-09-18,Keyboard,Accessories,East,4,1866.98,11.43,18462.11,12964.32
2024-12-09,Tablet,Electronics,East,4,24185.63,16.84,4990.16,60815.87
2024-10-10,Mouse,Accessories,West,9,873.57,5.12,9041.66,10118.49
2024-04-12,Laptop,Electronics,West,15,51231.94,17.24,23142.85,662623.45
2024-12-22,Headphones,Accessories,Central,3,3172.39,16.72,21783.39,8899.01
2025-02-15,Mouse,Accessories,North,8,951.29,5.27,16478.01,10497.79
2024-03-13,Tablet,Electronics,Central,5,25115.11,6.38,21415.23,70605.3
2024-03-08,Headphones,Accessories,North,9,3357.06,8.01,8953.91,29271.31
2025-02-26,Smartphone,Electronics,South,7,29762.98,5.05,20899.34,107953.07
2025-09-25,Smartphone,Electronics,East,9,28469.3,3.74,6485.91,170675.62
2024-01-26,Tablet,Electronics,Central,10,24067.68,12.3,11312.64,158599.18
2025-03-25,Mouse,Accessories,Central,7,863.19,0.82,10562.22,7820.82
2025-12-02,Mouse,Accessories,West,6,1001.49,4.23,16886.47,11895.52
2025-01-05,Monitor,Electronics,East,10,12252.34,17.58,19891.47,66469.51
2025-11-16,Monitor,Electronics,South,4,11550.57,0.77,4314.82,70871.16
2025-03-07,Smartphone,Electronics,West,11,31333.26,8.47,15135.13,181442.74
2024-11-26,Monitor,Electronics,East,6,10992.96,4.61,16803.55,56402.1
2024-11-04,Keyboard,Accessories,South,11,1888.9,9.47,12136.25,26671.53
2024-05-11,Monitor,Electronics,East,11,10623.73,5.31,23980.38,135369.23
2024-07-30,Printer,Office,West,5,13177.99,5.13,6703.74,62005.01
2025-09-28,Mouse,Accessories,Central,14,822.54,2.83,14803.36,12785.96
2024-04-18,Keyboard,Accessories,East,5,1586.61,1.65,17814.4,10676.56
2024-11-30,Printer,Office,West,10,16060.73,14.46,3716.35,109813.31
2024-12-24,Keyboard,Accessories,West,4,1852.07,5.72,7827.71,6969.68
2025-10-31,Monitor,Electronics,East,1,10572.5,4.15,4053.58,10572.67
2025-08-19,Laptop,Electronics,East,1,57296.06,7.06,5152.71,48538.07
2024-06-25,Monitor,Electronics,South,9,13629.71,7.99,20270.43,137940.29
2024-03-15,Smartphone,Electronics,North,1,27136.4,19.32,10930.85,20389.34
2025-06-14,Printer,Office,East,15,15602.72,18.94,19095.4,89243.69
2025-08-04,Keyboard,Accessories,North,12,2028.0,12.54,20271.83,23423.91
2025-04-29,Keyboard,Accessories,East,3,1865.79,7.21,8423.91,7130.22
2024-08-14,Printer,Office,East,9,15254.0,0.37,5363.34,89179.8
2025-04-22,Mouse,Accessories,Central,7,847.5,6.53,9489.92,7252.29
2024-11-17,Mouse,Accessories,North,13,881.59,8.97,11443.46,15648.69
2025-01-09,Printer,Office,Central,12,12947.03,17.37,12100.85,171236.72
2025-01-26,Laptop,Electronics,South,12,58966.5,2.4,23583.34,671861.22
2024-10-25,Printer,Office,South,13,16342.55,10.04,21715.54,151929.49
2024-04-22,Printer,Office,West,9,14013.69,0.0,15968.64,116539.26
2025-12-13,Monitor,Electronics,South,4,12538.16,0.0,22913.0,54145.97
2025-07-29,Keyboard,Accessories,Central,10,1911.67,16.17,23677.5,22993.95
2024-03-02,Smartphone,Electronics,East,12,29271.5,3.3,3532.99,201273.47
2024-01-18,Mouse,Accessories,West,14,994.6,5.0,10691.37,10949.54
2025-08-31,Printer,Office,South,5,13574.64,17.46,22993.44,56984.27
2025-03-11,Headphones,Accessories,East,2,3910.98,16.93,6531.81,6323.43
2024-04-29,Laptop,Electronics,East,15,61532.86,8.34,18345.82,521648.63
2024-07-23,Keyboard,Accessories,South,15,1998.27,11.28,12633.73,34568.26
2024-07-20,Tablet,Electronics,West,14,21734.56,5.74,13489.54,511524.55
2024-11-09,Keyboard,Accessories,South,14,2017.24,9.87,24666.55,35482.54
2024-08-17,Mouse,Accessories,Central,12,778.58,15.43,3099.78,8496.27
2024-08-27,Laptop,Electronics,Central,11,58088.94,15.93,22513.13,517357.46
2024-09-19,Smartphone,Electronics,East,9,30203.13,13.78,13780.47,284834.12
2025-12-04,Headphones,Accessories,East,3,3816.3,11.53,15981.06,14848.11
2024-02-28,Laptop,Electronics,West,12,60529.06,18.3,6902.78,669942.65
2024-12-03,Keyboard,Accessories,East,13,1606.97,18.98,23263.37,18730.1
2024-05-08,Tablet,Electronics,Central,15,23117.55,5.18,5887.86,277354.38
2025-12-27,Smartphone,Electronics,East,14,27759.34,4.33,18480.62,111260.17
2025-07-24,Tablet,Electronics,Central,10,24230.49,8.57,6611.93,135277.21
2024-07-16,Mouse,Accessories,North,15,961.51,4.23,7575.71,19637.23
2025-02-04,Monitor,Electronics,Central,9,11190.02,5.23,23803.1,56747.88
2025-11-24,Tablet,Electronics,North,8,22881.19,14.86,23257.61,143287.39
2024-11-07,Monitor,Electronics,North,15,11619.15,2.97,12276.76,244960.04
2024-05-23,Headphones,Accessories,West,2,3925.82,8.79,14939.83,8014.01
2024-03-07,Keyboard,Accessories,North,1,2064.98,9.57,9967.05,2926.0
2025-05-31,Laptop,Electronics,East,7,59777.81,13.7,19378.28,281623.46
2024-06-06,Laptop,Electronics,East,13,60870.99,11.69,16322.11,908445.2
2024-10-11,Headphones,Accessories,North,5,3726.67,3.2,24494.79,13954.6
2025-09-22,Tablet,Electronics,South,14,21345.29,2.48,24985.12,356794.26
2024-04-10,Smartphone,Electronics,West,6,32930.22,7.4,3967.06,174988.82
2024-12-20,Tablet,Electronics,Central,11,24186.06,9.17,5266.04,203398.85
2024-04-03,Keyboard,Accessories,West,10,1745.54,7.17,18953.87,14816.18
2024-12-15,Printer,Office,East,15,13583.57,10.51,16384.14,49736.38
2024-10-12,Headphones,Accessories,Central,15,3324.09,16.25,24225.67,59074.16
2025-05-13,Printer,Office,West,12,13910.14,3.04,16549.33,82349.75
2025-02-08,Mouse,Accessories,Central,1,935.94,8.44,7156.39,1213.01
2025-05-17,Laptop,Electronics,South,6,61416.82,3.48,12400.33,385942.68
2025-05-02,Tablet,Electronics,South,3,25273.05,10.74,17962.66,71078.23
2025-11-27,Printer,Office,North,7,15073.23,13.71,23131.38,61428.08
2025-08-24,Printer,Office,South,12,12814.38,14.64,9422.93,83555.73
2024-10-02,Laptop,Electronics,North,13,59903.44,3.12,4875.25,431339.4
2024-02-26,Laptop,Electronics,East,6,49914.69,1.37,3048.86,211777.27
2024-12-30,Monitor,Electronics,West,2,13793.37,3.46,15268.95,32768.77
2025-03-31,Laptop,Electronics,East,12,60101.22,9.21,5376.86,483082.21
2025-02-26,Mouse,Accessories,Central,4,832.67,15.45,11755.67,6872.94
2024-05-03,Monitor,Electronics,East,14,13798.14,0.23,17950.82,179227.51
2024-03-20,Tablet,Electronics,North,10,20356.94,7.91,4365.53,137132.02
2024-01-14,Headphones,Accessories,South,5,3923.81,9.35,24493.45,13428.09
2025-07-22,Keyboard,Accessories,East,8,1555.18,19.51,10919.91,11474.16
2024-10-15,Smartphone,Electronics,East,4,28214.59,7.45,18310.61,77243.86
2025-11-03,Tablet,Electronics,East,12,21511.89,0.73,3858.61,249597.86
2025-08-19,Smartphone,Electronics,South,13,27038.07,16.04,4065.85,208169.55
2025-02-28,Printer,Office,South,7,14818.7,2.26,8574.28,105064.09
2025-01-04,Monitor,Electronics,West,15,11239.74,3.87,20469.45,197990.27
2024-09-01,Mouse,Accessories,Central,4,880.44,19.81,5754.11,5096.25
2024-06-02,Monitor,Electronics,South,7,10762.73,10.2,11723.99,84755.45
2024-10-13,Smartphone,Electronics,South,9,25650.35,15.14,3294.21,304146.77
2025-01-04,Smartphone,Electronics,West,14,32575.29,16.44,12961.97,277398.07
2025-10-27,Mouse,Accessories,North,10,824.14,15.27,16088.46,9206.67
2024-02-04,Keyboard,Accessories,North,11,1604.51,19.99,16454.76,19845.63
2025-03-09,Headphones,Accessories,South,2,3466.61,0.03,15106.06,8934.65
2025-05-25,Keyboard,Accessories,East,13,1822.1,14.33,4834.08,24655.18
2024-06-14,Mouse,Accessories,East,10,883.53,5.8,9721.25,6322.17
2024-09-20,Tablet,Electronics,Central,3,24058.08,10.93,7190.76,39017.67
2025-08-28,Mouse,Accessories,Central,11,974.21,19.68,23408.58,11172.87
2024-01-24,Headphones,Accessories,North,12,3042.4,3.77,2926.47,27267.91
2025-05-25,Mouse,Accessories,East,3,915.7,13.91,20608.99,5436.57
2025-11-19,Keyboard,Accessories,West,2,1800.77,11.64,17063.81,7507.48
2025-05-03,Tablet,Electronics,South,13,20743.75,5.93,4043.58,168409.8
2025-12-08,Mouse,Accessories,North,12,1034.21,16.66,7892.99,6763.47
2025-04-12,Laptop,Electronics,North,5,50106.55,10.76,15686.82,154923.56
2025-07-02,Tablet,Electronics,Central,5,20315.31,2.38,20704.82,120944.94
2025-07-30,Keyboard,Accessories,East,6,1566.11,6.82,4631.68,5050.62
2024-09-21,Laptop,Electronics,East,1,52313.3,13.52,20297.54,30910.17
2025-03-30,Smartphone,Electronics,South,1,32356.84,16.4,18506.15,36504.43
2025-04-05,Monitor,Electronics,Central,15,13226.31,18.32,16762.05,144034.87
2024-07-27,Keyboard,Accessories,East,9,2034.02,7.94,12931.98,20096.51
2025-07-08,Headphones,Accessories,Central,10,3935.56,0.68,7457.77,59264.85
2025-02-13,Headphones,Accessories,East,10,3452.27,10.82,14925.43,28657.44
2025-05-11,Printer,Office,East,9,13244.39,9.47,10347.68,103599.01
2025-11-10,Tablet,Electronics,Central,3,19932.78,8.23,7590.32,55370.9
2025-11-10,Printer,Office,North,1,13059.27,15.82,18818.79,15199.33
2025-09-08,Laptop,Electronics,North,14,63146.06,9.54,6851.08,462398.21
2024-07-31,Printer,Office,West,1,16034.67,19.67,8250.68,11083.02
2024-03-27,Headphones,Accessories,North,5,3789.1,1.58,9105.17,14572.78
2024-01-06,Mouse,Accessories,Central,12,991.01,6.77,21265.65,14038.08
2024-03-22,Headphones,Accessories,West,4,3301.57,1.59,21020.88,18940.12
2025-03-05,Monitor,Electronics,East,6,11676.22,0.71,3169.15,110724.08
2025-07-17,Monitor,Electronics,Central,7,13076.32,14.1,3354.16,68122.58
2024-02-05,Laptop,Electronics,West,6,52514.85,9.13,20486.5,138160.2
2024-07-14,Keyboard,Accessories,West,10,1738.95,6.72,5488.71,15808.2
2025-02-10,Keyboard,Accessories,West,9,2030.62,3.03,6524.86,14674.9
2025-09-05,Smartphone,Electronics,South,5,26891.93,5.59,17044.7,99545.64
2025-07-09,Smartphone,Electronics,East,4,29274.75,15.79,2100.12,104116.4
2024-07-29,Headphones,Accessories,East,15,3894.8,15.29,11313.01,12451.32
2024-02-08,Keyboard,Accessories,North,7,1997.7,6.1,16603.94,9604.59
2025-08-02,Headphones,Accessories,South,9,3120.41,18.16,24232.32,31850.19
2024-09-03,Headphones,Accessories,West,10,3985.46,15.12,13350.89,30409.69
2024-09-08,Keyboard,Accessories,North,10,1780.35,13.57,8685.32,12670.63
2025-11-25,Printer,Office,South,11,14674.99,18.34,5092.75,90305.47
2024-05-01,Laptop,Electronics,East,7,55162.98,10.09,11339.01,329722.56
2024-09-29,Smartphone,Electronics,West,14,31857.24,14.41,24205.11,477770.41
2024-12-30,Headphones,Accessories,Central,7,3336.03,17.3,7401.75,21605.27
2024-10-20,Mouse,Accessories,East,13,876.8,5.12,8060.99,11411.2
2024-02-19,Tablet,Electronics,Central,10,19160.76,13.41,7276.48,149781.63
2025-03-12,Smartphone,Electronics,South,7,32643.04,1.18,9600.3,269197.01
2024-08-21,Mouse,Accessories,East,1,1011.37,0.37,18011.52,3622.46
2025-03-15,Laptop,Electronics,North,4,59330.45,19.51,16507.33,154349.73
2025-11-17,Keyboard,Accessories,West,10,1684.74,0.96,17406.21,25106.19
2024-03-11,Headphones,Accessories,Central,6,3024.1,10.26,14763.69,17725.0
2025-02-17,Monitor,Electronics,West,15,11205.15,13.35,15850.79,107553.18
2025-07-24,Tablet,Electronics,South,9,22267.83,15.32,14335.1,133560.5
2025-05-11,Headphones,Accessories,West,2,3771.08,9.9,21333.81,13759.74
2025-11-09,Monitor,Electronics,North,1,11658.3,0.56,7635.2,7916.96
2025-03-21,Printer,Office,West,13,14928.25,1.65,18068.1,168932.23
2025-08-06,Headphones,Accessories,West,10,3939.0,7.94,18805.26,33180.71
2024-09-14,Keyboard,Accessories,Central,1,1743.33,17.94,6374.1,1437.74
2025-10-15,Monitor,Electronics,North,13,12055.35,12.31,19543.41,37229.52
2024-12-24,Tablet,Electronics,East,6,21618.98,5.04,22505.65,80915.31
2025-02-24,Monitor,Electronics,Central,4,13300.74,8.82,14414.81,28712.64
2025-07-11,Keyboard,Accessories,East,5,1947.96,5.52,8798.06,6341.95
2025-08-10,Headphones,Accessories,West,10,3114.17,15.23,9945.91,12902.91
2025-11-28,Headphones,Accessories,South,15,3899.71,14.88,17184.33,72597.57
2025-06-22,Smartphone,Electronics,East,1,27652.02,17.33,20163.8,24947.57
2024-07-04,Keyboard,Accessories,North,15,1856.48,2.07,16052.39,36235.3
2025-12-21,Monitor,Electronics,North,1,11730.17,15.18,23655.47,17755.2
2025-10-20,Laptop,Electronics,East,2,49111.49,8.6,21603.1,53985.53
2025-03-28,Smartphone,Electronics,Central,1,32134.97,19.64,14838.42,39085.94
2025-10-04,Tablet,Electronics,South,11,23988.05,2.11,9480.18,146524.84
2024-02-20,Headphones,Accessories,North,4,3094.96,3.19,21471.37,11850.11
2025-07-21,Monitor,Electronics,North,15,11215.56,5.94,5445.62,116020.32
2025-11-06,Tablet,Electronics,East,8,22652.75,1.18,17215.45,170020.86
2025-01-09,Headphones,Accessories,Central,4,3301.33,18.89,18699.86,15694.72
2025-11-02,Headphones,Accessories,West,8,3300.22,18.76,4102.78,27517.13
2024-07-26,Mouse,Accessories,Central,1,985.86,9.95,14222.16,5580.29
2024-04-05,Mouse,Accessories,Central,2,787.78,14.72,10164.22,1432.09
2024-11-02,Monitor,Electronics,South,4,11210.51,8.2,17495.43,60192.89
2024-04-02,Monitor,Electronics,South,6,12114.51,7.29,8828.51,61406.68
2025-05-06,Laptop,Electronics,South,8,46945.97,13.45,23680.86,139868.32
2024-12-30,Headphones,Accessories,North,5,3161.6,14.68,17028.95,14678.53
2025-01-24,Monitor,Electronics,North,10,12375.75,14.15,22244.96,80465.15
2025-07-19,Headphones,Accessories,Central,8,3905.43,5.37,24503.51,24967.4
2025-06-19,Printer,Office,West,7,15681.97,17.06,17965.3,95036.73
2025-04-28,Laptop,Electronics,West,5,63144.77,5.01,13058.69,302320.53
2025-03-28,Tablet,Electronics,East,11,23328.4,9.92,2846.15,212421.99
2025-08-18,Smartphone,Electronics,West,12,30389.75,17.0,3402.35,424445.48
2024-12-31,Keyboard,Accessories,South,11,1735.59,2.35,3338.55,21883.96
2024-08-01,Keyboard,Accessories,South,1,1596.38,14.6,15736.61,6180.59
2025-02-18,Monitor,Electronics,Central,10,12204.47,4.34,20046.34,106496.98
2024-01-17,Headphones,Accessories,South,1,3740.33,14.26,14966.9,5109.57
2024-09-22,Mouse,Accessories,Central,6,975.58,17.84,16307.94,9071.81
2024-08-06,Keyboard,Accessories,Central,6,1926.01,0.77,20040.37,9269.42
2024-12-16,Headphones,Accessories,East,5,3547.46,14.01,18215.49,19268.22
2024-06-28,Monitor,Electronics,East,2,11879.9,7.53,22977.38,22021.02
2025-01-23,Keyboard,Accessories,East,13,1680.21,15.86,18299.75,19159.73
2025-02-23,Smartphone,Electronics,East,6,33961.97,4.92,20921.09,134527.88
2025-10-30,Printer,Office,West,1,15255.24,5.26,3874.84,4937.97
2024-06-17,Smartphone,Electronics,East,10,33967.71,10.63,12365.34,222728.42
2025-11-12,Smartphone,Electronics,Central,14,28828.75,16.66,24225.17,371920.06
2024-01-09,Laptop,Electronics,Central,13,58566.28,4.33,23971.58,857010.76
2025-05-11,Headphones,Accessories,West,5,3695.02,5.5,2680.41,16265.65
2025-09-18,Laptop,Electronics,West,4,58825.98,18.89,17637.12,178874.14
2025-12-23,Headphones,Accessories,East,7,3424.23,1.2,23585.39,41786.18
2024-09-10,Printer,Office,West,5,15739.77,5.93,13354.89,67959.66
2024-11-16,Tablet,Electronics,West,3,25006.17,19.81,12929.34,70807.45
2025-06-03,Smartphone,Electronics,East,3,30068.94,15.87,13122.28,55402.98
2024-12-27,Tablet,Electronics,North,15,20135.53,14.96,18153.23,298109.41
2025-01-09,Smartphone,Electronics,Central,6,33597.23,1.49,19217.84,104936.46
2025-04-06,Keyboard,Accessories,Central,13,1853.91,9.55,18479.2,26747.89
2025-08-12,Headphones,Accessories,West,13,3886.53,5.44,2330.08,69034.5
2025-06-18,Smartphone,Electronics,Central,8,30528.27,2.35,13430.99,283094.0
2024-04-13,Printer,Office,Central,15,16367.03,18.6,16990.81,122982.66
2025-10-15,Laptop,Electronics,North,10,53646.68,14.89,19867.83,523769.72
2024-06-08,Mouse,Accessories,East,6,991.04,1.19,9920.44,7442.37
2025-06-04,Mouse,Accessories,East,5,954.14,8.67,15027.19,8632.41
2024-07-19,Headphones,Accessories,East,2,3531.67,3.84,12205.91,7052.86
2025-12-19,Tablet,Electronics,Central,13,20402.93,0.89,9299.96,181960.76
2024-01-11,Laptop,Electronics,Central,4,50612.53,6.36,12465.75,111677.14
2024-10-07,Headphones,Accessories,West,12,3119.5,19.0,9281.67,15444.34
2025-08-24,Headphones,Accessories,Central,12,3075.82,8.67,11084.42,40110.4
2024-09-14,Monitor,Electronics,West,6,10517.87,7.9,18482.53,46458.14
2024-04-18,Monitor,Electronics,South,14,12261.48,13.54,7545.54,115651.88
2025-02-24,Laptop,Electronics,West,4,57007.43,13.42,8999.14,174017.33
2024-05-26,Monitor,Electronics,East,1,12108.54,4.24,2393.15,10889.61
2025-01-24,Laptop,Electronics,Central,13,61897.19,19.77,22387.58,535722.44
2024-06-22,Tablet,Electronics,East,11,22988.68,2.85,18485.86,309070.03
2025-04-11,Keyboard,Accessories,South,4,1960.72,19.21,15411.76,12975.32
2025-01-14,Laptop,Electronics,West,7,56447.35,13.46,3765.63,387315.07
2024-06-13,Printer,Office,West,15,15013.7,5.08,10502.8,180086.96
2024-06-30,Headphones,Accessories,West,13,3298.74,8.66,24012.95,30511.16
2025-08-29,Laptop,Electronics,East,7,57338.56,8.94,7893.83,426146.83
2025-10-16,Tablet,Electronics,West,9,22381.78,13.95,10659.95,165983.83
2025-11-23,Tablet,Electronics,West,7,18992.89,18.98,12496.87,127887.29
2024-05-25,Printer,Office,North,3,14610.18,9.22,20054.75,44590.45
2025-06-10,Mouse,Accessories,North,3,886.98,9.47,16516.15,3766.55
2025-01-26,Keyboard,Accessories,South,7,1949.19,14.0,24717.46,15527.34
2024-08-18,Smartphone,Electronics,East,12,34355.8,17.77,22950.13,155542.38
2025-12-01,Smartphone,Electronics,Central,3,33235.91,4.03,2521.3,78852.52
2024-09-23,Keyboard,Accessories,West,12,1550.1,1.43,15138.91,25835.64
2025-04-26,Keyboard,Accessories,Central,13,1667.17,1.88,2106.74,8760.46
2025-12-30,Tablet,Electronics,North,9,19483.79,2.57,14918.26,122473.96
2025-06-01,Smartphone,Electronics,North,15,27141.68,19.02,15094.98,232165.51
2024-03-05,Laptop,Electronics,West,9,51300.21,18.37,21865.02,396146.16
2025-12-24,Headphones,Accessories,West,11,3736.45,2.08,14116.21,37915.8
2024-06-09,Tablet,Electronics,Central,10,21584.18,10.88,3498.96,207177.85
2025-08-09,Headphones,Accessories,South,7,3745.87,12.63,20389.82,20217.14
2025-03-23,Headphones,Accessories,Central,11,3443.26,5.99,10796.53,19332.76
2024-04-04,Monitor,Electronics,East,9,12321.24,16.3,22511.21,83621.22
2024-08-13,Printer,Office,North,11,15694.61,15.04,18213.0,128438.12
2025-06-01,Smartphone,Electronics,West,8,34477.12,0.11,16475.34,255810.88
2025-06-04,Headphones,Accessories,Central,6,3869.84,5.97,21097.49,24161.79
2025-07-26,Mouse,Accessories,South,12,822.02,11.34,20555.98,11138.3
2025-07-01,Headphones,Accessories,West,4,3392.22,4.13,19414.7,14500.25
2024-04-01,Laptop,Electronics,West,3,62203.4,11.5,13152.04,160047.61
2024-04-08,Keyboard,Accessories,Central,6,1984.05,5.76,19556.8,12944.81
2024-07-01,Headphones,Accessories,North,15,3249.73,5.11,9492.48,56892.13
2024-03-11,Monitor,Electronics,South,3,11000.48,9.53,4687.2,24375.94
2024-08-19,Keyboard,Accessories,East,6,2019.07,6.24,4592.96,6717.64
2025-03-25,Monitor,Electronics,West,15,13050.83,1.56,3845.26,113475.48
2025-11-07,Keyboard,Accessories,South,5,1702.28,17.83,3529.2,3646.27
2025-12-08,Tablet,Electronics,Central,8,24363.0,8.64,19790.56,119400.91
2024-08-01,Monitor,Electronics,Central,2,12911.42,14.61,10296.17,32467.34
2025-07-28,Smartphone,Electronics,West,4,31378.23,11.48,18815.48,65480.62
2025-10-13,Tablet,Electronics,East,6,19393.44,17.06,14463.62,35317.21
2025-01-11,Headphones,Accessories,East,3,3004.63,17.38,24511.2,15946.63
2025-07-09,Headphones,Accessories,North,7,3974.12,3.88,23454.36,36208.54
2024-01-08,Keyboard,Accessories,North,3,1887.55,8.96,12135.03,4928.81
2025-09-19,Monitor,Electronics,South,7,11781.05,8.88,24945.19,105644.08
2025-12-13,Headphones,Accessories,North,14,3799.01,12.15,4133.11,46997.38
2024-05-05,Smartphone,Electronics,North,6,31413.11,2.74,5964.32,160274.48
2024-06-05,Smartphone,Electronics,Central,1,26277.03,7.21,20288.64,30344.72
2024-04-14,Headphones,Accessories,East,12,3072.02,5.28,7662.31,17674.25
2025-04-06,Laptop,Electronics,Central,5,54186.96,15.8,16480.11,134850.22
2025-01-19,Mouse,Accessories,North,4,835.34,4.87,19786.35,8450.23
2025-12-13,Monitor,Electronics,South,10,12293.46,16.11,13200.41,111968.59
2024-08-30,Tablet,Electronics,North,3,24849.13,15.27,8898.69,73085.99
2024-08-29,Smartphone,Electronics,South,11,31651.26,2.09,7802.71,208931.12
2024-12-20,Mouse,Accessories,East,1,969.85,1.4,7886.93,2559.17
2025-05-30,Smartphone,Electronics,South,11,32582.69,14.69,13827.42,285653.19
2025-09-10,Keyboard,Accessories,West,13,1928.66,11.2,9749.36,14895.62
2025-12-28,Headphones,Accessories,West,8,3215.7,2.82,12564.94,19676.83
2025-04-28,Laptop,Electronics,West,13,53226.38,8.06,4349.75,265527.87
2025-10-16,Printer,Office,North,13,13449.16,1.12,12113.76,165570.5
2025-04-28,Smartphone,Electronics,Central,12,33968.68,4.5,15389.75,407840.76
2025-11-25,Headphones,Accessories,Central,13,3427.64,2.34,15454.86,43591.9
2025-08-26,Mouse,Accessories,North,8,987.3,4.91,7304.91,5567.2
2025-01-15,Printer,Office,West,10,16175.64,13.34,16983.56,128642.6
2024-07-21,Headphones,Accessories,Central,8,3699.95,17.89,11165.33,18646.58
2025-07-14,Mouse,Accessories,North,11,857.96,14.53,13324.46,13249.84
2024-07-23,Monitor,Electronics,North,8,12664.7,6.69,4921.48,90353.7
2024-06-23,Monitor,Electronics,South,9,11634.56,16.19,9344.32,81135.96
2024-07-24,Mouse,Accessories,South,15,817.83,18.47,14324.04,11238.39
2025-07-13,Headphones,Accessories,Central,9,3964.57,5.11,21204.89,41115.09
2024-09-19,Mouse,Accessories,South,3,798.32,16.71,4453.7,5157.59
2024-08-03,Printer,Office,Central,2,15660.96,14.55,11265.91,21814.51
2025-04-15,Keyboard,Accessories,West,6,1980.1,17.06,12280.44,11310.45
2024-01-06,Monitor,Electronics,North,10,13345.28,15.15,15665.12,90586.33
2025-12-17,Laptop,Electronics,South,2,58062.51,6.88,13574.02,149058.77
2024-12-08,Printer,Office,West,5,15395.95,2.04,7570.16,93962.75
2025-04-09,Tablet,Electronics,North,3,24068.56,13.87,4104.33,75800.98
2024-12-10,Laptop,Electronics,East,15,50722.29,4.45,3716.1,952753.21
2024-11-18,Tablet,Electronics,East,14,24958.47,16.7,9776.06,179576.18
2025-07-04,Printer,Office,Central,8,15808.2,18.91,9015.43,100465.86
2024-07-06,Smartphone,Electronics,Central,14,26552.51,8.29,4172.72,325598.32
2024-02-20,Mouse,Accessories,East,9,779.4,7.88,14085.13,8780.1
2024-11-08,Printer,Office,Central,9,16843.88,6.8,4346.69,189863.3
2025-01-27,Monitor,Electronics,North,13,11734.0,8.84,22052.22,40468.17
2025-06-22,Headphones,Accessories,North,8,3487.35,5.37,9671.73,22504.74
2025-04-01,Headphones,Accessories,Central,2,3095.43,5.45,23728.95,12354.85
2024-09-02,Smartphone,Electronics,East,13,28196.99,8.1,10128.16,165793.53
2025-09-07,Tablet,Electronics,East,6,25120.13,12.75,15626.11,148557.16
2024-07-29,Tablet,Electronics,East,8,24184.21,3.36,22685.22,215030.92
2025-04-19,Monitor,Electronics,Central,8,13071.74,12.33,13072.92,94465.86
2024-09-01,Monitor,Electronics,West,12,11067.28,12.92,3019.12,123693.57
2025-03-07,Mouse,Accessories,North,12,910.15,16.07,18441.39,8559.38
2024-06-21,Tablet,Electronics,South,4,22437.95,12.66,11143.01,95276.42
2025-02-12,Laptop,Electronics,North,6,60585.86,0.62,21449.79,302800.07
2024-09-04,Headphones,Accessories,West,4,3368.58,14.63,5759.48,11937.81
2025-07-20,Keyboard,Accessories,South,5,2031.51,5.41,23143.81,13936.01
2024-02-24,Smartphone,Electronics,East,9,34227.93,9.79,11818.39,196214.37
2025-06-12,Tablet,Electronics,West,1,24869.65,7.93,24400.25,27128.58
2024-10-06,Headphones,Accessories,North,10,2989.0,19.06,17076.26,25162.58
2024-07-17,Tablet,Electronics,West,4,20335.89,12.99,11828.59,94060.73
2024-09-23,Monitor,Electronics,Central,14,10381.69,13.32,11285.02,64744.68
2024-04-24,Mouse,Accessories,West,10,844.8,8.78,13748.61,9077.23
2024-03-09,Headphones,Accessories,East,4,3594.64,1.13,5915.74,11885.08
2024-01-21,Printer,Office,Central,14,14459.6,3.48,12539.68,123625.95
2024-04-25,Printer,Office,North,6,15759.22,12.16,21359.23,66476.24
2024-02-17,Smartphone,Electronics,North,3,29186.14,5.08,2288.61,72827.8
2024-01-08,Mouse,Accessories,South,6,903.42,3.78,17557.13,9592.58
2024-04-14,Printer,Office,West,9,17168.18,0.37,23684.53,185401.43
2025-11-25,Headphones,Accessories,Central,12,3358.66,14.3,13144.46,38520.36
2025-02-18,Monitor,Electronics,East,7,11178.08,15.73,14487.68,43565.2
2024-12-23,Monitor,Electronics,West,9,10772.56,17.71,12959.08,111220.85
2025-12-04,Laptop,Electronics,West,12,52014.58,2.08,24670.2,903280.9
2025-10-08,Headphones,Accessories,West,9,3898.2,2.82,17948.0,39703.26
2025-11-02,Monitor,Electronics,North,8,12970.52,14.91,6389.53,85029.91
2025-09-20,Printer,Office,South,7,12989.27,14.06,11790.03,83388.65
2025-01-24,Printer,Office,South,7,16818.95,9.59,24552.28,100964.63
2024-02-29,Keyboard,Accessories,South,4,1888.29,4.56,2394.41,6849.36
2025-07-12,Smartphone,Electronics,South,5,30874.79,14.93,7695.2,58646.04
2024-05-26,Laptop,Electronics,South,2,55473.11,11.96,2220.48,50807.66
2025-11-17,Smartphone,Electronics,South,4,33600.95,15.21,10539.57,149920.61
2024-05-09,Mouse,Accessories,North,2,769.24,12.36,4894.29,687.54
2024-12-18,Tablet,Electronics,East,9,21276.74,2.57,6321.16,243426.56
2025-01-06,Laptop,Electronics,West,12,54026.94,11.83,6538.85,464658.65
2025-10-14,Laptop,Electronics,East,8,48754.13,10.37,15926.57,160939.17
2024-12-15,Smartphone,Electronics,South,14,27487.49,6.7,12032.77,335115.23
2025-07-30,Laptop,Electronics,East,15,54676.07,19.09,21187.26,983476.03
2024-01-07,Smartphone,Electronics,Central,14,32129.02,2.53,22311.63,169577.42
2025-02-17,Headphones,Accessories,South,5,3548.43,0.53,20421.57,16566.93
2025-06-08,Mouse,Accessories,West,12,852.54,8.6,5997.42,9022.79
2024-02-14,Keyboard,Accessories,North,10,2069.59,12.31,19286.35,18995.4
2025-10-21,Headphones,Accessories,South,1,4016.16,4.56,24620.18,8305.48
2025-07-02,Laptop,Electronics,North,7,50000.39,12.07,24198.51,280754.0
2024-04-06,Laptop,Electronics,South,5,56653.72,7.33,10983.21,153556.0
2024-06-20,Printer,Office,East,5,14273.45,2.62,21253.74,76784.21
2025-01-25,Monitor,Electronics,East,8,13163.21,9.36,20564.77,75780.32
2024-10-11,Smartphone,Electronics,South,8,27216.75,1.69,2278.66,166716.43
2024-12-31,Mouse,Accessories,North,11,968.9,3.59,22081.36,16111.11
2024-08-03,Smartphone,Electronics,East,12,26165.37,9.24,23520.45,276990.97
2025-05-24,Smartphone,Electronics,Central,9,28609.04,7.48,23962.31,186338.67
2025-05-29,Monitor,Electronics,West,2,13727.78,3.45,20234.48,24582.34
2024-11-07,Keyboard,Accessories,South,5,1912.76,1.37,18186.33,11943.1
2024-05-29,Smartphone,Electronics,East,2,26216.73,17.5,24344.98,32426.52
2024-05-20,Laptop,Electronics,North,4,58224.4,8.68,11915.45,206064.75
2025-02-25,Mouse,Accessories,North,9,853.77,1.08,17358.25,7895.75
2025-04-03,Laptop,Electronics,South,8,51200.06,13.77,8073.54,366579.95
2024-10-20,Laptop,Electronics,East,6,47435.33,8.75,16038.32,304504.69
2024-11-09,Mouse,Accessories,East,8,950.81,2.31,12721.27,7888.36
2025-11-18,Tablet,Electronics,South,8,19264.31,10.33,6911.95,180635.48
2024-12-07,Printer,Office,West,13,16031.43,4.49,15291.86,142424.46
2025-07-22,Headphones,Accessories,North,10,3648.38,5.06,24563.05,45643.68
2024-02-14,Smartphone,Electronics,South,2,31372.81,1.9,9606.16,42840.81
2024-07-29,Laptop,Electronics,North,8,51748.97,18.64,16568.9,315234.29
2024-08-06,Printer,Office,South,2,17191.54,4.49,17031.47,21079.38
2025-01-22,Printer,Office,East,10,16955.64,18.49,14195.11,18893.22
2025-02-23,Smartphone,Electronics,South,9,30712.26,8.36,3032.43,221912.08
2024-05-13,Smartphone,Electronics,South,12,32083.03,0.48,12785.69,392037.5
2025-10-17,Keyboard,Accessories,East,5,1935.85,6.03,24240.74,18422.37
2025-06-28,Keyboard,Accessories,East,5,1592.35,4.97,8065.89,11373.83
2025-02-08,Printer,Office,Central,8,13390.99,8.88,15563.97,87080.93
2024-08-25,Keyboard,Accessories,South,1,1538.35,2.69,10377.15,3989.27
2025-12-22,Monitor,Electronics,West,11,13545.66,14.64,23665.61,105530.61
2024-04-29,Headphones,Accessories,North,11,3174.88,8.59,16607.31,23732.74
2025-12-09,Monitor,Electronics,West,15,13087.51,13.45,23890.66,209868.03
2024-07-16,Smartphone,Electronics,East,8,29152.67,10.87,11069.84,146775.1
2025-10-19,Monitor,Electronics,North,12,12216.75,7.78,13451.364,114235.76
2024-05-04,Mouse,Accessories,Central,6,835.39,7.36,12775.73,6502.98
2024-05-26,Keyboard,Accessories,East,7,1945.59,19.72,14947.42,14638.39
2025-05-08,Headphones,Accessories,West,15,3833.64,11.44,18741.75,45187.45
2024-01-03,Printer,Office,Central,11,15151.15,11.93,14063.25,131250.22
2024-08-27,Monitor,Electronics,East,5,11385.93,10.98,17840.8,34509.14
2024-08-31,Laptop,Electronics,North,10,57929.83,8.65,4153.68,288910.37
2024-03-12,Keyboard,Accessories,West,2,2060.11,5.5,24030.98,9279.14
2024-07-15,Mouse,Accessories,East,6,765.38,6.22,17312.68,10568.35
2025-06-29,Monitor,Electronics,West,13,11498.38,11.3,5079.08,141358.67
2025-04-20,Mouse,Accessories,West,10,954.41,7.17,23544.24,13925.29
2025-06-12,Keyboard,Accessories,South,13,1852.73,19.65,12347.6,19133.88
2025-11-04,Laptop,Electronics,West,1,55405.79,5.46,2873.11,42306.47
2024-04-10,Monitor,Electronics,South,11,13529.55,4.34,23652.79,123660.35
2025-08-20,Mouse,Accessories,West,11,927.26,8.89,2922.54,6800.54
2024-08-22,Keyboard,Accessories,Central,3,1597.94,13.16,2629.53,3492.69
2025-11-30,Monitor,Electronics,Central,10,10248.12,11.01,7680.28,75360.33
2025-05-12,Keyboard,Accessories,North,7,2061.35,7.7,5369.58,7828.99
2024-05-27,Printer,Office,West,1,16121.17,14.46,16152.5,15086.98
2024-12-17,Mouse,Accessories,West,11,916.8,17.83,6941.46,11820.07
2024-06-08,Printer,Office,West,10,16626.74,13.36,24408.89,162050.19
2024-07-12,Monitor,Electronics,North,9,13224.21,2.53,22799.14,135706.43
2024-09-01,Tablet,Electronics,North,2,19525.85,14.89,21096.55,30819.96
2024-10-18,Laptop,Electronics,Central,6,49426.0,11.38,19821.9,237327.81
2024-07-10,Tablet,Electronics,South,1,22989.81,17.63,7322.49,23465.58
2025-04-21,Laptop,Electronics,Central,4,48999.35,17.42,8852.14,120436.11
2024-10-17,Headphones,Accessories,West,11,3242.15,7.65,22326.48,30529.97
2025-06-17,Smartphone,Electronics,Central,15,26431.76,16.05,7237.43,320598.62
2024-02-20,Tablet,Electronics,Central,8,21645.8,4.21,17035.56,127340.41
2025-09-03,Headphones,Accessories,East,14,3989.99,17.53,19853.18,50199.42
2024-05-23,Headphones,Accessories,North,3,3907.57,5.01,13990.68,12359.88
2025-07-17,Tablet,Electronics,East,1,19599.12,2.81,21307.85,17671.6
2025-07-10,Monitor,Electronics,South,9,12072.75,14.7,13376.06,90273.61
2025-09-22,Smartphone,Electronics,Central,11,33725.12,4.13,20526.08,278603.25
2025-08-08,Printer,Office,Central,8,12758.62,4.63,6427.89,104430.07
2025-03-27,Headphones,Accessories,South,6,3242.67,12.49,7508.68,18268.77
2025-03-19,Headphones,Accessories,North,6,3667.65,4.59,37161.828,22665.1
2024-06-15,Printer,Office,Central,11,15287.19,5.74,10171.98,150261.29
2024-12-10,Smartphone,Electronics,Central,12,34463.77,10.49,18690.6,549415.17
2024-06-23,Tablet,Electronics,South,2,24528.23,16.95,8576.1,27738.43
2024-01-13,Tablet,Electronics,East,4,19767.27,16.51,2636.87,34698.2
2024-08-09,Headphones,Accessories,Central,12,3302.36,4.85,13820.19,33309.97
2024-03-16,Printer,Office,North,1,14808.56,8.44,14254.97,18764.88
2024-07-20,Headphones,Accessories,Central,11,3441.24,17.12,3141.09,33976.16
2025-01-31,Smartphone,Electronics,Central,11,29464.07,17.68,2901.53,191880.61
2025-07-17,Mouse,Accessories,South,9,888.48,11.55,17741.26,12584.35
2024-05-28,Monitor,Electronics,Central,10,10523.8,17.02,23487.44,74307.14
2024-01-19,Headphones,Accessories,North,5,3644.91,1.49,21867.63,13661.69
2024-07-18,Printer,Office,West,11,14403.2,0.18,9018.9,119291.11
2025-07-13,Tablet,Electronics,West,15,23375.76,5.21,17324.05,306261.08
2025-04-01,Tablet,Electronics,South,5,19237.2,1.36,21917.22,108676.74
2024-05-10,Mouse,Accessories,South,15,843.22,1.26,12286.07,16612.27
2025-02-11,Monitor,Electronics,South,7,13607.96,0.68,7658.81,88332.59
2025-09-07,Tablet,Electronics,West,11,21715.65,7.09,3894.45,262320.46
2024-07-17,Mouse,Accessories,West,8,815.28,7.56,12819.38,6112.99
2024-02-14,Smartphone,Electronics,East,1,33884.43,10.91,8487.39,18609.67
2024-08-30,Tablet,Electronics,Central,10,21543.27,10.22,24893.02,193114.66
2024-12-20,Printer,Office,Central,2,12780.69,9.28,21850.56,35205.29
2025-07-29,Laptop,Electronics,North,12,58730.43,7.07,3450.59,753734.55
2024-07-11,Printer,Office,North,14,16682.55,15.61,2798.63,195451.3
2025-09-21,Keyboard,Accessories,North,13,1941.44,11.09,6938.53,15816.07
2024-12-27,Printer,Office,South,8,15935.37,17.68,16292.88,144076.75
2025-01-06,Laptop,Electronics,West,10,58149.45,18.58,20246.32,311374.63
2024-06-30,Keyboard,Accessories,West,9,1948.21,6.87,17949.62,23918.7
2024-06-25,Laptop,Electronics,Central,5,50007.96,7.91,7339.42,272327.99
2024-02-01,Headphones,Accessories,North,9,3073.56,1.19,16026.91,24776.99
2025-12-22,Tablet,Electronics,East,13,25079.28,3.03,15805.05,199333.09
2025-03-23,Laptop,Electronics,West,3,48368.14,8.74,17007.49,101339.7
2024-06-29,Tablet,Electronics,North,12,21867.45,14.67,10404.07,276498.74
2024-11-30,Laptop,Electronics,North,4,60729.76,13.51,18968.61,136326.65
2025-02-04,Keyboard,Accessories,North,3,1652.33,10.36,6474.19,6257.49
2024-02-10,Headphones,Accessories,West,13,3365.16,2.42,3140.45,29634.95
2024-03-12,Monitor,Electronics,East,2,10306.39,9.25,9034.74,13386.55
2024-05-31,Smartphone,Electronics,East,4,33037.55,11.78,14729.23,102059.78
2024-06-28,Tablet,Electronics,East,12,21429.95,6.92,5765.32,202029.65
2025-11-01,Keyboard,Accessories,North,4,1917.37,15.7,19794.4,11158.42
2024-05-27,Headphones,Accessories,North,14,3538.52,19.24,5618.77,25371.46
2025-08-16,Laptop,Electronics,North,2,49210.02,0.69,14877.97,119731.07
2025-04-01,Smartphone,Electronics,Central,1,31952.66,0.16,4689.01,24453.32
2025-07-22,Printer,Office,North,7,12772.23,11.93,10952.98,35689.28
2025-01-04,Printer,Office,North,2,14710.24,5.29,13627.45,26251.91
2025-09-01,Mouse,Accessories,South,5,787.28,11.77,3354.9,3635.04
2024-06-03,Keyboard,Accessories,Central,13,1871.43,13.33,24237.6,14867.57
2024-11-12,Printer,Office,East,7,15079.19,3.85,10248.85,116155.29
2025-05-08,Printer,Office,East,5,14686.97,10.07,4867.44,51173.85
2024-02-11,Headphones,Accessories,South,12,3987.9,1.56,5206.28,19147.41
2025-06-05,Keyboard,Accessories,West,8,1679.86,6.19,6386.07,15232.89
2024-07-11,Smartphone,Electronics,South,15,28262.04,13.97,16711.82,423816.58
2025-12-28,Keyboard,Accessories,Central,9,2050.84,19.91,12729.29,17607.67
2024-05-21,Keyboard,Accessories,North,14,1813.79,0.67,12933.29,34550.17
2025-04-02,Headphones,Accessories,North,14,3370.77,11.57,17282.97,47419.95
2025-07-27,Tablet,Electronics,Central,13,18731.46,18.23,2019.72,160559.77
2025-05-08,Tablet,Electronics,North,14,24874.66,1.92,24285.64,69910.11
2025-05-29,Mouse,Accessories,East,5,1006.63,12.26,5149.15,6369.42
2024-03-31,Tablet,Electronics,Central,13,19530.92,15.3,22833.29,165907.73
2025-04-17,Smartphone,Electronics,North,4,31751.63,6.37,7850.03,122926.6
2024-09-11,Smartphone,Electronics,North,15,34348.74,9.61,18198.7,462639.29
2024-07-21,Smartphone,Electronics,Central,9,32372.27,6.42,12482.43,368736.87
2025-08-15,Smartphone,Electronics,South,2,30948.75,8.63,21050.51,34685.14
2024-09-26,Printer,Office,North,10,14366.22,18.85,18935.02,90923.26
2024-08-18,Tablet,Electronics,South,11,22182.85,13.36,4347.42,231568.93
2024-08-29,Tablet,Electronics,East,5,21414.69,17.15,11427.26,81487.96
2024-12-09,Tablet,Electronics,North,2,23845.3,17.3,9462.43,39094.82
2024-11-19,Smartphone,Electronics,East,7,26657.33,16.91,15581.73,124297.35
2024-10-21,Mouse,Accessories,North,2,821.54,1.05,4838.36,1929.64
2025-12-27,Mouse,Accessories,West,9,1024.11,19.53,18770.83,11589.42
2024-10-12,Keyboard,Accessories,South,12,1548.86,8.67,23316.78,24177.82
2024-07-09,Printer,Office,East,11,17131.11,1.24,22379.17,200152.12
2024-10-19,Printer,Office,Central,11,15737.94,10.25,15426.03,174489.99
2025-10-13,Keyboard,Accessories,South,8,1958.18,14.47,2599.53,9744.76
2024-03-24,Keyboard,Accessories,South,6,1760.09,5.43,23718.18,13265.94
2025-08-20,Laptop,Electronics,North,5,59787.61,16.48,5054.32,128622.75
2025-09-18,Tablet,Electronics,West,1,24700.33,2.23,2635.17,16048.56
2025-10-10,Monitor,Electronics,East,14,13187.08,5.29,13909.13,118189.85
2024-09-06,Tablet,Electronics,South,1,19584.52,15.84,16393.35,20623.51
2025-12-20,Laptop,Electronics,North,1,55690.94,10.31,17600.66,38879.0
2025-05-22,Tablet,Electronics,South,13,23566.98,11.17,20643.51,186457.86
2024-07-05,Smartphone,Electronics,South,10,33088.13,6.53,9894.72,336644.68
2024-05-05,Laptop,Electronics,Central,3,62807.25,16.42,21909.66,189186.45
2025-08-28,Headphones,Accessories,Central,13,3183.89,11.1,2696.37,27497.94
2024-09-19,Monitor,Electronics,East,4,12331.1,10.36,22477.19,59188.26
2024-08-25,Mouse,Accessories,East,14,890.63,13.1,20717.45,10380.79
2024-10-18,Laptop,Electronics,South,2,59488.35,14.89,10000.04,101539.46
2025-01-20,Headphones,Accessories,Central,15,3048.53,17.41,15700.95,33555.11
2024-02-09,Tablet,Electronics,North,8,23377.35,14.31,21593.3,92252.47
2024-04-01,Mouse,Accessories,West,13,943.31,17.64,13090.97,13435.77
2025-03-25,Mouse,Accessories,West,3,904.05,12.36,24099.84,8618.21
2024-12-06,Monitor,Electronics,South,6,13353.15,1.91,4253.88,80955.49
2025-03-09,Laptop,Electronics,Central,3,48676.64,4.93,24194.96,132846.18
2024-02-13,Laptop,Electronics,South,13,55492.46,4.2,23801.46,652127.12
2024-03-08,Tablet,Electronics,South,12,20401.61,7.47,2669.33,175971.66
2024-07-30,Printer,Office,North,8,14619.07,10.57,11562.23,61965.48
2024-08-02,Laptop,Electronics,East,12,57860.38,8.27,12631.31,455784.13
2024-10-25,Smartphone,Electronics,Central,1,29670.23,6.87,17283.81,38005.85
2025-09-09,Headphones,Accessories,North,5,3712.6,13.72,18710.88,16862.15
2025-07-04,Smartphone,Electronics,Central,2,27831.02,11.36,8022.56,53502.29
2024-11-04,Laptop,Electronics,South,13,47483.83,16.05,20321.59,440922.15
2024-01-04,Smartphone,Electronics,East,6,32348.89,16.45,16837.37,164990.04
2025-07-15,Keyboard,Accessories,Central,5,1690.05,19.52,10254.2,7419.41
2025-10-23,Keyboard,Accessories,East,6,1532.21,3.39,15301.14,10796.95
2024-05-02,Monitor,Electronics,West,1,10650.73,18.72,17707.66,13396.56
2025-07-13,Printer,Office,South,14,15835.75,2.25,17533.92,272262.39
2024-10-20,Monitor,Electronics,Central,3,10813.75,0.16,6059.53,28836.41
2025-12-18,Tablet,Electronics,West,12,21699.06,3.72,6087.12,187786.51
2024-03-14,Printer,Office,Central,10,13332.58,4.14,5977.42,113898.49
2025-04-13,Laptop,Electronics,West,2,58897.4,11.53,5318.84,137597.98
2025-09-21,Laptop,Electronics,Central,13,59306.63,13.34,11311.14,646588.47
2024-02-25,Printer,Office,Central,3,13804.75,3.15,5866.24,40987.84
2024-09-27,Laptop,Electronics,Central,7,61118.85,15.45,7876.56,164149.24
2024-08-10,Tablet,Electronics,South,5,20627.25,1.9,7349.35,119754.35
2024-12-11,Mouse,Accessories,West,14,1020.51,2.46,4399.71,17972.25
2025-08-02,Monitor,Electronics,East,13,10451.77,4.11,2921.39,115414.48
2025-03-21,Headphones,Accessories,Central,8,3621.64,0.18,22365.14,23307.92
2025-02-25,Printer,Office,South,15,12838.9,11.72,3512.66,206379.86
2024-12-07,Keyboard,Accessories,South,10,1802.51,12.91,24395.4,24418.12
2024-02-24,Laptop,Electronics,East,3,50119.98,17.44,19608.57,99173.62
2025-04-21,Headphones,Accessories,South,9,3131.45,18.53,13542.64,24346.64
2024-12-13,Laptop,Electronics,West,9,59603.69,11.44,5793.77,267580.44
2025-09-21,Laptop,Electronics,Central,3,61438.0,17.09,13503.66,196797.66
2024-05-17,Smartphone,Electronics,North,4,30187.78,12.5,17230.89,94251.01
2025-07-17,Keyboard,Accessories,Central,1,1689.92,6.59,4449.42,2627.71
2025-08-31,Smartphone,Electronics,West,15,27896.01,13.04,4614.09,307746.61
2025-02-12,Laptop,Electronics,East,10,49741.74,19.35,16978.28,301292.37
2024-11-09,Monitor,Electronics,North,15,11830.82,16.02,9239.4,149721.37
2025-09-27,Mouse,Accessories,East,6,873.17,18.0,5121.96,2770.81
2025-10-25,Tablet,Electronics,East,2,21857.18,10.99,23318.94,18563.94
2025-09-08,Laptop,Electronics,South,5,58397.65,10.22,2661.01,231093.97
2024-10-28,Smartphone,Electronics,Central,13,30044.6,11.88,11513.19,284759.14
2024-03-18,Smartphone,Electronics,West,2,34179.93,6.74,18067.14,74971.77
2025-11-13,Mouse,Accessories,East,3,865.54,0.89,6113.17,3593.71
2024-04-02,Laptop,Electronics,East,14,59967.75,12.07,8184.31,889884.05
2024-07-04,Smartphone,Electronics,West,5,32093.0,18.84,24331.63,59991.57
2024-01-28,Monitor,Electronics,Central,15,13195.33,19.73,14678.55,100260.79
2025-07-12,Monitor,Electronics,East,5,10918.92,16.23,4210.54,44604.57
2025-11-27,Printer,Office,North,8,14732.43,13.07,2557.19,99027.71
2025-05-19,Mouse,Accessories,North,9,827.38,17.0,15173.86,10067.57
2024-09-19,Smartphone,Electronics,East,13,28827.73,11.93,23776.38,159224.69
2025-03-11,Laptop,Electronics,Central,1,54752.97,8.49,20618.01,47291.7
2024-07-29,Smartphone,Electronics,West,1,30501.27,14.35,5807.96,34260.71
2025-05-16,Smartphone,Electronics,North,13,27560.34,11.99,18327.3,262056.99
2025-12-13,Laptop,Electronics,West,14,61622.69,6.6,11037.73,909711.25
2024-08-12,Smartphone,Electronics,East,9,27931.75,12.08,10260.99,185120.04
2025-05-18,Mouse,Accessories,East,12,902.81,1.04,10310.81,5671.46
2024-07-04,Tablet,Electronics,Central,6,18834.49,8.72,20190.45,76357.58
2024-12-26,Laptop,Electronics,West,14,51379.21,4.32,19220.64,758150.34
2024-03-29,Printer,Office,South,2,13821.84,6.11,15035.58,9445.91
2025-09-06,Headphones,Accessories,West,14,3487.43,12.19,5762.01,33119.23
2024-09-07,Monitor,Electronics,West,12,12597.04,3.07,7604.04,116798.47
2024-11-17,Monitor,Electronics,East,4,10280.52,2.53,24207.69,58163.87
2024-05-19,Tablet,Electronics,Central,8,21252.76,9.55,16886.85,160263.41
2025-01-11,Smartphone,Electronics,Central,3,28570.64,3.91,4995.12,38906.17
2025-07-23,Laptop,Electronics,West,9,49534.44,7.04,13326.82,422323.51
2025-10-08,Tablet,Electronics,North,2,22578.86,12.19,20326.68,42773.33
2025-05-09,Laptop,Electronics,North,6,50621.76,1.71,7408.88,170894.51
2025-06-22,Headphones,Accessories,West,1,3484.66,15.02,19835.99,6057.69
2024-02-28,Laptop,Electronics,Central,10,54476.22,18.19,4355.58,290526.01
2024-10-29,Tablet,Electronics,East,4,22539.79,12.73,3465.17,98840.02
2025-11-26,Tablet,Electronics,Central,9,22830.81,14.83,13896.79,152021.05
2024-10-15,Tablet,Electronics,West,11,21420.35,11.23,20945.79,216029.55
2024-01-24,Laptop,Electronics,Central,9,50542.83,14.11,20422.67,459554.78
2024-09-12,Mouse,Accessories,East,6,870.12,18.98,6836.79,5756.34
2025-02-28,Tablet,Electronics,North,10,24360.47,5.79,12485.46,188527.12
2025-05-31,Monitor,Electronics,Central,10,12539.8,11.4,13709.49,131107.31
2024-05-11,Keyboard,Accessories,Central,11,,5.38,21408.97,18532.57
2024-02-21,Laptop,Electronics,East,14,53838.42,16.54,5999.52,602397.78
2024-06-28,Mouse,Accessories,West,14,936.05,14.93,3761.49,10904.13
2025-11-13,Monitor,Electronics,Central,7,10444.38,10.36,6370.87,53995.76
2024-11-08,Headphones,Accessories,Central,2,3141.61,3.15,22454.54,8300.52
2024-03-05,Headphones,Accessories,West,7,3295.49,3.86,2404.63,25837.8
2025-12-24,Keyboard,Accessories,East,8,1813.68,18.53,18373.98,13919.34
2024-04-20,Smartphone,Electronics,East,12,29464.21,18.56,2883.87,286240.39
2024-09-10,Mouse,Accessories,North,7,987.97,8.42,5101.47,6099.8
2025-03-09,Smartphone,Electronics,South,10,33715.86,8.93,10201.01,327662.19
2025-12-28,Printer,Office,East,13,16488.53,12.04,22587.98,161053.65
2025-03-02,Monitor,Electronics,South,1,11983.25,15.06,5612.92,10574.04
2024-02-15,Mouse,Accessories,West,3,956.83,0.79,2594.52,2893.32
2024-03-21,Smartphone,Electronics,East,5,26570.78,13.19,21670.38,51989.8
2025-08-15,Tablet,Electronics,East,12,20670.12,17.93,17727.93,284845.84
2025-11-26,Mouse,Accessories,North,5,956.98,19.49,19621.97,7429.67
2024-10-17,Monitor,Electronics,Central,12,12492.39,4.75,8163.89,195380.54
2024-02-14,Headphones,Accessories,Central,14,3323.33,19.61,3266.1,26471.38
2024-12-06,Headphones,Accessories,North,13,3510.61,2.39,16588.84,32077.2
2024-04-11,Smartphone,Electronics,West,2,31446.67,4.01,14985.14,57212.22
2024-12-10,Keyboard,Accessories,North,9,1945.85,9.28,17964.47,17416.77
2024-10-08,Tablet,Electronics,South,4,19086.04,0.7,7212.89,84675.04
2024-04-09,Laptop,Electronics,West,14,48452.02,16.45,9915.95,406442.94
2024-04-19,Smartphone,Electronics,Central,12,28906.51,8.55,23136.91,222900.79
2025-04-19,Mouse,Accessories,East,14,838.8,16.53,17782.5,16141.15
2024-07-03,Mouse,Accessories,West,7,1003.01,0.34,22911.07,12303.22
2025-04-25,Printer,Office,West,7,15579.64,11.41,10179.57,21906.49
2025-05-31,Printer,Office,South,15,15132.32,7.83,11483.69,153170.42
2025-10-08,Mouse,Accessories,Central,4,812.97,15.79,5725.43,1586.0
2025-08-05,Printer,Office,West,2,15750.69,8.43,6081.26,30870.07
2025-03-26,Laptop,Electronics,Central,11,60021.31,12.93,19235.81,608353.07
2025-03-22,Smartphone,Electronics,North,6,28097.87,19.13,16526.29,112114.11
2025-03-17,Tablet,Electronics,South,6,20608.73,9.33,6474.79,87191.25
2024-05-21,Printer,Office,North,14,14533.55,8.09,10686.18,143129.81
2024-01-02,Tablet,Electronics,East,13,23441.76,4.83,2892.5,189885.97
2024-05-07,Laptop,Electronics,Central,5,56012.18,16.37,10638.49,232377.94
2024-04-27,Keyboard,Accessories,East,11,1808.15,18.67,19084.19,20597.33
2025-04-12,Laptop,Electronics,East,7,49941.5,7.64,13185.37,388192.09
2024-03-16,Smartphone,Electronics,Central,6,30106.54,4.36,16626.86,180788.99
2025-10-15,Printer,Office,North,9,13798.07,15.96,8417.97,83973.14
2024-02-29,Keyboard,Accessories,East,13,1893.35,16.56,13743.1,22541.7
2025-05-13,Keyboard,Accessories,Central,6,1574.48,15.55,15337.56,10037.79
2025-09-26,Headphones,Accessories,East,9,3377.27,13.23,18268.93,30178.27
2024-01-31,Headphones,Accessories,Central,7,3458.85,6.24,6771.98,16871.52
2025-04-16,Smartphone,Electronics,North,3,30667.1,5.3,18806.9,40736.22
2024-03-07,Tablet,Electronics,Central,3,21124.78,18.44,18632.25,46089.17
2025-08-23,Laptop,Electronics,North,13,61199.4,14.08,14296.09,188820.07
2024-12-20,Headphones,Accessories,South,15,3682.97,5.54,16906.0,74126.06
2025-07-01,Monitor,Electronics,North,8,11311.51,11.5,24795.03,101185.39
2024-01-17,Printer,Office,North,8,17083.07,9.87,20517.2,122354.81
2025-07-01,Monitor,Electronics,West,9,11418.83,3.79,5099.39,85482.24
2025-08-14,Printer,Office,Central,4,13634.55,12.65,9698.09,45552.07
2024-10-01,Monitor,Electronics,South,14,12460.31,1.22,10343.37,202563.88
2024-09-07,Monitor,Electronics,South,1,10851.24,3.6,24010.45,15738.6
2025-08-01,Smartphone,Electronics,East,11,29041.24,5.98,19303.91,358202.78
2025-05-11,Headphones,Accessories,North,12,3206.41,12.99,21519.82,31494.83
2024-03-21,Monitor,Electronics,South,1,10490.54,18.62,21368.5,14631.76
2024-07-29,Tablet,Electronics,North,1,20443.64,13.87,7829.79,12936.99
2024-11-27,Monitor,Electronics,West,5,13257.88,5.25,15369.03,81904.05
2025-04-04,Tablet,Electronics,West,2,22967.26,7.0,16211.78,47275.2
2025-02-15,Tablet,Electronics,North,11,21949.94,18.2,19193.15,126539.64
2025-11-29,Headphones,Accessories,West,15,3116.29,16.74,9386.2,41466.97
2024-10-08,Monitor,Electronics,South,4,12777.05,7.37,2323.99,53811.25
2024-04-02,Smartphone,Electronics,North,13,33188.02,4.98,12368.3,350300.86
2025-12-03,Monitor,Electronics,West,9,11399.25,19.03,9160.66,92953.51
2024-02-16,Tablet,Electronics,North,10,20385.72,6.09,3446.66,103131.85
2025-09-08,Headphones,Accessories,Central,9,3709.81,14.04,5928.01,24700.57
2025-11-17,Laptop,Electronics,East,6,57878.88,1.95,13300.72,298752.58
2024-07-12,Keyboard,Accessories,South,10,1610.66,16.53,20171.27,13648.65
2024-03-03,Headphones,Accessories,West,1,3513.15,7.74,12206.47,5958.95
2025-05-08,Keyboard,Accessories,South,4,1642.15,3.24,3804.78,4795.04
2024-01-16,Smartphone,Electronics,West,14,29227.22,5.17,4810.87,335147.73
2025-03-20,Headphones,Accessories,West,11,3811.46,10.59,18678.17,51393.66
2024-01-21,Headphones,Accessories,North,15,3428.46,13.91,13321.9,54884.73
2024-11-12,Printer,Office,Central,15,15765.73,1.75,10689.82,232840.9
2025-05-01,Headphones,Accessories,South,1,3598.1,6.62,20155.65,7017.12
2024-01-13,Smartphone,Electronics,North,13,29293.76,12.87,14371.49,325553.14
2025-03-02,Printer,Office,North,7,16882.08,4.73,18578.98,155193.24
2025-04-17,Tablet,Electronics,East,10,20841.47,0.31,24679.65,204173.94
2024-11-23,Tablet,Electronics,South,3,21446.13,6.65,23282.88,83632.61
2025-04-08,Tablet,Electronics,North,13,20564.79,16.99,10481.03,214693.04
2025-05-23,Monitor,Electronics,West,12,12265.88,4.46,24097.06,152219.73
2024-11-11,Headphones,Accessories,East,8,3995.02,0.74,20246.12,33896.61
2025-01-19,Tablet,Electronics,West,13,20686.73,19.98,19790.66,196535.84
2024-10-11,Mouse,Accessories,Central,3,886.48,2.95,21542.52,7566.4
2024-09-15,Mouse,Accessories,South,11,1027.22,7.58,12189.92,8731.66
2025-09-21,Tablet,Electronics,South,8,23501.31,13.75,5634.97,198590.12
2024-11-27,Laptop,Electronics,South,11,59062.22,16.97,20778.3,536078.58
2024-01-01,Headphones,Accessories,West,13,3981.51,3.06,7373.25,56961.73
2025-04-24,Keyboard,Accessories,North,13,1916.02,0.31,13522.12,18240.53
2025-12-25,Keyboard,Accessories,South,10,1721.16,13.32,4348.65,13078.48
2024-10-11,Tablet,Electronics,South,7,19036.28,0.28,5632.65,136711.66
2024-05-16,Laptop,Electronics,East,3,49910.48,2.15,22646.37,42915.36
2025-09-20,Keyboard,Accessories,South,8,1691.89,16.3,17323.4,19887.65
2025-02-01,Keyboard,Accessories,South,9,1598.04,0.96,22405.7,13510.1
2025-05-24,Monitor,Electronics,North,14,13119.88,15.03,13720.84,153044.68
2024-06-10,Tablet,Electronics,South,2,21877.55,0.07,14592.23,50813.75
2025-06-08,Laptop,Electronics,West,1,50099.03,10.42,13210.46,52850.06
2024-03-27,Printer,Office,West,10,16793.62,0.66,14044.17,203315.8
2024-09-04,Printer,Office,East,4,13067.35,13.81,15631.27,28687.34
2025-05-19,Mouse,Accessories,Central,13,1022.97,1.39,8486.19,16238.96
2025-03-04,Printer,Office,North,13,13342.38,4.64,10611.64,134890.84
2025-09-11,Mouse,Accessories,North,5,770.17,7.88,8214.71,4542.43
2025-06-10,Printer,Office,West,1,13163.03,4.88,14719.85,16859.62
2024-08-18,Mouse,Accessories,West,1,874.17,0.04,18512.03,5306.91
2025-08-01,Monitor,Electronics,South,15,10349.87,10.6,3191.42,145653.98
2024-02-01,Mouse,Accessories,East,1,835.88,1.74,11364.8,6162.87
2024-04-23,Printer,Office,East,3,14646.8,16.86,22416.14,46296.45
2024-07-25,Headphones,Accessories,Central,10,3957.89,5.13,17121.89,33315.24
2025-07-03,Laptop,Electronics,North,13,51612.01,1.0,7018.9,538280.14
2024-10-25,Tablet,Electronics,North,4,24131.81,0.39,24124.27,130503.58
2025-02-19,Monitor,Electronics,South,12,12976.45,12.21,17994.9,203953.98
2025-10-25,Keyboard,Accessories,East,13,2043.04,2.98,19877.66,32014.66
2025-12-06,Headphones,Accessories,Central,9,3391.03,12.11,8052.72,33707.14
2025-07-11,Mouse,Accessories,North,11,995.77,15.27,9146.02,11488.07
2024-08-16,Headphones,Accessories,South,1,3374.77,5.04,18073.26,10264.43
2024-01-25,Laptop,Electronics,North,4,56349.29,10.93,15976.58,204985.47
2025-11-20,Smartphone,Electronics,East,10,25789.5,15.17,15015.46,188775.21
2025-06-08,Printer,Office,West,10,15781.46,13.83,18678.11,98671.72
2025-12-21,Mouse,Accessories,South,6,999.15,4.33,10918.06,7513.05
2024-07-15,Laptop,Electronics,North,12,61423.08,16.39,8607.9,660301.33
2024-10-20,Printer,Office,Central,10,13188.97,19.96,15643.41,85475.31
2024-02-09,Printer,Office,Central,5,15548.78,6.34,19634.65,91086.32
2024-01-11,Smartphone,Electronics,South,13,26393.94,19.15,10248.34,223335.47
2025-07-22,Monitor,Electronics,North,14,13028.77,5.49,20513.31,124467.39
2024-06-07,Printer,Office,East,12,16176.98,13.34,14411.89,182475.53
2024-02-27,Tablet,Electronics,North,1,20360.91,8.92,15632.11,18680.84
2024-03-26,Smartphone,Electronics,North,5,30968.74,2.13,24074.3,110601.96
2024-07-18,Keyboard,Accessories,West,15,1689.25,10.42,23363.19,21974.12
2025-12-29,Smartphone,Electronics,Central,10,32825.32,17.35,12362.74,213520.77
2025-08-20,Keyboard,Accessories,South,8,1590.35,18.9,14728.16,11715.37
2025-01-07,Keyboard,Accessories,Central,13,1750.86,0.77,21214.61,20281.44
2024-05-27,Tablet,Electronics,North,15,22683.1,10.1,4753.73,283388.37
2025-12-16,Headphones,Accessories,Central,15,3933.78,8.7,9577.43,50738.85
2025-03-14,Headphones,Accessories,South,11,3887.2,19.39,22378.44,31714.04
2025-11-30,Tablet,Electronics,West,5,19954.32,11.5,13044.77,100160.64
2025-08-07,Printer,Office,West,4,13218.93,6.13,17154.41,52990.96
2025-05-31,Monitor,Electronics,North,11,10521.27,19.28,11233.44,109679.34
2024-09-14,Mouse,Accessories,North,1,841.17,13.22,23123.51,3429.79
2024-09-30,Printer,Office,East,12,16733.48,19.32,3953.17,88432.33
2024-07-02,Tablet,Electronics,East,9,23857.47,5.39,7319.08,183364.18
2025-10-24,Tablet,Electronics,South,15,22531.48,11.17,16327.55,372982.96
2024-11-25,Smartphone,Electronics,West,11,29046.41,16.53,20859.54,314761.93
2025-02-10,Smartphone,Electronics,South,15,27894.86,13.91,9972.81,421197.13
2025-06-21,Keyboard,Accessories,West,14,1853.92,5.92,19973.23,36723.54
2024-03-17,Tablet,Electronics,East,11,21410.22,15.58,10558.76,128924.65
2025-05-15,Smartphone,Electronics,West,12,25753.29,11.3,23442.04,345647.49
2025-03-06,Monitor,Electronics,North,4,10654.71,15.49,12126.67,46339.76
2024-02-25,Laptop,Electronics,North,7,58027.3,13.75,9856.85,61939.92
2024-08-15,Tablet,Electronics,West,3,20884.95,0.61,24672.79,42517.2
2025-07-12,Headphones,Accessories,South,11,3179.42,11.2,8275.05,38666.15
2024-10-13,Smartphone,Electronics,South,6,29307.53,1.44,14741.36,177002.81
2025-12-07,Printer,Office,East,12,13909.99,8.39,12877.66,158913.37
2024-02-20,Printer,Office,North,11,14438.38,0.88,9715.67,157676.97
2024-12-21,Keyboard,Accessories,North,7,1849.01,5.63,7251.14,11695.65
2024-11-23,Laptop,Electronics,South,8,61547.65,19.2,22100.24,434963.54
2025-09-13,Headphones,Accessories,South,15,3254.27,5.07,15796.08,33332.96
2024-09-06,Keyboard,Accessories,Central,10,2008.11,3.21,3277.5,12097.44
2024-06-02,Smartphone,Electronics,Central,4,30275.45,15.0,20623.03,114638.81
2024-03-27,Laptop,Electronics,North,8,57435.46,12.94,22465.33,280616.16
2024-03-16,Smartphone,Electronics,West,5,29375.04,0.35,12083.63,150843.86
2025-10-18,Laptop,Electronics,South,7,47764.89,9.45,19644.52,388233.97
2025-08-25,Tablet,Electronics,Central,1,22282.12,6.95,6597.8,25159.08
2024-12-27,Headphones,Accessories,North,3,3934.98,7.94,13792.41,7416.05
2024-06-07,Headphones,Accessories,South,7,3471.42,11.7,8788.59,9403.1
2025-12-10,Headphones,Accessories,South,1,3865.47,9.31,18903.92,7786.02
2025-11-29,Headphones,Accessories,Central,2,3929.4,1.99,8461.8,8504.43
2025-12-18,Smartphone,Electronics,South,4,28232.52,8.44,11399.18,98526.74
2024-07-07,Headphones,Accessories,West,10,3871.64,0.51,18228.88,36199.18
2024-09-21,Smartphone,Electronics,East,1,33615.47,2.81,6481.99,19971.23
2024-04-25,Printer,Office,North,9,14660.75,13.51,22438.0,128475.43
2024-04-25,Monitor,Electronics,North,1,11433.24,6.47,14890.54,12054.86
2025-08-24,Keyboard,Accessories,North,15,1825.97,1.98,19578.61,31831.85
2024-09-27,Smartphone,Electronics,South,1,26605.81,10.79,9862.22,17705.12
2025-11-26,Headphones,Accessories,South,2,3799.21,7.26,22275.31,11774.4
2024-10-16,Monitor,Electronics,South,1,13323.3,5.6,21782.77,18951.66
2025-04-17,Headphones,Accessories,South,12,3474.9,13.04,19411.76,44114.2
2025-07-25,Laptop,Electronics,North,3,54299.36,0.91,21603.0,122406.5
2025-12-11,Monitor,Electronics,Central,11,12338.25,17.83,17105.25,63644.74
2025-04-30,Keyboard,Accessories,Central,14,1643.46,18.31,20217.17,20054.58
2024-08-11,Keyboard,Accessories,Central,7,1816.36,14.63,19375.62,11904.08
2024-07-24,Headphones,Accessories,Central,5,3239.92,19.26,5001.99,14609.1
2025-09-19,Headphones,Accessories,East,6,3388.35,8.09,3495.9,13160.31
2025-11-10,Monitor,Electronics,West,14,11259.92,18.44,8241.99,144287.2
2024-01-13,Printer,Office,Central,5,14038.53,17.87,7324.89,44923.02
2024-05-06,Mouse,Accessories,Central,14,1021.48,9.06,20445.17,17471.21
2024-12-09,Printer,Office,North,13,14256.45,0.86,21510.77,137573.19
2024-01-03,Keyboard,Accessories,East,6,1709.28,9.03,14998.36,12017.4
2025-05-15,Smartphone,Electronics,East,11,26008.93,1.93,8067.04,234118.35
2025-02-12,Printer,Office,Central,2,16211.59,16.75,4389.5,31764.8
2025-10-30,Tablet,Electronics,West,7,23277.82,4.81,23085.65,180589.73
2024-08-16,Headphones,Accessories,South,10,3267.97,0.9,22428.47,46985.23
2025-03-27,Keyboard,Accessories,East,12,1741.35,17.76,8862.13,11837.59
2025-04-05,Tablet,Electronics,West,2,19313.62,4.52,14436.33,39559.45
2024-05-22,Tablet,Electronics,East,15,22710.47,9.24,10046.3,218094.21
2024-09-06,Monitor,Electronics,Central,15,12425.28,12.95,16392.7,124773.46
2025-04-12,Laptop,Electronics,West,13,49169.13,0.07,4544.28,692111.67
2025-11-25,Keyboard,Accessories,North,6,2048.63,1.73,6328.82,14957.57
2025-12-05,Monitor,Electronics,West,6,11711.37,11.5,18952.94,107759.54
2024-06-09,Keyboard,Accessories,East,10,1890.53,16.42,7557.36,19754.45
2025-08-31,Tablet,Electronics,South,3,24261.43,8.12,13395.39,68033.32
2025-02-19,Keyboard,Accessories,Central,2,1840.92,12.85,10747.92,5411.29
2024-05-09,Laptop,Electronics,Central,6,59838.51,14.38,12903.48,245527.01
2025-12-21,Laptop,Electronics,East,8,47847.39,4.97,11487.09,273077.7
2025-06-21,Headphones,Accessories,North,11,3956.3,10.03,19529.83,34276.97
2025-10-31,Laptop,Electronics,South,13,52730.08,5.11,9678.36,709808.46
2025-08-16,Tablet,Electronics,North,12,19577.26,3.89,11777.36,269325.97
2025-10-05,Laptop,Electronics,North,15,48070.24,18.18,18179.65,464016.12
2024-03-16,Tablet,Electronics,North,4,21262.38,12.95,19988.33,68235.38
2025-11-06,Printer,Office,Central,5,13352.74,12.77,13608.99,92979.36
2024-04-17,Monitor,Electronics,Central,5,11190.46,19.05,23311.32,44653.72
2024-07-31,Tablet,Electronics,North,10,22143.59,7.85,11231.45,111461.54
2025-08-03,Printer,Office,East,1,14120.82,15.81,15058.51,10365.34
2025-11-18,Mouse,Accessories,South,13,765.94,10.42,19992.2,16298.54
2024-12-31,Laptop,Electronics,North,13,56668.61,11.14,13827.57,797694.3
2025-03-13,Keyboard,Accessories,South,5,1626.06,3.78,3595.09,9929.95
2024-11-06,Laptop,Electronics,West,14,56372.17,13.69,8614.15,793639.91
2025-03-03,Headphones,Accessories,East,4,3189.08,3.09,24868.89,9047.51
2025-11-24,Mouse,Accessories,West,12,892.48,19.18,16715.09,13504.41
2024-05-12,Smartphone,Electronics,East,7,29958.32,8.16,5751.79,221894.62
2025-06-17,Mouse,Accessories,North,7,856.88,9.84,16468.32,6351.65
2024-05-30,Mouse,Accessories,West,7,815.12,13.44,22806.68,10205.03
2025-01-01,Keyboard,Accessories,East,8,1557.45,13.22,6790.47,8472.06
2024-12-20,Monitor,Electronics,West,11,10621.06,11.46,15748.11,72973.44
2024-05-18,Printer,Office,Central,7,16553.1,7.4,3872.42,58331.11
2025-09-16,Headphones,Accessories,East,8,3311.22,7.74,19547.7,33829.33
2025-08-17,Laptop,Electronics,South,8,62492.12,8.65,5578.0,270511.51
2024-04-14,Printer,Office,East,15,13165.16,2.55,8690.86,141164.75
2025-12-01,Smartphone,Electronics,North,8,26037.51,1.45,20638.85,260126.78
2024-04-10,Keyboard,Accessories,Central,15,1800.93,19.29,3694.9,18823.84
2024-04-12,Printer,Office,South,14,15478.34,14.85,11074.4,175649.28
2025-05-02,Keyboard,Accessories,West,3,2066.83,16.99,23898.34,8569.55
2024-12-09,Printer,Office,East,6,13940.02,11.33,14046.27,91891.16
2024-11-25,Keyboard,Accessories,West,11,1597.41,8.62,18526.27,23304.35
2025-12-26,Printer,Office,South,15,13159.32,0.27,20889.71,219863.04
2024-03-10,Headphones,Accessories,South,8,3303.02,11.55,6578.02,19514.38
2024-01-04,Monitor,Electronics,South,13,13430.95,4.94,16458.54,113660.91
2025-02-05,Mouse,Accessories,North,2,1014.62,2.72,24145.24,7702.05
2024-05-09,Monitor,Electronics,North,3,13675.25,6.96,21951.37,37409.37
2024-12-23,Printer,Office,East,9,14187.18,0.48,15712.44,104822.11
2024-05-13,Headphones,Accessories,Central,14,4002.53,12.5,8017.27,49894.05
2025-12-09,Smartphone,Electronics,South,12,34498.4,12.69,24378.27,338930.24
2025-07-02,Keyboard,Accessories,Central,1,2039.7,8.87,15110.87,6137.3
2024-11-22,Monitor,Electronics,South,13,12307.61,17.74,23601.5,164244.53
2025-09-23,Keyboard,Accessories,Central,7,1876.67,18.92,21502.57,10978.54
2025-05-10,Mouse,Accessories,Central,8,913.9,7.82,21738.1,10968.64
2024-07-03,Tablet,Electronics,Central,3,21757.09,0.41,10671.84,56716.48
2024-03-11,Keyboard,Accessories,West,8,1593.13,6.51,11303.05,7721.31
2025-09-26,Headphones,Accessories,North,5,3809.63,5.25,8478.68,20450.97
2025-03-08,Keyboard,Accessories,Central,12,2050.51,11.67,3601.91,21824.71
2024-06-27,Tablet,Electronics,North,12,19602.15,11.08,9993.98,299869.32
2024-02-10,Keyboard,Accessories,Central,5,1770.78,6.32,13846.39,15739.91
2024-05-24,Smartphone,Electronics,North,1,33232.5,6.66,6836.5,45761.73
2024-10-31,Laptop,Electronics,East,2,46912.7,2.95,22875.7,59851.69
2024-06-30,Printer,Office,East,10,13672.32,12.47,15349.87,90137.84
2024-12-13,Smartphone,Electronics,South,3,32426.46,6.11,14057.38,85049.41
2024-03-24,Tablet,Electronics,North,11,20388.41,15.11,18384.34,164915.92
2024-07-28,Smartphone,Electronics,West,15,29499.49,8.1,4592.37,388135.74
2024-05-25,Headphones,Accessories,North,11,3747.77,3.75,3054.17,27539.35
2025-05-19,Laptop,Electronics,North,15,50960.06,1.22,5363.19,589328.55
2025-06-11,Headphones,Accessories,East,8,3955.9,11.86,15319.94,33247.47
2024-03-26,Mouse,Accessories,West,2,919.51,0.83,16389.76,6493.76
2025-06-19,Monitor,Electronics,East,13,11145.95,18.63,16675.3,109571.71
2025-01-02,Laptop,Electronics,West,2,53374.9,0.32,18790.25,154791.93
2024-07-15,Monitor,Electronics,Central,14,13136.87,13.18,23723.15,169694.83
2024-05-27,Monitor,Electronics,West,14,12490.12,8.55,7245.78,115611.8
2024-04-08,Headphones,Accessories,South,10,3448.93,4.11,14110.07,28151.26
2024-12-18,Smartphone,Electronics,West,7,28533.29,1.75,12838.45,263733.03
2025-02-27,Smartphone,Electronics,North,2,27615.55,7.0,5174.71,71499.62
2024-03-06,Keyboard,Accessories,North,11,1730.75,10.16,22291.47,17445.65
2025-05-22,Tablet,Electronics,South,3,19003.48,17.27,22172.08,44269.81
2025-07-03,Mouse,Accessories,South,12,973.32,19.53,8240.43,13234.47
2025-10-16,Laptop,Electronics,West,1,57375.47,12.45,19543.59,35570.21
2024-02-22,Tablet,Electronics,East,4,21608.31,12.85,12179.92,46908.31
2024-10-28,Tablet,Electronics,North,9,24858.88,16.42,16566.52,180664.02
2025-10-12,Tablet,Electronics,Central,2,24092.89,2.88,6747.4,55125.22
2025-07-11,Tablet,Electronics,East,8,22378.39,8.29,14344.53,186249.48
2024-09-03,Keyboard,Accessories,Central,12,1538.01,12.9,11581.74,13030.42
2025-09-24,Tablet,Electronics,West,9,25255.55,1.19,15245.95,280382.9
2024-08-14,Monitor,Electronics,South,3,13444.56,13.13,16078.52,38594.9
2024-07-01,Keyboard,Accessories,Central,15,1961.85,3.08,21074.53,25701.96
2024-10-16,Keyboard,Accessories,Central,9,1810.15,12.68,2806.64,11490.34
2024-02-12,Smartphone,Electronics,West,8,29395.14,5.92,10175.62,94994.34
2024-08-13,Mouse,Accessories,North,14,1002.05,1.58,17614.81,14453.79
2024-10-20,Keyboard,Accessories,West,3,2002.07,18.23,11181.16,7815.28
2024-03-26,Headphones,Accessories,East,5,3171.22,1.91,10867.6,10817.69
2025-05-01,Headphones,Accessories,North,6,3137.18,16.57,6375.08,5125.1
2024-12-16,Monitor,Electronics,East,12,12123.41,18.45,3328.62,119748.37
2024-11-06,Headphones,Accessories,West,8,3831.63,12.71,20025.61,26736.52
2025-10-03,Keyboard,Accessories,Central,12,1827.79,18.18,12732.85,21583.77
2024-12-17,Tablet,Electronics,North,10,23619.84,18.76,6858.86,166824.53
2025-02-01,Smartphone,Electronics,South,1,30095.78,2.3,3637.6,13168.36
2025-10-27,Keyboard,Accessories,West,12,1801.86,19.1,14021.94,21879.56
2024-03-03,Monitor,Electronics,North,13,13082.44,9.42,17624.26,118680.72
2025-01-12,Smartphone,Electronics,West,13,27776.27,7.68,24164.72,167417.83
2024-06-02,Laptop,Electronics,East,2,51780.21,6.45,9509.59,41171.08
2025-08-03,Mouse,Accessories,South,1,946.7,11.77,15566.36,5378.74
2025-10-28,Tablet,Electronics,South,9,21277.41,7.51,8151.24,219049.63
2024-03-22,Printer,Office,South,2,13162.34,15.59,22070.08,35652.11
2025-10-02,Tablet,Electronics,Central,13,21139.8,19.44,3176.67,289412.48
2025-07-29,Monitor,Electronics,North,3,12739.05,9.45,9709.45,45185.75
2025-11-19,Keyboard,Accessories,Central,3,1640.0,2.17,17868.0,7580.75
2024-12-26,Printer,Office,West,10,16826.28,6.11,16222.13,179284.74
2025-11-19,Tablet,Electronics,North,12,19764.02,3.96,5653.94,165498.0
2024-02-21,Mouse,Accessories,North,9,964.25,6.76,24272.27,16514.89
2024-06-23,Printer,Office,Central,6,15350.06,4.92,16533.46,108437.58
2024-09-07,Printer,Office,Central,5,13221.92,5.88,9816.38,56937.15
2025-05-13,Keyboard,Accessories,Central,2,1900.71,14.76,13382.37,5217.72
2025-01-15,Mouse,Accessories,West,9,829.6,5.81,15447.18,8349.06
2025-08-26,Printer,Office,North,11,15259.89,9.19,17130.49,212779.71
2025-02-16,Mouse,Accessories,North,9,877.81,10.2,4502.3,5263.95
2024-09-05,Tablet,Electronics,North,7,24946.96,13.36,24581.8,185825.78
2025-02-22,Tablet,Electronics,East,9,24627.82,11.5,2809.49,191069.02
2025-01-17,Tablet,Electronics,East,4,21372.95,16.33,16893.76,61333.35
2024-12-16,Monitor,Electronics,North,5,13337.89,3.02,24711.5,75609.35
2024-11-08,Smartphone,Electronics,North,5,30438.72,9.26,8950.06,90307.66
2025-04-17,Mouse,Accessories,West,4,923.68,7.36,20543.66,6117.33
2024-12-13,Keyboard,Accessories,South,12,2068.85,9.91,8191.83,6497.14
2025-04-14,Monitor,Electronics,Central,13,11808.0,3.57,5246.26,134306.91
2025-07-01,Tablet,Electronics,Central,5,24311.26,13.91,20528.19,103721.28
2024-07-06,Keyboard,Accessories,West,3,1773.57,5.05,10911.16,9400.19
2025-07-09,Keyboard,Accessories,East,15,1591.23,9.65,16023.36,24844.6
2025-07-15,Headphones,Accessories,South,9,3629.85,7.34,24001.51,26062.29
2025-10-15,Printer,Office,Central,8,17047.79,15.16,21796.55,47344.21
2024-10-31,Laptop,Electronics,East,7,59771.8,12.67,15486.83,172715.57
2024-10-02,Monitor,Electronics,East,8,10787.59,9.4,5302.86,52009.4
2025-09-22,Mouse,Accessories,West,15,1028.29,19.33,5435.73,12865.18
2024-08-20,Tablet,Electronics,East,11,23804.62,17.95,9844.66,192072.0
2024-07-15,Tablet,Electronics,West,3,21115.87,3.42,13245.53,84558.87
2025-10-09,Mouse,Accessories,East,4,1023.54,18.72,12104.28,5318.73
2024-11-11,Tablet,Electronics,West,7,20065.14,6.4,4246.2,151924.63
2024-12-15,Headphones,Accessories,South,10,3915.09,9.59,17028.08,30635.31
2025-06-16,Laptop,Electronics,East,6,49338.09,19.14,3162.78,69323.79
2024-11-27,Monitor,Electronics,Central,10,10966.53,12.9,14064.51,117247.78
2025-11-14,Headphones,Accessories,North,11,3390.68,18.14,16056.76,22228.1
2025-03-30,Mouse,Accessories,South,10,871.42,8.46,10108.12,12088.3
2024-06-15,Smartphone,Electronics,West,6,29741.34,0.76,12720.63,113695.2
2025-07-23,Mouse,Accessories,East,9,899.52,19.55,8978.24,5398.86
2024-05-21,Laptop,Electronics,North,5,50187.65,17.47,10899.91,122709.86
2024-04-26,Mouse,Accessories,South,4,816.69,18.96,14626.42,4429.23
2025-03-17,Keyboard,Accessories,West,11,1558.86,0.1,22065.94,15144.9
2024-09-06,Laptop,Electronics,Central,11,53073.4,18.59,7681.5,297723.28
2025-05-09,Monitor,Electronics,North,5,11785.73,18.14,18854.08,32228.66
2024-01-06,Headphones,Accessories,West,6,3971.79,4.47,9246.65,22669.25
2024-03-07,Keyboard,Accessories,South,9,1908.51,10.64,8872.99,14463.38
2024-05-13,Smartphone,Electronics,Central,15,34382.31,9.25,12256.25,446086.41
2025-08-19,Monitor,Electronics,South,5,11031.97,15.8,6753.2,29439.87
2024-06-24,Monitor,Electronics,West,6,13168.13,6.66,7359.01,54762.76
2024-07-05,Mouse,Accessories,East,2,992.84,12.46,14957.72,6865.16
2024-12-12,Headphones,Accessories,East,1,3082.94,14.48,23923.32,9320.13
2024-01-06,Laptop,Electronics,North,1,47285.36,1.11,10046.6,28301.1
2024-05-22,Headphones,Accessories,North,4,3771.91,0.42,24959.61,15363.74
2025-04-11,Headphones,Accessories,South,15,3194.02,2.4,2889.22,47833.17
2024-05-23,Monitor,Electronics,North,14,12160.25,8.93,14871.14,109319.84
2025-07-24,Headphones,Accessories,East,5,3075.86,0.36,13633.51,16821.16
2025-08-18,Monitor,Electronics,South,12,13446.7,19.39,13786.09,105211.36
2024-07-26,Monitor,Electronics,North,1,11260.17,16.02,24550.56,10622.49
2025-05-01,Smartphone,Electronics,East,12,30558.74,4.72,22856.68,211426.3
2024-08-15,Tablet,Electronics,Central,4,21049.21,5.67,17057.55,101934.99
2024-01-06,Tablet,Electronics,North,5,24445.58,3.08,15402.65,102179.08
2024-08-04,Mouse,Accessories,East,15,945.17,2.86,5736.36,15205.41
2025-07-21,Headphones,Accessories,West,5,3204.3,7.16,22966.98,20479.51
2024-01-25,Keyboard,Accessories,East,7,1676.74,16.05,7933.33,7569.51
2024-07-16,Headphones,Accessories,Central,14,3669.69,9.36,19633.47,47897.89
2025-02-10,Printer,Office,East,14,14943.64,2.07,5689.61,77487.5
2025-06-15,Smartphone,Electronics,South,1,32912.43,11.13,11907.26,37983.95
2025-11-25,Keyboard,Accessories,North,6,1715.75,17.01,7486.13,9455.35
2025-08-08,Keyboard,Accessories,West,10,1841.73,4.4,10351.38,21822.64
2025-01-26,Headphones,Accessories,West,15,4016.93,2.77,17375.16,43979.84
2025-11-18,Keyboard,Accessories,North,14,2058.56,10.45,23817.41,25871.94
2025-08-11,Tablet,Electronics,Central,10,21601.46,5.01,5381.69,142239.36
2024-08-27,Headphones,Accessories,East,1,3313.28,11.34,9988.94,5722.39
2024-07-07,Laptop,Electronics,North,7,48569.74,16.72,9600.29,280996.52
2024-07-20,Keyboard,Accessories,Central,10,1778.25,13.06,13092.36,17973.83
2024-10-09,Tablet,Electronics,East,8,21254.13,8.21,5657.58,117811.38
2024-03-25,Smartphone,Electronics,South,2,27674.74,10.29,21088.21,55787.61
2025-09-08,Printer,Office,North,14,16070.25,5.7,18253.97,140384.11
2025-04-06,Smartphone,Electronics,South,8,28925.95,9.66,20828.43,207878.09
2024-10-23,Mouse,Accessories,North,15,803.96,16.84,7573.37,8912.87
2024-05-10,Laptop,Electronics,South,9,52845.24,2.16,15107.79,479436.78
2025-07-31,Monitor,Electronics,North,3,11496.39,1.66,6507.01,25946.55
2024-04-23,Laptop,Electronics,North,13,61619.86,7.8,21592.31,767618.75
2024-01-24,Headphones,Accessories,Central,2,3280.24,10.26,7965.83,7247.96
2024-01-01,Monitor,Electronics,Central,7,11862.63,10.11,14475.06,37972.31
2024-11-26,Smartphone,Electronics,West,8,33810.66,2.85,5443.69,197207.1
2025-04-14,Tablet,Electronics,Central,8,24657.77,7.85,10919.78,181476.73
2024-11-03,Keyboard,Accessories,East,5,1586.86,5.91,7121.96,9252.76
2024-05-03,Keyboard,Accessories,West,9,1692.35,2.33,3515.4,17463.01
2025-02-03,Smartphone,Electronics,North,13,29785.74,8.8,12983.05,262322.58
2024-12-26,Printer,Office,Central,9,15232.61,18.28,16246.7,142875.24
2025-06-24,Printer,Office,South,6,15211.15,6.67,22559.47,93763.71
2025-06-17,Monitor,Electronics,West,6,11444.53,2.53,20606.66,100800.95
2024-08-21,Headphones,Accessories,East,11,3593.72,14.15,23507.0,32214.22
2024-09-16,Smartphone,Electronics,South,7,34250.95,3.18,2790.47,169883.91
2024-10-06,Keyboard,Accessories,North,3,1927.94,10.39,18116.95,9483.8
2024-06-01,Laptop,Electronics,Central,15,53070.22,7.3,22524.29,922525.33
2025-11-19,Printer,Office,East,6,13614.16,10.49,14490.91,44790.6
2024-08-13,Printer,Office,West,1,16034.3,12.23,6134.18,10018.27
2025-02-03,Mouse,Accessories,Central,10,1011.61,13.72,19088.66,11058.23
2025-06-26,Monitor,Electronics,Central,8,12810.48,13.39,4768.75,52226.24
2025-11-05,Laptop,Electronics,South,15,47370.72,19.02,23290.26,498439.33
2024-01-08,Headphones,Accessories,East,12,3632.71,16.65,11784.56,50894.78
2024-09-19,Mouse,Accessories,Central,15,905.77,3.5,20923.11,20426.39
2024-10-06,Keyboard,Accessories,West,1,1845.58,0.48,19900.11,6852.31
2024-12-02,Smartphone,Electronics,South,13,31768.49,10.28,12596.08,306535.38
2025-01-07,Headphones,Accessories,South,2,3475.5,14.3,20547.58,8148.65
2025-02-12,Printer,Office,West,12,15475.25,19.73,24028.13,161154.49
2025-08-20,Laptop,Electronics,South,14,58984.6,14.95,7119.45,685423.29
2025-11-15,Smartphone,Electronics,West,8,25855.33,2.79,15692.78,147219.66
2024-04-30,Printer,Office,North,6,15827.35,14.98,10531.96,85057.51
2025-11-22,Mouse,Accessories,South,2,920.51,17.46,19738.92,9970.99
2025-04-09,Mouse,Accessories,South,2,863.28,18.71,16709.43,3367.81
2025-05-11,Printer,Office,North,10,17111.16,15.51,20760.95,142672.84
2024-07-21,Laptop,Electronics,Central,13,49346.69,3.22,13587.85,553318.1
2025-06-04,Monitor,Electronics,West,15,10471.62,14.6,19021.22,165190.08
2025-12-13,Monitor,Electronics,West,1,10758.12,7.66,12078.81,16965.67
2024-05-09,Printer,Office,West,6,15448.18,0.42,15161.6,95690.13
2025-07-10,Laptop,Electronics,West,4,48756.72,12.35,5216.65,218690.78
2024-08-22,Laptop,Electronics,East,13,60175.32,11.9,18091.6,458439.58
2024-08-20,Headphones,Accessories,Central,12,3252.74,8.67,14614.89,30309.27
2024-04-22,Monitor,Electronics,West,10,10677.31,3.55,17444.42,96824.78
2025-01-16,Printer,Office,East,4,12776.13,14.31,6003.18,37467.32
2025-07-17,Printer,Office,East,7,17030.32,7.7,6816.54,85602.49
2024-11-27,Smartphone,Electronics,North,3,28601.25,8.03,19234.71,80573.39
2024-09-29,Monitor,Electronics,West,4,12735.53,13.02,14865.03,29823.52
2024-06-07,Laptop,Electronics,South,6,53415.28,9.12,10631.11,173425.36
2024-01-02,Tablet,Electronics,North,7,22175.02,14.02,8128.58,95441.86
2025-06-12,Smartphone,Electronics,South,8,30996.14,10.14,11389.79,230427.06
2024-07-12,Laptop,Electronics,East,8,63180.38,19.84,18283.55,354278.47
2025-05-10,Printer,Office,South,2,15806.93,13.69,5755.71,19934.58
2024-08-01,Tablet,Electronics,Central,9,25117.17,16.65,13083.89,219642.56
2024-04-27,Printer,Office,East,2,13708.23,18.29,23177.65,22047.83
2025-06-30,Smartphone,Electronics,East,7,27738.26,1.3,18330.82,87988.54
2025-11-28,Laptop,Electronics,North,9,60349.2,13.01,7605.53,451076.06
2025-11-26,Mouse,Accessories,North,11,883.19,7.22,21695.76,8519.33
2024-11-03,Mouse,Accessories,East,2,805.66,5.65,22300.22,8580.69
2025-09-11,Headphones,Accessories,East,10,3833.52,9.83,3949.37,35023.25
2025-12-25,Laptop,Electronics,Central,5,59965.92,13.36,3198.56,228767.01
2024-11-22,Laptop,Electronics,South,11,56640.66,6.6,20010.55,725572.23
2025-04-13,Headphones,Accessories,East,3,3686.3,13.71,22310.33,15183.21
2024-05-20,Mouse,Accessories,Central,9,1011.15,9.11,17672.36,8666.38
2025-05-13,Tablet,Electronics,Central,7,23767.29,2.01,18893.96,165980.16
2025-07-02,Mouse,Accessories,East,9,832.21,2.4,9365.95,4670.82
2024-02-28,Printer,Office,Central,4,13941.39,3.07,17129.92,90251.92
2025-01-19,Laptop,Electronics,East,14,53618.32,17.55,3558.42,573981.47
2025-12-10,Monitor,Electronics,Central,14,12049.42,10.97,18215.62,177199.15
2025-03-13,Tablet,Electronics,South,7,21271.01,1.07,8736.95,78523.74
2024-04-12,Monitor,Electronics,South,2,12049.49,8.29,3590.52,19535.31
2024-03-03,Keyboard,Accessories,East,12,2027.74,4.67,3038.86,17601.5
2024-02-12,Laptop,Electronics,South,5,57574.13,10.07,7507.12,188143.57
2025-12-12,Monitor,Electronics,North,4,10227.5,4.89,17136.27,60253.67
2024-01-22,Mouse,Accessories,Central,12,859.11,17.68,24599.63,11976.8
2025-08-29,Headphones,Accessories,East,5,3391.98,5.91,8912.97,19817.2
2024-10-23,Smartphone,Electronics,North,9,28309.25,7.88,20151.16,196451.59
2025-09-06,Mouse,Accessories,Central,15,932.03,15.35,9066.57,8897.41
2024-06-19,Smartphone,Electronics,South,1,33964.4,1.15,17496.03,36266.1
2025-05-26,Mouse,Accessories,East,9,777.06,2.79,23920.2,11651.64
2024-10-26,Smartphone,Electronics,North,13,27522.25,19.26,5907.28,163933.1
2025-01-18,Headphones,Accessories,South,1,3669.38,8.6,4294.64,3885.42
2025-10-02,Keyboard,Accessories,East,8,1856.94,12.77,17093.37,18258.42
2024-02-19,Headphones,Accessories,South,10,3076.31,12.08,15525.26,33230.47
2025-07-21,Smartphone,Electronics,Central,1,29590.5,17.13,13471.29,23303.77
2025-06-21,Mouse,Accessories,Central,8,877.22,10.54,3268.48,4927.09
2025-03-10,Mouse,Accessories,Central,2,905.73,2.09,14553.55,5762.98
2024-02-08,Smartphone,Electronics,West,5,31638.74,8.96,3415.48,146152.71
2024-12-19,Mouse,Accessories,West,2,806.2,16.38,19931.91,7023.87
2024-07-03,Mouse,Accessories,South,1,1003.02,3.36,23151.3,6358.88
2024-09-15,Tablet,Electronics,South,1,23840.72,1.85,9148.21,15417.28
2025-05-27,Monitor,Electronics,Central,6,10621.16,1.0,15854.38,43601.31
2024-02-09,Printer,Office,North,3,14017.22,5.65,23213.49,30761.88
2024-04-11,Mouse,Accessories,East,13,981.21,16.03,13080.41,10232.46
2024-04-19,Mouse,Accessories,North,4,821.77,1.58,18671.12,7550.63
2024-02-05,Mouse,Accessories,West,15,1015.27,7.72,22385.63,17669.13
2024-02-16,Laptop,Electronics,West,6,50327.43,16.45,10702.17,158843.38
2024-03-10,Laptop,Electronics,Central,5,48994.64,12.99,16410.57,71147.15
2024-10-23,Mouse,Accessories,East,6,942.99,12.73,23575.83,10356.07
2024-05-19,Laptop,Electronics,Central,3,60976.0,9.8,19086.2,156115.89
2025-07-12,Printer,Office,West,10,12787.31,4.93,22621.31,116429.0
2024-04-28,Headphones,Accessories,East,12,3213.37,15.26,19701.65,23652.65
2025-10-13,Laptop,Electronics,Central,12,53489.67,7.63,11305.61,421715.99
2024-10-06,Printer,Office,East,14,16019.87,9.34,14891.22,164212.78
2025-11-03,Keyboard,Accessories,South,15,1818.42,11.93,6340.24,30670.76
2025-05-24,Mouse,Accessories,West,13,968.54,5.05,22356.93,8124.27
2024-07-08,Laptop,Electronics,North,2,59787.04,14.22,16270.78,109120.07
2025-08-12,Smartphone,Electronics,East,3,32300.95,14.53,2586.3,59710.56
2024-09-20,Monitor,Electronics,West,12,12755.05,18.35,24080.75,168699.63
2024-04-20,Laptop,Electronics,North,4,59932.72,8.86,22065.42,178049.27
2024-02-06,Keyboard,Accessories,Central,2,1963.44,11.25,20970.44,8469.79
2024-12-25,Keyboard,Accessories,Central,6,1702.75,9.12,12404.08,11585.2
2024-03-20,Printer,Office,Central,13,13119.12,9.15,17086.1,140961.02
2025-04-18,Headphones,Accessories,Central,10,3993.11,19.59,19185.37,37272.34
2024-04-17,Monitor,Electronics,East,11,13109.56,7.72,16994.95,157255.05
2024-02-15,Printer,Office,Central,3,14340.37,0.51,24052.36,36834.56
2025-07-06,Tablet,Electronics,East,14,19577.06,8.87,5116.74,166895.98
2025-03-05,Mouse,Accessories,South,10,798.49,16.09,8738.74,5967.29
2024-06-14,Smartphone,Electronics,South,8,28116.61,6.01,9859.15,239033.72
2024-07-30,Headphones,Accessories,North,9,3060.59,13.75,15278.05,25711.63
2025-12-20,Printer,Office,West,5,12966.76,2.52,20141.24,81646.71
2024-01-03,Monitor,Electronics,Central,2,12701.58,15.92,3064.44,16009.75
2025-04-16,Mouse,Accessories,East,12,942.88,17.18,3617.6,6530.53
2025-02-08,Monitor,Electronics,North,13,13402.59,10.93,18114.36,80894.06
2025-05-21,Mouse,Accessories,North,8,986.21,18.64,21821.05,8383.03
2024-05-14,Monitor,Electronics,North,3,10424.16,14.94,21874.66,23497.19
2025-03-18,Tablet,Electronics,West,13,18791.18,9.31,3778.37,252478.14
2024-07-19,Printer,Office,North,13,13366.39,6.2,18977.88,175449.2
2025-06-07,Printer,Office,Central,12,14340.13,0.37,14966.83,117524.16
2025-01-06,Keyboard,Accessories,Central,8,1544.12,15.37,24886.12,18511.6
2025-06-09,Printer,Office,East,1,13610.06,3.89,6026.79,17673.23
2024-01-06,Laptop,Electronics,Central,9,62842.47,15.95,19531.68,616872.47
2024-02-23,Smartphone,Electronics,East,4,29061.33,17.63,12543.32,114764.4
2025-08-22,Monitor,Electronics,West,8,11012.53,13.56,14228.24,66329.24
2024-01-27,Keyboard,Accessories,North,8,1611.2,1.13,13325.45,20742.15
2025-03-18,Monitor,Electronics,South,10,12030.29,7.11,11151.19,126073.56
2025-03-11,Tablet,Electronics,West,3,23902.22,11.07,13028.43,66945.66
2024-06-23,Smartphone,Electronics,West,4,32072.75,9.94,14011.76,109403.74
2025-02-20,Tablet,Electronics,South,15,21921.85,4.64,8553.39,262926.85
2025-10-25,Monitor,Electronics,East,8,11677.25,15.7,19364.27,62063.67
2024-06-12,Tablet,Electronics,Central,10,20532.04,1.61,10761.75,189315.8
2024-11-22,Printer,Office,South,6,16573.68,16.16,21237.11,107945.22
2025-01-24,Printer,Office,West,3,13350.39,11.69,11034.4,35920.78
2025-06-25,Mouse,Accessories,West,11,918.2,17.21,18475.08,15531.92
2025-04-15,Tablet,Electronics,South,3,21557.92,10.93,16825.31,77968.76
2024-06-21,Printer,Office,East,12,14863.88,15.91,7009.19,156157.01
2025-09-25,Tablet,Electronics,East,2,22923.64,17.3,21407.2,35691.68
2025-10-12,Tablet,Electronics,West,14,21408.05,10.93,11975.01,179980.3
2024-03-30,Keyboard,Accessories,North,3,1570.12,13.23,4254.54,4156.37
2025-12-18,Monitor,Electronics,South,2,10982.81,6.05,24889.17,23557.71
2024-08-02,Smartphone,Electronics,Central,12,26749.11,10.25,18498.09,259679.96
2024-02-28,Headphones,Accessories,South,11,3138.29,1.1,11554.05,23570.17
2025-03-20,Monitor,Electronics,Central,8,11179.21,15.25,14811.16,86827.37
2024-05-16,Printer,Office,East,11,16490.17,4.02,13456.77,180061.01
2024-12-19,Headphones,Accessories,East,8,2987.74,18.58,6918.21,19125.34
2025-08-12,Mouse,Accessories,North,12,925.4,2.91,24617.45,13292.16
2025-10-21,Keyboard,Accessories,East,2,1761.35,6.34,6647.62,3427.45
2025-01-20,Headphones,Accessories,South,1,3529.47,16.87,6652.46,4169.33
2025-08-10,Smartphone,Electronics,Central,15,34447.49,13.92,5350.94,177100.3
2024-04-16,Tablet,Electronics,West,6,19070.89,10.44,3510.66,93674.61
2024-04-30,Tablet,Electronics,North,14,24401.4,11.83,23266.89,211842.52
2024-08-10,Laptop,Electronics,East,9,55252.72,11.57,5947.34,458879.84
2025-11-24,Monitor,Electronics,North,15,12564.13,0.46,6579.35,141900.05
2025-03-03,Keyboard,Accessories,South,15,1631.05,11.59,9409.04,13410.26
2024-01-20,Laptop,Electronics,West,15,58898.34,10.6,12140.27,941433.15
2025-06-08,Laptop,Electronics,,13,53906.37,13.9,21614.52,293423.06
2024-04-01,Mouse,Accessories,North,3,869.73,19.6,6863.86,1676.11
2024-02-18,Keyboard,Accessories,Central,10,1560.79,19.28,12128.26,11088.5
2024-02-26,Tablet,Electronics,West,14,23422.67,10.21,11730.35,273720.74
2025-10-03,Keyboard,Accessories,West,13,1806.89,0.57,3389.91,15640.86
2025-12-13,Laptop,Electronics,East,12,47101.81,6.4,23975.63,497004.24
2025-07-14,Monitor,Electronics,West,2,11317.06,5.21,2826.35,14478.25
2024-09-22,Mouse,Accessories,Central,12,808.12,9.33,12517.77,14954.38
2024-02-28,Printer,Office,West,2,15327.37,1.29,4685.32,21157.63
2024-04-13,Mouse,Accessories,North,10,856.19,18.21,14538.99,7744.49
2024-05-31,Tablet,Electronics,North,10,23805.53,1.68,24120.14,108437.96
2025-08-06,Printer,Office,East,7,16176.61,7.31,5781.18,58527.7
2025-05-05,Tablet,Electronics,North,12,24461.06,12.7,19722.08,173963.09
2024-01-07,Printer,Office,West,1,12866.67,10.27,22292.2,10873.97
2024-08-15,Headphones,Accessories,South,5,3018.98,9.97,12447.27,16261.52
2025-12-02,Keyboard,Accessories,South,8,1883.76,10.06,14713.29,18142.6
2025-06-15,Laptop,Electronics,South,4,49428.28,9.17,6738.51,168384.39
2025-06-28,Keyboard,Accessories,South,9,1574.84,18.36,19821.68,20106.42
2025-12-08,Keyboard,Accessories,East,11,1575.54,2.0,15977.59,19274.43
2024-06-11,Printer,Office,West,5,16875.74,12.91,9709.21,76511.6
2025-01-01,Printer,Office,South,10,16011.89,3.94,6497.61,144260.66
2025-06-10,Tablet,Electronics,South,9,22783.67,3.17,17069.18,176087.86
2024-06-27,Mouse,Accessories,Central,11,881.94,10.73,10047.08,13007.53
2025-08-16,Laptop,Electronics,West,10,54560.11,3.68,6046.7,635810.66
2025-03-17,Headphones,Accessories,North,9,3581.46,6.62,8044.17,12187.05
2024-12-19,Tablet,Electronics,East,5,24720.84,7.97,18039.91,90046.29
2024-08-08,Printer,Office,South,15,13360.34,7.38,23583.57,173984.2
2024-09-12,Headphones,Accessories,West,11,3516.59,7.03,2563.42,33701.48
2025-12-08,Smartphone,Electronics,East,1,27599.09,0.3,7163.38,28112.33
2025-08-21,Keyboard,Accessories,West,10,1907.24,7.59,17377.97,27680.21
2024-09-19,Laptop,Electronics,North,11,53110.48,15.1,16516.8,546125.94
2024-02-19,Headphones,Accessories,South,13,3726.14,0.42,16676.52,17406.97
2024-02-01,Monitor,Electronics,Central,2,10264.86,1.05,4531.34,23565.79
2025-06-18,Monitor,Electronics,North,4,11224.14,17.02,23659.75,27287.92
2024-07-14,Printer,Office,East,11,15577.73,19.19,23159.23,133652.13
2024-01-02,Mouse,Accessories,East,6,779.65,18.54,11296.42,5688.65
2024-08-09,Keyboard,Accessories,South,15,1790.69,19.0,17024.32,22702.16
2025-06-15,Smartphone,Electronics,South,2,29702.35,13.76,14780.27,50974.58
2025-12-23,Mouse,Accessories,East,4,1033.93,11.81,13338.64,8412.97
2025-07-06,Tablet,Electronics,Central,7,21592.61,1.05,19285.0,45062.82
2025-03-14,Monitor,Electronics,North,10,12400.52,10.05,6811.19,81770.38
2025-02-22,Smartphone,Electronics,South,15,29685.98,4.25,15569.48,495271.91
2025-03-30,Laptop,Electronics,North,8,50563.4,17.6,23609.99,235277.96
2025-12-08,Monitor,Electronics,South,14,10884.82,11.04,24132.18,124477.98
2024-12-05,Smartphone,Electronics,West,9,31313.13,18.72,12268.24,215990.46
2025-01-10,Laptop,Electronics,North,12,49987.83,17.86,17636.39,642120.67
2025-03-01,Headphones,Accessories,South,10,3723.48,19.08,10120.87,18292.2
2024-01-15,Smartphone,Electronics,West,4,33222.7,10.82,18002.14,110672.97
2025-06-02,Printer,Office,Central,14,14623.29,10.33,23750.09,113629.23
2024-07-31,Keyboard,Accessories,East,12,1778.25,12.0,6633.21,10123.57
2024-01-25,Monitor,Electronics,West,11,13038.41,4.91,19830.41,93292.99
2024-01-16,Headphones,Accessories,South,4,3630.61,1.28,11981.44,18234.53
2025-09-05,Printer,Office,North,5,15159.82,15.41,9110.09,57145.01
2025-06-05,Printer,Office,Central,9,15793.18,19.49,13325.09,126885.48
2025-12-30,Keyboard,Accessories,South,6,1926.18,9.22,21120.66,16575.32
2025-09-27,Tablet,Electronics,Central,1,25053.7,14.08,18805.58,34683.14
2025-08-17,Headphones,Accessories,North,10,3286.02,13.7,14908.84,37754.32
2025-07-18,Printer,Office,North,3,12881.39,19.49,23176.4,42811.9
2025-08-25,Smartphone,Electronics,East,9,28019.44,18.55,7116.26,110036.04
2025-08-18,Headphones,Accessories,Central,3,3232.31,2.75,19776.27,13869.74
2024-01-09,Tablet,Electronics,Central,1,20758.8,7.14,20390.69,18735.74
2024-06-30,Monitor,Electronics,South,13,11574.41,7.77,14484.34,183780.13
2025-11-22,Keyboard,Accessories,West,8,1655.42,0.48,14774.02,16703.81
2024-05-31,Monitor,Electronics,West,13,13362.64,6.94,24518.96,110714.82
2025-12-14,Tablet,Electronics,South,2,24600.25,5.0,23151.11,57601.65
2025-02-07,Keyboard,Accessories,North,7,1870.54,1.76,13053.3,17998.79
2024-11-05,Printer,Office,North,5,16200.49,13.29,2945.28,56301.74
2024-08-10,Monitor,Electronics,North,3,13790.49,6.58,18261.78,45645.06
2025-05-29,Monitor,Electronics,East,6,10975.36,10.5,22255.2,65408.57
2024-01-23,Tablet,Electronics,North,9,22596.66,8.13,18015.96,72473.07
2024-11-24,Printer,Office,North,13,17081.49,11.08,4950.49,228848.46
2024-03-11,Keyboard,Accessories,West,12,1698.01,11.74,19933.37,17751.4
2025-09-10,Tablet,Electronics,South,8,21452.59,8.42,13685.7,279487.95
2025-09-21,Monitor,Electronics,East,6,11756.26,18.6,24575.75,34062.51
2025-06-06,Printer,Office,East,11,16241.23,3.87,14783.31,119758.64
2025-08-25,Tablet,Electronics,East,8,23621.26,11.43,22412.71,61755.97
2025-06-04,Headphones,Accessories,North,1,3324.87,10.28,2264.33,3206.29
2025-04-29,Tablet,Electronics,West,12,20815.37,5.41,16494.29,329047.71
2024-09-14,Tablet,Electronics,West,14,19376.3,16.62,24548.86,157104.92
2025-05-31,Headphones,Accessories,West,12,3582.0,18.62,9889.55,35763.83
2025-12-03,Keyboard,Accessories,Central,4,2019.71,1.49,5607.1,11205.76
2024-04-19,Printer,Office,West,8,15866.78,2.7,13765.79,103596.73
2025-06-12,Monitor,Electronics,West,7,11796.67,3.57,2648.23,85239.1
2024-09-17,Printer,Office,South,15,14167.37,11.22,7525.65,160707.58
2025-09-16,Tablet,Electronics,Central,5,21755.48,19.99,15816.41,82275.73
2025-05-09,Tablet,Electronics,East,14,23091.17,3.21,15100.41,235275.53
2025-12-27,Keyboard,Accessories,East,8,1981.58,18.37,18078.78,21045.45
2024-02-29,Headphones,Accessories,West,8,3961.26,15.76,21791.27,30348.89
2024-04-20,Tablet,Electronics,West,4,22645.76,15.94,11705.59,88610.31
2025-01-30,Mouse,Accessories,North,5,830.31,4.55,3841.46,2260.53
2025-01-24,Tablet,Electronics,East,4,21517.07,15.71,18491.35,60999.11
2025-08-05,Headphones,Accessories,Central,2,3826.67,1.34,13812.28,8643.88
2024-01-15,Headphones,Accessories,South,4,3499.47,8.9,6199.83,14285.84
2024-07-13,Printer,Office,South,2,13323.4,0.86,21646.52,30865.64
2025-10-12,Tablet,Electronics,West,11,24812.75,5.68,18830.39,262739.91
2025-02-11,Laptop,Electronics,North,12,51734.2,8.24,6811.47,377808.81
2025-02-20,Smartphone,Electronics,North,3,32351.38,12.82,5700.32,10091.34
2024-01-28,Smartphone,Electronics,South,10,25542.83,14.3,6753.48,223239.27
2025-08-08,Printer,Office,West,14,13439.63,10.84,20836.16,155413.57
2025-02-01,Tablet,Electronics,North,9,24274.4,14.69,16270.76,215453.1
2025-06-07,Headphones,Accessories,West,11,3231.37,2.9,14184.67,33879.0
2024-10-27,Smartphone,Electronics,West,1,26908.73,18.01,17940.73,26695.42
2024-07-11,Tablet,Electronics,Central,11,24363.57,6.45,14144.78,212244.57
2024-01-22,Laptop,Electronics,South,11,53491.05,5.02,17574.68,549107.46
2024-01-05,Printer,Office,North,11,13744.11,9.03,22110.9,112671.75
2025-08-28,Printer,Office,East,12,14729.53,7.69,18153.12,79447.97
2025-08-09,Keyboard,Accessories,South,7,1534.41,16.89,17370.66,7361.94
2025-05-06,Smartphone,Electronics,Central,7,29665.23,15.12,14139.84,118807.63
2024-04-11,Monitor,Electronics,East,1,13445.01,11.05,6682.86,9078.46
2025-02-22,Headphones,Accessories,South,15,3108.03,2.51,2552.87,29790.15
2025-07-05,Monitor,Electronics,Central,6,11169.08,2.58,18086.13,54459.84
2024-07-21,Laptop,Electronics,South,15,53382.94,0.2,16579.07,769421.39
2024-09-26,Mouse,Accessories,Central,6,765.26,5.18,14926.34,8173.58
2025-11-24,Laptop,Electronics,Central,8,49324.6,6.89,16820.72,341874.68
2024-01-19,Headphones,Accessories,North,10,3271.55,19.55,4835.59,16849.06
2024-08-21,Monitor,Electronics,West,13,11964.37,13.43,16136.77,111348.87
2025-06-13,Printer,Office,North,14,17214.89,6.36,5987.3,137944.58
2025-10-20,Printer,Office,East,15,15735.32,15.15,9726.98,194308.2
2024-04-12,Printer,Office,South,4,15015.91,4.4,15483.08,58420.52
2025-08-05,Mouse,Accessories,South,14,898.96,6.72,15782.49,18230.58
2025-03-18,Mouse,Accessories,West,10,985.87,7.58,14922.66,7750.09
2025-03-09,Laptop,Electronics,North,4,51357.7,7.54,5966.44,187881.78
2025-09-28,Mouse,Accessories,Central,8,819.43,12.38,24012.29,12116.99
2024-09-06,Printer,Office,South,5,16300.61,6.0,5285.05,34465.22
2025-03-07,Smartphone,Electronics,North,4,31055.4,13.8,23914.24,88826.32
2024-03-07,Monitor,Electronics,East,12,11752.26,10.23,23865.83,118803.85
2025-02-22,Headphones,Accessories,North,12,3941.38,0.64,2243.04,16333.16
2024-10-24,Monitor,Electronics,Central,6,12122.24,9.26,18244.64,26345.12
2024-09-15,Laptop,Electronics,North,13,49286.04,14.43,15798.72,441505.16
2024-12-04,Monitor,Electronics,West,15,11334.26,18.62,6929.82,187813.94
2024-03-29,Printer,Office,West,2,14344.08,6.1,2871.57,21907.65
2024-01-25,Mouse,Accessories,Central,12,797.09,1.0,23720.1,11568.84
2024-04-16,Tablet,Electronics,Central,14,24543.72,12.94,7764.82,226586.71
2025-09-13,Smartphone,Electronics,North,2,27861.07,12.95,2736.86,55662.38
2025-05-05,Smartphone,Electronics,South,10,34147.89,6.05,2298.46,438759.89
2024-10-29,Mouse,Accessories,Central,8,954.75,15.18,9966.85,8769.29
2025-11-06,Monitor,Electronics,West,5,11587.58,7.76,24280.09,60245.83
2025-06-24,Tablet,Electronics,East,6,18721.66,17.44,11039.89,51637.69
2024-08-24,Keyboard,Accessories,North,11,1894.72,14.44,8378.43,11806.88
2024-03-26,Tablet,Electronics,Central,15,23247.89,1.04,5062.52,301975.62
2024-07-23,Tablet,Electronics,Central,6,21395.58,13.6,15102.2,105142.63
2025-03-20,Tablet,Electronics,South,15,23763.33,1.9,5555.97,314958.87
2025-04-15,Keyboard,Accessories,South,5,1645.84,14.02,5160.56,9331.7
2024-09-05,Monitor,Electronics,West,10,12691.98,9.89,4862.14,113117.91
2025-03-26,Headphones,Accessories,Central,10,3571.12,4.28,13195.93,28507.8
2025-10-03,Monitor,Electronics,South,2,10731.64,19.45,8875.53,15961.3
2025-03-11,Printer,Office,South,6,16934.92,10.27,18068.04,69609.13
2024-01-06,Tablet,Electronics,Central,13,21227.45,12.5,5431.86,204778.33
2024-07-20,Smartphone,Electronics,East,11,25900.11,8.99,4300.28,197910.02
2024-11-01,Monitor,Electronics,Central,6,13006.48,1.07,20485.22,101677.24
2024-11-13,Mouse,Accessories,West,2,877.53,1.3,10704.93,4596.94
2025-04-14,Printer,Office,West,2,15342.75,8.01,14775.7,45116.68
2025-02-25,Monitor,Electronics,North,11,11723.11,11.08,23732.9,74676.25
2024-01-11,Monitor,Electronics,South,10,13703.27,13.55,10875.26,34034.88
2025-07-25,Keyboard,Accessories,Central,14,1557.76,6.89,5163.66,23528.0
2025-07-22,Mouse,Accessories,Central,12,978.35,17.25,21437.27,13663.0
2025-01-22,Printer,Office,North,1,16561.8,18.05,21134.01,13182.41
2025-04-09,Laptop,Electronics,Central,13,58995.69,17.29,4709.57,319622.06
2024-10-30,Headphones,Accessories,West,14,3070.08,13.29,23441.24,35557.87
2024-03-05,Printer,Office,Central,7,17162.84,12.06,9217.83,90260.72
2025-11-16,Smartphone,Electronics,Central,6,30508.09,5.06,3475.63,121129.37
2024-10-26,Mouse,Accessories,West,8,890.35,6.96,21617.46,10224.33
2025-01-06,Laptop,Electronics,North,11,54499.6,16.67,6615.27,412823.22
2025-04-27,Smartphone,Electronics,West,4,32546.48,13.35,20679.04,96190.42
2024-07-08,Headphones,Accessories,West,8,3450.13,9.25,16281.76,36946.94
2024-09-17,Printer,Office,Central,1,15284.0,6.34,3516.64,18726.23
2025-12-04,Mouse,Accessories,West,15,825.54,11.47,3475.82,2122.14
2025-05-15,Tablet,Electronics,West,5,19912.48,9.58,23889.86,109037.12
2024-07-09,Smartphone,Electronics,West,9,34058.89,4.3,7401.33,207758.3
2024-02-04,Keyboard,Accessories,East,15,1853.18,13.23,9991.53,23579.58
2025-01-14,Tablet,Electronics,East,15,18822.94,15.18,8464.25,209451.48
2024-03-16,Printer,Office,Central,15,14807.83,14.68,3523.86,174761.31
2025-01-10,Laptop,Electronics,South,5,57397.56,10.29,10482.42,135091.71
2025-04-23,Headphones,Accessories,South,15,3678.04,8.62,9159.0,42204.45
2025-04-10,Tablet,Electronics,North,9,25040.48,5.2,15685.19,119546.21
2025-02-08,Monitor,Electronics,South,11,10619.47,15.86,9122.41,51368.26
2024-04-17,Tablet,Electronics,North,5,24590.45,19.63,22906.95,60434.03
2025-11-18,Headphones,Accessories,Central,1,3315.29,9.02,4675.83,5527.84
2025-12-21,Headphones,Accessories,East,3,3263.47,10.42,18683.43,14159.17
2024-11-03,Tablet,Electronics,North,2,23668.36,14.49,2004.04,49249.26
2025-01-26,Mouse,Accessories,Central,6,937.17,3.09,20637.65,12470.39
2025-04-16,Keyboard,Accessories,North,3,1896.08,8.85,13605.29,8576.47
2025-02-07,Laptop,Electronics,West,9,49590.85,14.1,16276.29,271748.86
2024-03-27,Monitor,Electronics,Central,14,11820.68,0.02,14351.17,206055.52
2024-07-09,Keyboard,Accessories,South,6,1905.52,15.79,22455.89,9890.26
2024-07-21,Headphones,Accessories,West,10,3512.31,13.56,21786.61,41429.82
2025-11-17,Smartphone,Electronics,East,13,33536.45,7.43,11930.98,308436.72
2025-10-23,Keyboard,Accessories,Central,7,1636.13,14.42,19264.96,9970.7
2025-08-15,Monitor,Electronics,South,7,10960.74,19.82,18625.65,61689.31
2024-10-02,Smartphone,Electronics,North,9,25700.54,15.39,13090.88,106251.57
2025-03-12,Tablet,Electronics,Central,12,23391.11,8.75,2028.91,237995.98
2025-12-20,Tablet,Electronics,East,2,19177.29,5.16,22629.5,37141.86
2025-04-26,Headphones,Accessories,North,12,3708.51,12.42,2219.52,31630.21
2024-05-12,Tablet,Electronics,North,1,23862.07,12.14,24848.66,17337.56
2025-11-04,Laptop,Electronics,West,3,56601.18,18.17,13236.32,120346.93
2024-07-05,Headphones,Accessories,South,7,3584.73,18.21,22291.82,14608.82
2024-05-16,Laptop,Electronics,West,12,62443.6,8.7,19074.76,327107.62
2025-12-17,Mouse,Accessories,West,9,926.36,7.4,19736.38,12982.4
2024-12-03,Mouse,Accessories,East,6,898.51,7.11,22827.46,11442.33
2024-08-15,Monitor,Electronics,West,11,12154.17,6.43,16213.38,141782.93
2025-10-24,Mouse,Accessories,West,10,866.55,2.72,9666.63,11482.94
2025-04-10,Smartphone,Electronics,East,15,27274.82,16.48,20353.46,280652.38
2025-10-11,Keyboard,Accessories,South,12,1848.29,9.86,10826.03,19565.32
2024-04-13,Headphones,Accessories,East,6,3751.23,8.23,6371.96,17837.94
2025-11-16,Tablet,Electronics,North,3,24252.89,13.67,22049.3,57259.61
2025-03-24,Laptop,Electronics,West,1,59134.29,3.37,3490.63,42966.58
2024-04-18,Smartphone,Electronics,Central,4,51632.490000000005,1.59,23900.0,142674.2
2025-06-08,Monitor,Electronics,East,14,10926.96,19.54,21603.56,143167.76
2024-10-10,Mouse,Accessories,South,13,992.75,8.94,17773.75,13142.36
2025-10-05,Laptop,Electronics,West,15,62339.38,2.26,15432.99,1202186.52
2025-02-21,Mouse,Accessories,West,9,807.46,0.35,14823.06,10120.42
2025-08-07,Tablet,Electronics,Central,6,19455.76,14.85,24322.77,111076.59
2024-03-15,Keyboard,Accessories,Central,10,1859.68,2.82,24229.0,18205.93
2024-01-12,Headphones,Accessories,North,7,3412.36,5.56,19080.53,11204.76
2025-12-28,Tablet,Electronics,West,13,21408.75,16.58,12225.36,278215.61
2024-07-10,Laptop,Electronics,West,5,48073.17,15.33,10389.0,111092.23
2025-10-26,Laptop,Electronics,South,6,62230.28,6.51,4790.92,302144.87
2024-05-13,Headphones,Accessories,North,5,3290.19,11.12,3598.2,15404.74
2025-05-19,Headphones,Accessories,West,3,4006.98,17.11,3410.38,11643.37
2025-06-23,Tablet,Electronics,East,3,20291.5,8.23,7906.84,39912.13
2025-12-03,Printer,Office,Central,12,16615.92,0.42,21884.45,222641.86
2025-04-05,Headphones,Accessories,Central,7,3929.15,10.94,12356.43,20839.3
2024-11-16,Keyboard,Accessories,West,10,2023.14,12.68,4825.01,17877.56
2025-09-10,Keyboard,Accessories,Central,15,1999.09,5.52,14408.85,19600.49
2024-04-23,Smartphone,Electronics,East,12,28260.28,11.36,22432.08,295216.79
2024-02-18,Printer,Office,East,12,15529.68,9.29,13844.4,184408.43
2024-10-26,Mouse,Accessories,East,12,856.26,19.42,10967.58,8782.03
2024-10-19,Headphones,Accessories,North,7,3566.9,15.67,5419.84,18931.36
2024-05-17,Monitor,Electronics,East,3,13358.98,6.15,20169.58,20501.87
2024-04-30,Keyboard,Accessories,West,1,1544.43,19.32,22815.61,8174.43
2025-10-23,Headphones,Accessories,Central,3,3838.22,12.63,7630.33,9431.34
2024-05-12,Keyboard,Accessories,Central,8,2007.61,6.82,14102.03,12395.3
2025-01-02,Mouse,Accessories,South,4,838.91,11.22,16922.24,7521.57
2024-01-27,Mouse,Accessories,West,9,967.82,18.45,12455.42,10773.54
2024-01-24,Smartphone,Electronics,West,6,28138.06,2.27,21023.88,202448.22
2024-08-10,Monitor,Electronics,South,13,12417.15,18.99,17771.72,135316.38
2024-03-06,Keyboard,Accessories,West,2,1965.71,19.74,16734.3,6385.19
2025-01-05,Printer,Office,West,6,13948.78,16.1,7276.21,65401.4
2025-08-23,Smartphone,Electronics,South,12,33193.35,3.54,22431.4,334863.72
2025-11-29,Mouse,Accessories,North,7,884.75,12.17,23069.73,11156.5
2024-07-10,Smartphone,Electronics,East,4,33420.51,12.79,14844.85,86690.6
2025-04-04,Monitor,Electronics,West,10,10418.15,13.01,10420.83,108052.74
2024-06-11,Laptop,Electronics,West,15,54128.17,0.09,11989.79,1110957.65
2025-10-26,Mouse,Accessories,South,10,1024.57,2.61,12706.84,13741.15
2025-08-20,Tablet,Electronics,South,6,23070.85,11.3,15274.0,169312.29
2025-05-24,Keyboard,Accessories,Central,12,1764.7,16.92,23852.48,16355.7
2024-07-06,Keyboard,Accessories,West,5,1736.02,1.65,6387.26,12522.57
2025-09-02,Monitor,Electronics,West,3,10272.98,16.26,18865.0,23117.48
2025-11-10,Mouse,Accessories,West,1,817.55,2.5,14882.42,7559.86
2025-06-21,Laptop,Electronics,Central,8,46938.52,18.15,12501.89,301293.25
2025-09-25,Monitor,Electronics,Central,4,11262.13,2.62,5334.82,24247.65
2025-09-01,Keyboard,Accessories,East,12,1778.47,12.56,5530.43,16423.36
2025-04-26,Keyboard,Accessories,East,10,1911.31,12.53,15501.1,8077.04
2025-04-28,Tablet,Electronics,North,8,20120.88,9.36,14142.71,113641.98
2025-10-28,Smartphone,Electronics,East,15,29751.53,1.92,4915.39,239054.57
2025-04-01,Headphones,Accessories,South,6,3272.72,17.7,16369.94,18304.05
2024-02-17,Mouse,Accessories,West,10,819.44,5.69,12789.37,11559.19
2024-09-18,Monitor,Electronics,East,13,12819.44,2.61,7078.35,137233.97
2024-12-29,Tablet,Electronics,Central,8,22921.21,15.12,21297.31,166866.27
2024-10-19,Printer,Office,South,2,14592.73,15.23,4788.22,22221.59
2024-10-20,Mouse,Accessories,East,1,890.81,19.76,14853.14,5001.67
2024-09-28,Mouse,Accessories,Central,5,999.83,11.91,18675.16,6565.24
2025-11-15,Mouse,Accessories,North,2,848.0,9.12,7836.22,4337.38
2024-02-15,Headphones,Accessories,West,11,3305.23,11.75,24772.01,21024.48
2024-05-01,Tablet,Electronics,South,12,20240.66,4.05,7318.45,139516.76
2025-03-25,Mouse,Accessories,South,3,850.35,17.69,10318.29,3736.72
2025-11-20,Keyboard,Accessories,West,12,1799.4,18.68,3991.14,12563.83
2025-05-20,Headphones,Accessories,West,2,3184.0,4.95,2990.86,8176.67
2024-06-24,Smartphone,Electronics,East,2,27515.54,8.47,20066.3,49315.85
2025-10-03,Printer,Office,West,5,14114.96,1.16,18931.36,54683.84
2025-06-01,Printer,Office,West,5,14267.85,7.34,3204.15,71269.65
2025-08-06,Keyboard,Accessories,South,2,1655.44,6.33,16544.47,7254.8
2024-11-07,Tablet,Electronics,East,14,22824.91,5.24,8770.97,313319.87
2025-05-18,Laptop,Electronics,North,6,55136.57,4.89,2272.16,375676.95
2024-11-18,Laptop,Electronics,West,14,56029.06,12.59,14169.84,735921.7
2024-10-04,Monitor,Electronics,West,1,10953.58,0.22,5502.23,12534.8
2024-08-04,Monitor,Electronics,North,1,11607.39,11.35,8383.16,14506.96
2024-04-23,Printer,Office,South,8,13508.86,15.0,9970.44,64988.56
2024-04-26,Tablet,Electronics,East,8,19745.62,2.95,15019.09,166177.32
2025-06-26,Monitor,Electronics,North,1,11290.65,11.48,23501.82,16866.29
2025-07-29,Keyboard,Accessories,West,7,2036.05,4.72,24644.36,19347.06
2024-01-08,Mouse,Accessories,East,11,959.12,8.04,22482.68,12174.22
2025-03-09,Mouse,Accessories,West,5,918.37,5.53,19808.14,8728.9
2025-05-02,Laptop,Electronics,North,6,53642.68,6.66,7408.18,201645.35
2024-10-07,Tablet,Electronics,South,6,20571.53,8.07,23368.63,97737.68
2025-06-26,Keyboard,Accessories,North,5,1649.3,5.85,8802.75,6877.56
2025-11-10,Headphones,Accessories,South,6,3588.57,2.71,22715.63,32592.46
2024-05-18,Monitor,Electronics,North,8,12564.88,17.36,23218.48,36325.95
2024-09-05,Keyboard,Accessories,East,15,1972.21,2.64,14194.02,40522.26
2025-04-25,Monitor,Electronics,Central,2,13501.29,6.47,10889.27,32059.71
2024-11-11,Monitor,Electronics,North,1,11214.44,19.36,8201.9,9955.22
2024-06-14,Mouse,Accessories,East,1,945.33,6.67,22995.8,7429.18
2024-05-24,Headphones,Accessories,Central,4,3360.38,17.82,8375.17,13829.88
2025-01-07,Tablet,Electronics,Central,6,18846.66,3.25,12068.86,100287.77
2024-01-29,Mouse,Accessories,East,6,997.6,1.41,19836.94,8395.35
2025-03-22,Headphones,Accessories,West,3,3584.07,0.16,13658.25,14082.03
2025-04-19,Headphones,Accessories,South,9,3301.6,3.07,13029.34,29041.47
2024-07-22,Monitor,Electronics,West,1,10893.19,11.26,3505.68,13973.79
2025-01-20,Smartphone,Electronics,East,12,30620.87,16.78,22037.62,212449.57
2024-04-22,Headphones,Accessories,East,13,3994.47,7.25,5642.95,28068.1
2025-11-18,Tablet,Electronics,South,10,20021.77,14.04,4564.73,197422.71
2025-03-27,Headphones,Accessories,Central,3,3487.14,15.6,11968.39,11927.6
2025-05-25,Monitor,Electronics,North,8,12986.92,19.75,2407.44,45524.17
2025-04-14,Headphones,Accessories,South,8,3506.08,5.4,10714.29,14259.93
2024-02-11,Tablet,Electronics,West,1,23136.79,3.2,10730.59,25876.52
2025-12-22,Tablet,Electronics,South,11,19297.63,17.74,14724.46,202397.22
2024-03-03,Laptop,Electronics,West,10,56699.64,11.25,9485.72,358920.08
2025-10-12,Keyboard,Accessories,East,4,1703.22,19.36,21457.27,9376.46
2024-12-06,Keyboard,Accessories,Central,7,1863.21,19.28,23186.38,13873.62
2025-01-31,Tablet,Electronics,East,7,21276.64,12.32,13850.01,72215.8
2024-10-30,Printer,Office,Central,14,14899.18,8.73,3902.83,199961.92
2025-05-09,Smartphone,Electronics,East,10,29312.6,12.69,21959.23,207897.59
2024-04-15,Headphones,Accessories,North,3,3157.75,18.15,13710.66,11516.75
2024-05-18,Headphones,Accessories,Central,12,3096.87,17.09,3371.66,22721.95
2025-10-02,Tablet,Electronics,North,7,20397.95,7.18,13044.37,133120.28
2025-09-30,Headphones,Accessories,North,11,3406.51,5.06,11207.92,35495.15
2024-11-26,Smartphone,Electronics,South,11,26114.24,11.22,4834.84,250377.29
2024-05-24,Printer,Office,North,14,14141.37,2.95,4018.39,140420.32
2025-04-14,Smartphone,Electronics,East,1,34204.87,2.41,11433.78,34847.82
2024-09-13,Tablet,Electronics,East,13,23039.68,18.51,3935.92,196161.77
2025-08-23,Smartphone,Electronics,North,5,33402.52,9.29,13839.12,190843.9
2024-02-17,Tablet,Electronics,West,11,23267.65,16.64,10618.2,179321.92
2025-01-15,Smartphone,Electronics,North,13,31240.25,11.56,14348.88,403866.57
2024-07-20,Headphones,Accessories,North,1,4003.89,3.67,7801.97,3444.1
2024-09-08,Smartphone,Electronics,South,10,26431.31,19.42,2868.46,105334.86
2024-06-07,Laptop,Electronics,West,8,60055.46,14.98,11063.37,559889.51
2025-01-03,Printer,Office,East,7,12789.57,3.29,21456.43,62953.92
2024-02-19,Headphones,Accessories,East,2,3143.27,12.05,16838.15,8382.12
2025-06-24,Smartphone,Electronics,West,10,26581.93,7.9,16567.08,241656.86
2024-01-22,Tablet,Electronics,South,13,24982.62,7.66,18326.09,284117.59
2024-04-10,Mouse,Accessories,South,14,831.76,14.28,13361.65,11311.49
2025-05-16,Monitor,Electronics,West,6,11184.0,1.58,12232.7,69037.82
2024-06-10,Keyboard,Accessories,East,7,2014.64,1.55,22165.25,17040.29
2024-05-03,Mouse,Accessories,Central,8,994.32,9.39,17853.31,8425.9
2024-05-21,Monitor,Electronics,East,11,12516.73,8.23,9596.15,66745.12
2025-11-22,Monitor,Electronics,Central,14,13189.74,14.89,20788.85,153607.47
2024-08-05,Mouse,Accessories,West,8,809.7,6.17,16136.37,8706.08
2025-07-31,Tablet,Electronics,East,14,20337.2,18.49,2405.26,252385.2
2024-11-17,Mouse,Accessories,South,1,1000.73,17.66,10876.19,4278.7
2025-01-31,Headphones,Accessories,West,3,3951.81,8.3,15133.19,9752.82
2024-04-06,Tablet,Electronics,East,9,22675.59,6.72,11598.83,110178.34
2024-05-26,Laptop,Electronics,Central,6,63001.73,4.9,15939.49,354389.81
2024-01-10,Monitor,Electronics,East,3,12539.55,5.25,21132.92,32775.63
2024-02-11,Smartphone,Electronics,West,2,31272.42,13.42,14892.23,67163.6
2024-11-20,Printer,Office,Central,13,13753.26,15.25,23842.97,125712.8
2025-11-18,Monitor,Electronics,South,5,12800.95,13.83,20766.27,56693.55
2024-10-01,Laptop,Electronics,Central,10,57160.31,0.27,14711.38,342231.06
2025-06-05,Printer,Office,North,12,15562.93,3.23,23059.19,265898.34
2025-12-10,Headphones,Accessories,North,13,3276.0,2.93,7177.8,25289.7
2024-06-24,Smartphone,Electronics,Central,13,29873.08,5.74,6979.32,321779.98
2024-10-17,Headphones,Accessories,South,9,3435.64,10.71,4832.58,33528.59
2024-01-04,Headphones,Accessories,West,9,3016.87,10.65,11446.32,24263.68
2025-12-10,Tablet,Electronics,North,1,20500.95,3.99,24554.06,35573.12
2025-08-27,Headphones,Accessories,South,9,3516.93,18.42,6669.68,23365.77
2025-10-24,Mouse,Accessories,South,12,913.43,4.13,18691.94,12515.86
2024-04-21,Monitor,Electronics,South,13,13747.51,15.83,17500.8,189175.14
2024-05-07,Tablet,Electronics,West,13,24518.01,3.84,3778.24,163438.42
2025-11-24,Headphones,Accessories,West,5,3917.9,13.04,13648.64,22524.25
2024-05-16,Keyboard,Accessories,Central,6,2018.95,9.73,16973.77,10732.25
2025-01-27,Smartphone,Electronics,South,10,30255.03,2.38,19402.02,359019.92
2025-06-09,Monitor,Electronics,South,7,12434.89,5.51,15478.14,69228.72
2024-12-15,Monitor,Electronics,East,5,12412.3,19.23,23891.57,28579.07
2025-10-29,Laptop,Electronics,West,9,50582.92,14.16,6546.73,365997.13
2025-12-28,Mouse,Accessories,South,1,810.03,19.58,10845.43,3605.97
2025-08-25,Printer,Office,West,4,13509.91,6.58,18953.85,51056.33
2025-10-29,Tablet,Electronics,East,13,24960.27,17.22,6262.79,293252.8
2024-02-26,Printer,Office,West,5,13149.34,6.74,4572.46,56124.79
2025-07-20,Mouse,Accessories,North,13,954.32,2.01,22718.28,14053.72
2025-09-30,Laptop,Electronics,East,14,51444.2,12.25,16415.7,701791.85
2025-10-29,Monitor,Electronics,South,6,12870.66,10.62,20273.63,83377.71
2024-03-19,Printer,Office,South,13,13815.08,6.27,15185.59,133626.36
2024-11-30,Printer,Office,East,13,15326.81,11.47,13610.45,202315.48
2025-11-12,Keyboard,Accessories,South,10,1857.04,0.29,15779.33,20323.03
2025-07-19,Headphones,Accessories,West,15,3346.36,10.59,18063.07,29258.33
2024-05-16,Keyboard,Accessories,West,4,1710.1,8.8,24226.97,13350.61
2025-06-29,Monitor,Electronics,North,7,11634.96,1.48,2674.31,50410.84
2025-11-09,Laptop,Electronics,West,11,47784.16,0.51,10248.35,547266.56
2024-12-10,Printer,Office,West,8,16802.02,6.75,11266.6,140807.69
2025-05-27,Monitor,Electronics,West,8,12288.02,4.04,23680.91,94231.31
2024-01-30,Printer,Office,West,12,15672.99,2.58,24620.97,190006.98
2024-07-13,Mouse,Accessories,West,8,842.94,17.35,24641.57,11817.99
2025-05-26,Laptop,Electronics,East,4,52001.56,5.68,12685.22,220305.56
2025-01-30,Printer,Office,South,11,17026.92,19.15,8052.46,73849.55
2025-08-10,Tablet,Electronics,West,10,23967.96,18.81,2549.82,241586.45
2024-09-27,Printer,Office,East,1,16882.54,14.99,20332.93,16736.68
2025-12-18,Mouse,Accessories,South,10,1007.59,9.72,19318.72,18950.39
2025-02-23,Monitor,Electronics,West,8,12516.47,12.74,7846.12,65056.06
2025-03-18,Mouse,Accessories,North,10,1007.47,9.33,23838.99,14508.63
2024-06-24,Keyboard,Accessories,East,3,1643.99,12.17,13476.71,8012.42
2024-08-28,Tablet,Electronics,West,1,24723.68,15.98,12639.41,18069.37
2025-05-13,Smartphone,Electronics,North,12,30603.22,14.12,2415.53,92809.92
2025-05-22,Mouse,Accessories,West,8,899.14,7.6,16910.35,9223.89
2025-02-21,Printer,Office,Central,3,15470.53,4.53,24771.99,44010.15
2024-09-18,Mouse,Accessories,North,10,829.53,5.07,14001.14,7824.38
2025-07-08,Printer,Office,East,5,16536.19,18.41,19053.39,44819.57
2025-05-06,Laptop,Electronics,West,9,61992.89,13.34,5465.14,492266.99
2025-05-06,Smartphone,Electronics,West,8,26548.56,15.69,14497.51,238873.54
2025-05-30,Smartphone,Electronics,Central,12,31939.14,4.36,5650.16,407548.51
2025-05-18,Printer,Office,East,14,15978.96,13.68,3057.13,226980.73
2024-03-29,Keyboard,Accessories,West,4,1648.26,4.74,7187.74,7130.4
2025-03-22,Mouse,Accessories,Central,4,1034.87,7.5,9708.52,5697.29
2025-09-29,Laptop,Electronics,South,15,52837.33,14.76,19031.98,312519.75
2024-01-19,Smartphone,Electronics,West,13,28978.88,19.78,10513.76,261929.06
2025-07-20,Laptop,Electronics,South,11,49346.41,18.89,18476.28,383336.63
2025-03-04,Laptop,Electronics,Central,6,62341.72,6.36,3407.14,316754.94
2025-05-30,Printer,Office,East,4,15399.77,4.43,16760.09,75545.06
2025-02-02,Tablet,Electronics,North,13,19294.85,6.47,24517.68,130417.53
2024-04-30,Smartphone,Electronics,South,11,28564.2,0.24,4382.73,180415.55
2024-08-27,Smartphone,Electronics,Central,3,33150.93,0.88,16543.42,99146.8
2024-05-23,Printer,Office,West,15,14713.74,8.22,5822.95,221770.03
2025-04-24,Laptop,Electronics,South,1,60149.77,1.15,15573.83,61993.83
2025-12-27,Mouse,Accessories,North,2,983.31,15.56,8000.52,4258.87
2024-11-15,Smartphone,Electronics,East,3,31960.37,7.0,18896.31,119515.02
2025-11-05,Monitor,Electronics,West,3,12325.91,17.0,22288.14,39126.87
2024-12-22,Printer,Office,North,11,13694.81,2.45,18455.97,138904.69
2024-02-22,Laptop,Electronics,West,13,62454.84,15.73,11239.47,508113.57
2024-12-09,Printer,Office,South,13,16746.94,12.26,14114.68,241037.28
2024-02-20,Mouse,Accessories,East,7,916.61,5.81,8398.13,6792.73
2024-04-28,Headphones,Accessories,East,4,3669.6,14.07,15892.41,16567.58
2025-04-13,Keyboard,Accessories,South,14,1970.09,12.75,12331.25,14168.57
2025-09-28,Smartphone,Electronics,Central,8,31436.67,17.94,10063.68,205551.53
2025-12-01,Tablet,Electronics,East,5,23608.4,11.06,20465.51,119287.52
2025-04-30,Keyboard,Accessories,East,7,1867.57,9.29,3104.58,10438.07
2025-08-22,Smartphone,Electronics,Central,7,31690.24,17.65,10110.18,138891.73
2024-11-04,Monitor,Electronics,South,1,11952.64,1.17,9199.21,16368.98
2024-09-24,Headphones,Accessories,Central,12,3690.05,3.82,24081.54,61977.31
2024-04-25,Headphones,Accessories,Central,14,3693.04,1.59,15417.97,55956.79
2025-12-23,Keyboard,Accessories,South,14,2009.79,19.46,14634.94,25881.79
2025-01-25,Tablet,Electronics,East,15,23310.79,9.09,8178.21,390125.76
2024-01-14,Keyboard,Accessories,West,10,2059.18,19.38,2925.68,18319.04
2025-07-02,Mouse,Accessories,South,3,831.81,6.24,16953.89,6623.43
2025-02-26,Mouse,Accessories,Central,11,808.39,8.81,14083.54,10938.66
2024-12-12,Headphones,Accessories,North,11,3630.41,3.76,2964.57,52728.16
2025-08-29,Monitor,Electronics,Central,3,13693.22,13.34,12032.8,41661.25
2025-10-09,Headphones,Accessories,North,9,3601.73,18.05,9449.05,17123.34
2025-04-16,Tablet,Electronics,Central,15,23277.76,11.41,9302.48,309641.82
2025-02-20,Keyboard,Accessories,East,15,1653.06,2.16,16885.81,13038.19
2025-03-01,Keyboard,Accessories,South,15,1799.06,19.36,4083.52,23191.83
2024-09-29,Smartphone,Electronics,East,2,34277.85,5.44,21320.65,76992.22
2024-09-28,Laptop,Electronics,East,4,56974.23,2.64,3177.13,220057.18
2025-01-21,Tablet,Electronics,West,13,23936.03,8.69,22771.7,245480.94
2024-11-23,Smartphone,Electronics,West,12,32917.46,1.98,9135.45,352776.46
2024-12-07,Mouse,Accessories,North,6,897.38,15.66,20586.28,9942.14
2024-05-18,Tablet,Electronics,East,11,20129.05,17.76,2809.26,102618.85
2025-03-24,Headphones,Accessories,East,9,3832.96,8.93,20483.07,45044.79
2024-06-12,Smartphone,Electronics,Central,7,32273.72,11.09,2680.65,71517.67
2025-01-14,Monitor,Electronics,West,11,11891.96,11.75,4182.54,125359.04
2024-11-17,Laptop,Electronics,North,5,62920.35,19.41,18121.37,236399.57
2024-03-02,Keyboard,Accessories,East,3,1789.84,14.13,2473.14,2570.49
2024-05-14,Laptop,Electronics,East,10,62403.69,19.16,9334.18,496133.05
2024-07-02,Monitor,Electronics,East,6,13197.6,12.0,24856.71,66048.21
2024-03-10,Printer,Office,West,12,14055.44,8.48,3869.45,136074.47
2024-10-24,Keyboard,Accessories,East,14,1561.94,13.15,15991.6,10389.25
2024-06-24,Headphones,Accessories,East,12,3782.62,12.52,13220.63,43204.82
2025-01-18,Smartphone,Electronics,West,11,32567.46,18.19,17751.62,368416.99
2025-12-05,Smartphone,Electronics,South,7,27333.61,13.82,5761.69,182073.48
2024-10-14,Laptop,Electronics,North,1,54862.41,4.51,7274.39,33326.65
2025-03-30,Laptop,Electronics,East,5,60004.66,6.56,19654.69,336503.91
2025-08-09,Monitor,Electronics,South,14,11021.83,9.73,5839.94,145541.53
2024-11-10,Mouse,Accessories,North,2,775.6,16.85,6080.49,3974.86
2025-06-22,Smartphone,Electronics,North,2,33325.01,19.25,4738.63,34587.01
2024-10-18,Laptop,Electronics,Central,1,56736.09,12.45,17563.38,46652.49
2025-08-11,Keyboard,Accessories,West,12,1624.3,17.0,7160.7,13637.85
2025-03-21,Tablet,Electronics,West,8,21496.89,13.01,12369.7,122730.69
2024-07-01,Smartphone,Electronics,South,3,27424.09,5.3,2793.36,94440.59
2024-11-16,Smartphone,Electronics,West,15,29776.97,19.62,16687.17,234453.41
2025-01-31,Smartphone,Electronics,Central,14,30466.51,2.04,20875.82,556084.41
2024-05-24,Smartphone,Electronics,East,9,32925.27,8.46,18531.92,374993.58
2024-11-15,Smartphone,Electronics,North,4,30669.85,11.96,7640.05,85165.09
2025-07-03,Mouse,Accessories,East,10,787.81,10.67,9314.72,6983.79
2025-06-09,Tablet,Electronics,North,14,20291.99,9.82,4934.85,110048.19
2024-07-11,Smartphone,Electronics,South,13,32243.9,6.6,17884.15,370569.24
2024-09-29,Keyboard,Accessories,North,10,1671.87,2.16,20871.49,20197.19
2024-12-08,Laptop,Electronics,North,10,56447.25,6.78,11083.82,455792.81
2024-12-23,Monitor,Electronics,East,4,11608.73,7.66,21803.94,45778.56
2024-11-07,Keyboard,Accessories,Central,6,1664.05,18.47,23302.0,12987.73
2024-06-04,Tablet,Electronics,North,9,22619.28,10.29,17033.64,60134.8
2025-12-26,Keyboard,Accessories,West,8,1658.94,7.74,15693.23,14912.12
2025-01-17,Tablet,Electronics,Central,1,21843.61,15.47,13667.57,21939.42
2024-01-12,Headphones,Accessories,Central,6,3851.62,1.53,18071.36,23911.03
2025-02-27,Smartphone,Electronics,East,2,29221.76,17.25,20427.93,60904.23
2024-07-10,Keyboard,Accessories,North,15,1811.49,16.16,4417.74,17551.89
2025-10-01,Headphones,Accessories,Central,12,3662.87,13.07,2712.56,37418.41
2024-05-07,Smartphone,Electronics,West,7,26467.6,18.0,10399.99,149151.08
2025-07-16,Headphones,Accessories,South,2,3450.32,16.69,9663.21,6886.29
2025-11-30,Headphones,Accessories,East,6,3918.89,13.19,4866.07,19845.0
2025-03-08,Mouse,Accessories,South,10,811.75,18.93,2910.13,7664.75
2025-05-10,Monitor,Electronics,North,13,10598.2,10.68,23426.8,166773.06
2025-01-08,Keyboard,Accessories,East,7,2029.46,6.65,24369.56,13501.29
2025-12-16,Monitor,Electronics,East,8,12372.28,19.4,23944.61,82227.42
2025-01-19,Keyboard,Accessories,South,7,1557.8,9.24,22674.22,9621.57
2025-05-30,Headphones,Accessories,West,1,3302.04,2.42,21597.19,9562.8
2024-02-24,Headphones,Accessories,Central,14,3730.77,3.12,22327.1,48404.78
2024-10-05,Smartphone,Electronics,West,9,34155.76,6.37,17265.43,272475.97
2025-09-25,Smartphone,Electronics,Central,13,26137.28,19.68,23477.66,287827.77
2025-10-02,Tablet,Electronics,West,3,24379.01,17.72,21517.26,68798.68
2025-08-11,Monitor,Electronics,West,3,10876.43,0.12,11196.93,25296.23
2024-08-22,Headphones,Accessories,West,3,3368.06,8.22,16240.67,13822.84
2024-06-12,Monitor,Electronics,West,15,11484.36,18.81,8646.61,95586.84
2025-06-20,Smartphone,Electronics,North,13,27494.98,19.31,2179.59,275807.29
2025-05-24,Tablet,Electronics,South,3,23265.24,12.36,18075.68,51512.36
2025-12-12,Keyboard,Accessories,West,4,1795.52,6.0,17089.05,10702.71
2025-03-07,Tablet,Electronics,North,14,20470.22,4.3,10429.9,278299.77
2024-10-18,Monitor,Electronics,South,13,11186.05,16.69,2787.86,105111.77
2025-12-25,Headphones,Accessories,West,3,3492.7,16.65,16111.67,13837.48
2025-10-24,Headphones,Accessories,West,13,3456.57,5.0,12233.57,43439.47
2024-12-12,Tablet,Electronics,South,4,21649.57,7.33,5773.92,79585.78
2024-07-14,Mouse,Accessories,West,15,956.03,11.84,24811.36,18723.34
2024-02-16,Printer,Office,North,12,15515.02,12.85,5541.02,124487.29
2024-08-24,Monitor,Electronics,North,2,12884.92,12.71,18353.52,26021.65
2025-06-26,Keyboard,Accessories,South,13,1993.35,6.52,4739.48,28190.55
2024-10-27,Laptop,Electronics,North,6,49597.95,7.32,9466.89,332254.05
2024-11-20,Tablet,Electronics,Central,3,21176.75,13.66,16960.08,39705.26
2024-09-01,Laptop,Electronics,South,5,57899.21,9.44,22866.54,348681.08
2024-02-07,Laptop,Electronics,West,10,62888.11,16.5,15847.23,430455.94
2025-10-07,Laptop,Electronics,South,6,61454.42,5.05,14492.52,328481.52
2024-10-24,Mouse,Accessories,East,9,890.83,9.23,5789.77,6584.6
2024-05-11,Headphones,Accessories,North,9,3968.72,6.05,21701.94,22514.03
2025-06-30,Tablet,Electronics,South,8,25251.83,14.11,17949.37,130977.43
2024-10-22,Mouse,Accessories,East,2,983.81,9.87,6129.4,1065.24
2025-09-10,Keyboard,Accessories,South,13,1885.12,4.08,20283.38,13999.68
2024-10-06,Keyboard,Accessories,West,9,2069.43,8.47,12739.21,21694.53
2024-09-23,Keyboard,Accessories,South,8,2014.81,0.68,17016.89,22257.13
2024-08-17,Keyboard,Accessories,East,15,1880.6,19.99,3919.4,19053.29
2025-10-04,Tablet,Electronics,West,10,22302.39,13.67,4060.96,169469.56
2025-09-06,Headphones,Accessories,North,15,2977.03,11.31,14970.76,42360.08
2024-02-02,Smartphone,Electronics,Central,9,30270.22,4.26,5069.79,216308.92
2024-04-15,Laptop,Electronics,North,3,49634.33,6.09,17497.73,70247.15
2025-10-17,Mouse,Accessories,North,6,901.61,0.01,3239.81,4767.52
2024-06-15,Laptop,Electronics,East,2,53154.82,15.61,11932.62,88646.78
2025-02-07,Tablet,Electronics,South,2,19770.16,7.2,3822.21,43992.48
2024-05-03,Smartphone,Electronics,South,6,26395.82,5.99,2204.99,133613.64
2025-01-07,Laptop,Electronics,South,15,58979.71,1.21,22119.74,1100121.91
2025-03-03,Smartphone,Electronics,North,1,30532.24,10.36,20141.75,30849.87
2024-01-18,Keyboard,Accessories,South,15,1953.05,18.08,18654.24,14401.04
2024-04-04,Monitor,Electronics,West,3,11904.59,8.17,16888.37,53816.76
2024-01-01,Mouse,Accessories,East,13,917.88,8.26,7110.77,9829.42
2025-08-31,Headphones,Accessories,West,3,3262.23,14.75,19330.4,5295.65
2024-03-09,Laptop,Electronics,Central,10,54826.2,12.01,13270.92,117046.24
2024-01-01,Printer,Office,West,1,13057.85,2.52,15182.1,17885.0
2024-05-14,Printer,Office,South,5,14692.68,13.38,11609.22,50560.32
2025-01-13,Printer,Office,South,8,16200.74,13.4,3730.7,120824.54
2024-06-04,Monitor,Electronics,Central,15,12377.01,5.42,4952.57,104759.09
2025-01-13,Smartphone,Electronics,West,7,30256.51,14.79,5743.32,170266.89
2024-02-05,Headphones,Accessories,North,10,3205.73,2.97,11007.53,32753.19
2024-06-18,Printer,Office,East,9,13264.47,13.06,6923.95,90964.52
2025-02-23,Printer,Office,West,3,15999.83,8.03,24121.19,14426.59
2025-06-29,Smartphone,Electronics,South,12,33304.9,15.82,10755.25,329559.96
2024-12-16,Tablet,Electronics,Central,13,22514.52,16.23,14006.03,227229.03
2025-05-28,Laptop,Electronics,North,14,47388.39,1.85,12817.45,453836.09
2025-05-14,Mouse,Accessories,East,4,845.8,11.53,7084.47,5703.14
2025-01-09,Laptop,Electronics,South,13,55722.32,10.35,12994.42,289073.95
2024-08-22,Mouse,Accessories,South,14,801.41,10.51,20879.4,18085.22
2025-12-06,Smartphone,Electronics,South,13,26695.43,9.79,17249.66,300319.81
2024-12-05,Tablet,Electronics,Central,1,25113.33,14.17,2857.91,19871.87
2025-01-30,Headphones,Accessories,North,14,3196.33,19.91,12801.46,19723.93
2025-10-04,Tablet,Electronics,South,15,19921.84,12.79,5318.96,106975.78
2024-07-10,Laptop,Electronics,West,7,50950.53,1.34,20096.22,217360.15
2025-05-18,Printer,Office,West,1,14374.97,4.82,5304.56,8595.07
2025-07-10,Smartphone,Electronics,East,15,32200.56,19.89,11163.28,240055.35
2025-11-11,Monitor,Electronics,South,14,10471.49,5.66,18505.45,132757.87
2024-12-10,Mouse,Accessories,East,14,956.65,6.34,13757.76,10935.29
2024-10-15,Laptop,Electronics,North,12,49268.49,4.21,8145.24,392161.08
2025-05-28,Headphones,Accessories,Central,13,3502.48,6.33,24759.65,17857.59
2024-09-14,Mouse,Accessories,Central,3,872.21,8.15,3856.64,1654.26
2025-02-03,Keyboard,Accessories,South,13,1710.54,15.43,10480.65,15350.19
2025-11-12,Mouse,Accessories,East,6,983.76,15.06,2767.88,5495.01
2024-12-26,Mouse,Accessories,North,11,992.26,1.54,12770.23,11837.37
2025-08-08,Smartphone,Electronics,Central,3,26780.68,10.02,10163.24,64315.96
2024-08-06,Smartphone,Electronics,South,13,28332.74,19.84,14639.73,236487.72
2025-09-06,Headphones,Accessories,Central,9,3477.18,13.74,3460.26,17960.52
2024-11-11,Smartphone,Electronics,North,13,30585.25,0.38,9153.06,449368.15
2024-06-19,Tablet,Electronics,Central,2,24887.11,8.96,8088.06,64196.86
2025-10-22,Mouse,Accessories,West,15,817.88,18.12,10117.93,2766.74
2024-02-03,Headphones,Accessories,North,15,3464.37,1.19,6241.97,40616.29
2024-01-10,Headphones,Accessories,South,15,3524.94,6.62,14438.68,45397.15
2024-08-22,Laptop,Electronics,West,8,55758.88,12.9,16923.51,430136.03
2025-04-24,Keyboard,Accessories,East,13,1563.2,15.91,19182.24,22019.07
2025-06-09,Printer,Office,East,8,16650.18,12.01,24334.51,127186.38
2024-01-19,Printer,Office,Central,11,13328.48,9.98,24048.0,144029.82
2024-07-08,Tablet,Electronics,West,8,19154.32,12.0,19287.51,72269.56
2024-10-15,Mouse,Accessories,East,13,858.87,6.77,7005.12,6493.51
2025-10-22,Laptop,Electronics,East,4,52003.19,17.98,9753.0,198499.71
2025-10-17,Printer,Office,Central,11,13577.53,10.68,8516.75,71073.19
2024-10-30,Mouse,Accessories,East,2,913.09,15.26,15036.84,3211.1
2025-03-26,Smartphone,Electronics,West,12,28307.55,12.91,8134.48,247561.6
2025-09-27,Printer,Office,North,5,15791.71,2.63,17311.04,82293.97
2025-05-03,Keyboard,Accessories,North,2,1919.19,12.33,5008.38,3645.64
2025-10-14,Monitor,Electronics,South,8,12285.11,10.77,9543.58,77467.31
2025-02-12,Headphones,Accessories,South,15,3228.64,8.12,4032.7,10251.98
2024-05-14,Headphones,Accessories,West,4,3097.54,5.05,23196.84,12776.07
2024-08-28,Mouse,Accessories,Central,9,941.69,10.45,15897.54,7569.95
2024-02-23,Mouse,Accessories,Central,9,931.3,16.77,21518.44,11330.05
2025-04-24,Keyboard,Accessories,West,8,1897.54,9.16,9617.06,15640.0
2024-11-06,Keyboard,Accessories,East,11,2054.06,0.26,6416.22,29413.07
2025-08-25,Keyboard,Accessories,East,12,2010.4,13.67,20342.83,29241.23
2024-03-17,Mouse,Accessories,West,13,853.88,10.37,9947.32,9746.22
2024-01-09,Headphones,Accessories,West,1,3124.81,14.34,11880.03,6287.06
2024-04-03,Smartphone,Electronics,East,8,27590.78,1.0,18325.42,158299.24
2024-02-14,Tablet,Electronics,South,6,22742.63,9.29,19288.1,70788.52
2025-02-07,Smartphone,Electronics,South,2,29297.38,11.78,12316.76,53907.32
2024-07-05,Laptop,Electronics,South,8,50675.95,13.65,17012.64,299199.79
2024-10-27,Tablet,Electronics,Central,9,22502.73,19.66,11253.5,189144.09
2025-06-16,Keyboard,Accessories,South,8,1796.1,4.8,10993.97,9289.36
2025-08-27,Mouse,Accessories,South,14,905.01,4.95,19269.1,15207.32
2025-02-24,Mouse,Accessories,Central,7,781.83,18.41,18714.1,7114.81
2025-09-05,Printer,Office,West,5,16781.61,14.61,15090.0,50872.88
2024-11-29,Tablet,Electronics,West,9,22391.69,1.42,8922.69,153640.37
2024-11-26,Printer,Office,Central,4,15032.96,9.4,8231.94,59321.0
2024-12-01,Laptop,Electronics,North,9,52071.35,15.98,9146.2,429600.97
2024-09-12,Mouse,Accessories,South,15,990.7,7.0,3159.59,16948.49
2024-10-14,Laptop,Electronics,North,8,53076.68,7.0,20890.18,362398.66
2025-09-28,Headphones,Accessories,South,9,3023.2,14.57,4045.51,18350.74
2025-03-31,Smartphone,Electronics,South,1,31100.89,7.5,11510.25,29712.0
2024-12-15,Mouse,Accessories,East,8,985.15,10.57,16713.15,12909.68
2024-03-17,Mouse,Accessories,Central,15,890.81,15.86,11161.14,11182.28
2025-07-23,Smartphone,Electronics,North,11,30309.42,4.29,13172.51,210380.11
2025-03-31,Smartphone,Electronics,North,10,28246.26,18.14,18065.73,371914.23
2025-08-29,Smartphone,Electronics,South,14,27917.2,17.08,9762.63,176265.23
2024-10-14,Laptop,Electronics,South,14,49112.3,11.61,16643.05,704003.82
2024-04-07,Keyboard,Accessories,West,6,1575.73,0.69,9270.34,9641.7
2025-09-03,Printer,Office,South,7,13250.36,7.21,2239.83,89986.88
2024-04-07,Keyboard,Accessories,North,2,2017.65,13.31,5475.53,3150.74
2025-09-26,Mouse,Accessories,Central,3,817.57,0.89,9252.48,3087.92
2024-10-02,Headphones,Accessories,East,1,3247.01,7.62,24724.18,8833.88
2025-04-21,Headphones,Accessories,South,4,3654.26,12.87,5204.11,16268.84
2024-02-10,Headphones,Accessories,South,15,3740.03,7.93,20521.41,26017.0
2024-09-08,Laptop,Electronics,West,9,55572.65,10.71,2617.59,454186.33
2025-03-06,Keyboard,Accessories,Central,10,1730.68,4.18,23433.32,23265.17
2024-05-11,Tablet,Electronics,Central,1,22977.34,8.33,23525.15,26950.11
2025-12-09,Headphones,Accessories,South,14,3833.74,6.61,8254.49,62834.19
2024-04-20,Headphones,Accessories,South,4,3512.04,14.46,5051.69,10589.15
2024-10-05,Monitor,Electronics,East,10,11848.29,7.06,15109.71,92738.73
2025-08-13,Mouse,Accessories,East,11,878.48,14.68,10132.95,10197.86
2025-07-12,Tablet,Electronics,East,4,19556.74,11.27,9008.93,73028.62
2025-08-27,Mouse,Accessories,Central,8,980.12,17.87,24992.98,11496.21
2025-07-11,Tablet,Electronics,West,11,25089.96,6.43,7833.26,282263.83
2025-09-19,Headphones,Accessories,South,6,4023.87,15.69,11184.61,26173.27
2025-01-13,Headphones,Accessories,South,15,3822.43,8.46,13825.92,50575.83
2025-08-31,Keyboard,Accessories,South,4,1831.38,9.57,17426.0,9835.45
2025-03-18,Printer,Office,East,13,14608.62,5.14,15876.22,121232.93
2025-06-06,Monitor,Electronics,East,4,11330.05,3.97,20581.55,26821.69
2025-02-17,Monitor,Electronics,South,3,11002.48,13.92,6135.03,23473.21
2025-05-22,Keyboard,Accessories,East,3,1945.85,9.68,19526.84,8243.32
2024-01-21,Laptop,Electronics,West,3,50756.56,2.76,22431.15,121213.4
2024-11-14,Headphones,Accessories,South,6,3654.42,17.66,19561.41,13133.98
2024-11-06,Mouse,Accessories,Central,7,942.59,14.14,10591.62,9176.83
2025-04-08,Monitor,Electronics,East,6,10724.84,3.31,21218.66,32749.51
2025-09-30,Headphones,Accessories,East,10,3308.63,18.8,22441.4,30836.79
2025-09-14,Printer,Office,South,3,14482.64,10.52,23829.58,48411.43
2025-09-26,Mouse,Accessories,East,10,1030.16,5.36,22766.19,14445.55
2024-07-13,Keyboard,Accessories,North,14,1817.29,14.28,8178.53,28360.31
2024-10-21,Smartphone,Electronics,Central,7,33900.98,16.7,4527.29,85777.98
2024-12-28,Monitor,Electronics,East,4,12128.85,7.29,5936.26,33463.05
2024-07-17,Headphones,Accessories,South,2,3233.22,1.46,19805.61,8803.94
2024-07-13,Monitor,Electronics,Central,4,12597.95,17.3,7267.58,34652.77
2024-11-09,Laptop,Electronics,West,11,47768.87,8.76,19246.3,282806.93
2024-11-05,Mouse,Accessories,West,15,899.88,12.8,2294.82,9962.52
2025-08-04,Laptop,Electronics,South,5,53940.67,11.07,18834.67,330383.57
2024-07-01,Printer,Office,East,9,16233.59,0.97,2258.08,121065.24
2025-04-23,Printer,Office,North,3,16570.05,10.92,5119.95,17222.26
2025-05-07,Keyboard,Accessories,North,5,1855.79,10.95,22641.65,11335.26
2025-02-14,Headphones,Accessories,East,5,3323.87,18.55,11786.3,11190.06
2024-09-26,Laptop,Electronics,West,10,52353.25,9.22,2856.35,521314.64
2025-03-19,Headphones,Accessories,Central,5,3773.8,1.35,4137.79,19847.93
2024-02-26,Laptop,Electronics,North,10,52243.52,8.42,22221.3,444019.15
2024-02-04,Headphones,Accessories,Central,8,3971.64,7.08,12467.06,29263.47
2024-06-06,Laptop,Electronics,Central,5,53977.25,9.94,7365.12,306541.58
2024-10-16,Keyboard,Accessories,West,9,1912.53,3.99,12625.96,20795.5
2025-09-29,Monitor,Electronics,Central,5,10596.3,7.94,22817.29,43054.32
2025-08-01,Laptop,Electronics,North,15,54721.04,12.86,18120.92,483549.26
2024-04-22,Monitor,Electronics,North,6,11165.78,11.99,21838.81,35857.52
2024-11-12,Mouse,Accessories,North,3,934.04,0.35,2765.85,3632.79
2024-04-08,Keyboard,Accessories,South,8,1760.59,15.37,2509.22,12182.25
2024-02-06,Tablet,Electronics,East,15,20170.48,12.03,24665.49,280239.5
2024-08-17,Printer,Office,South,8,14218.94,9.91,19743.11,91060.09
2025-05-14,Mouse,Accessories,Central,14,1000.09,10.44,21100.57,9806.64
2024-10-30,Headphones,Accessories,North,7,2977.37,4.89,22331.29,23907.61
2024-09-23,Headphones,Accessories,West,13,3727.4,17.91,20858.09,40861.97
2024-04-14,Tablet,Electronics,South,13,20411.82,15.08,23229.02,324536.21
2025-11-13,Headphones,Accessories,South,3,3453.18,6.45,14690.87,8870.64
2024-10-26,Mouse,Accessories,East,11,1015.08,4.56,24584.36,15559.58
2025-09-02,Smartphone,Electronics,North,11,30110.58,4.65,9034.13,226234.68
2025-02-01,Monitor,Electronics,South,10,13641.76,13.72,20277.63,148143.99
2025-10-22,Monitor,Electronics,West,14,11308.06,7.98,19220.4,186921.42
2024-08-01,Monitor,Electronics,North,13,10819.69,10.82,24318.83,67221.69
2024-08-31,Mouse,Accessories,East,4,792.78,16.34,6193.21,4228.12
2025-02-06,Laptop,Electronics,South,2,57785.49,2.35,18435.42,143200.84
2024-10-19,Mouse,Accessories,West,9,802.53,14.79,14413.23,11835.54
2024-02-28,Printer,Office,South,8,16258.39,10.4,8953.51,98372.38
2024-02-26,Monitor,Electronics,South,6,10379.46,8.11,6661.83,66591.27
2025-10-18,Headphones,Accessories,South,9,3853.86,11.42,21613.91,25090.03
2024-11-10,Laptop,Electronics,Central,8,56095.42,11.93,2309.47,657910.01
2024-08-26,Mouse,Accessories,Central,14,796.52,19.38,5900.48,7920.9
2025-11-01,Laptop,Electronics,East,12,59746.64,18.59,7411.85,795159.51
2025-07-27,Headphones,Accessories,South,5,3237.64,13.85,16719.97,12129.98
2025-08-30,Smartphone,Electronics,South,2,27141.73,2.63,17801.55,36871.85
2024-02-02,Headphones,Accessories,Central,13,3491.43,0.16,14810.25,25390.82
2024-11-16,Laptop,Electronics,Central,1,48169.22,7.13,15564.37,39134.32
2025-04-02,Headphones,Accessories,West,13,3931.69,1.83,18512.4,70348.73
2024-09-23,Monitor,Electronics,West,7,13702.64,1.01,4438.87,59614.6
2025-11-03,Smartphone,Electronics,East,12,26215.53,0.18,3264.58,346412.63
2024-04-26,Mouse,Accessories,Central,1,780.62,18.12,14577.94,5922.51
2025-02-23,Keyboard,Accessories,North,6,1573.48,11.23,7464.9,7588.51
2024-01-02,Smartphone,Electronics,North,3,25697.84,3.24,7901.18,79273.96
2024-10-10,Monitor,Electronics,Central,4,10867.09,2.43,11462.9,34102.78
2024-09-25,Printer,Office,East,4,14291.98,1.88,19697.72,81885.04
2024-02-07,Tablet,Electronics,Central,2,23142.43,5.66,16688.81,52217.24
2025-10-21,Mouse,Accessories,South,8,962.94,18.74,21215.78,9839.23
2024-08-18,Smartphone,Electronics,North,2,26598.28,3.28,14932.48,59968.13
2025-03-07,Laptop,Electronics,West,10,53521.24,1.46,10709.52,712910.54
2024-05-14,Laptop,Electronics,East,7,53507.1,19.81,11393.45,192391.97
2025-10-09,Headphones,Accessories,North,12,3633.06,11.2,21518.0,25200.29
2025-01-01,Headphones,Accessories,North,12,3877.75,6.66,15997.12,55465.33
2025-07-05,Headphones,Accessories,Central,5,3589.56,17.36,5424.41,15694.59
2025-08-26,Headphones,Accessories,South,8,3079.5,0.77,19119.01,29116.31
2025-02-09,Mouse,Accessories,South,2,933.86,8.03,20994.67,6485.03
2024-03-19,Smartphone,Electronics,North,1,29300.93,14.53,20405.39,22518.48
2025-02-04,Keyboard,Accessories,South,15,1647.75,3.76,12195.47,14509.38
2025-10-19,Laptop,Electronics,West,13,49030.48,15.12,19149.01,436881.89
2025-10-30,Laptop,Electronics,Central,11,47590.4,5.13,23909.84,261887.48
2024-06-16,Keyboard,Accessories,Central,2,2028.51,19.37,2719.24,3446.23
2024-04-07,Headphones,Accessories,Central,8,3932.58,19.57,8663.51,30271.0
2025-03-16,Mouse,Accessories,Central,5,1015.12,2.55,2046.16,3674.73
2024-02-22,Printer,Office,East,5,15681.65,18.65,24624.2,59268.15
2025-02-17,Smartphone,Electronics,East,14,28874.47,7.53,16049.29,353690.06
2025-02-10,Keyboard,Accessories,South,2,1985.84,13.27,21812.37,10662.44
2024-07-16,Keyboard,Accessories,Central,2,1899.28,7.64,5877.39,2759.34
2024-03-09,Monitor,Electronics,Central,4,11066.32,8.24,6660.23,47223.77
2025-01-29,Laptop,Electronics,South,13,60654.91,13.84,5911.87,778749.02
2025-05-01,Monitor,Electronics,North,15,10886.02,19.61,18824.2,105129.29
2025-06-15,Laptop,Electronics,Central,7,49697.59,8.48,23157.16,394903.7
2024-07-22,Tablet,Electronics,Central,6,19800.96,12.79,2082.95,81348.11
2025-06-07,Laptop,Electronics,South,5,61893.0,2.41,17339.14,210180.56
2025-10-23,Printer,Office,West,7,14343.76,10.21,21170.78,91186.28
2025-05-07,Keyboard,Accessories,East,12,1732.45,6.22,16017.27,16474.67
2024-07-02,Keyboard,Accessories,Central,8,1666.73,17.61,15175.92,16730.22
2025-05-27,Monitor,Electronics,East,10,10986.44,12.2,6457.5,66458.71
2024-07-01,Mouse,Accessories,West,2,829.57,12.27,24064.57,9679.15
2025-12-03,Smartphone,Electronics,West,7,29382.31,16.0,3700.82,208501.77
2025-09-19,Tablet,Electronics,North,8,21223.86,0.68,14097.01,113730.14
2025-04-24,Monitor,Electronics,West,1,11893.61,7.76,16174.75,14896.38
2025-03-04,Laptop,Electronics,West,4,51277.39,15.91,21604.6,195393.05
2025-09-01,Mouse,Accessories,Central,1,797.82,15.72,16621.99,4022.69
2024-09-27,Keyboard,Accessories,West,6,1540.79,3.37,18761.49,13788.59
2025-12-12,Printer,Office,South,12,15995.98,5.51,18157.37,209037.35
2024-11-03,Printer,Office,West,4,13329.83,0.78,10922.4,49052.87
2024-01-20,Monitor,Electronics,East,14,10428.68,6.81,14396.13,127090.71
2024-05-15,Keyboard,Accessories,East,7,1741.75,17.22,7136.25,14363.27
2024-04-30,Mouse,Accessories,West,3,1020.88,12.08,18053.45,7171.6
2025-11-05,Tablet,Electronics,Central,4,23729.43,16.35,11742.29,86065.29
2024-08-11,Smartphone,Electronics,East,4,30395.14,10.49,15215.04,79202.28
2024-06-26,Smartphone,Electronics,North,10,31410.83,11.26,4856.13,400165.1
2024-03-14,Mouse,Accessories,South,7,920.93,3.99,15176.39,6851.66
2025-09-17,Headphones,Accessories,Central,14,3812.94,19.65,24877.23,40987.64
2024-10-18,Smartphone,Electronics,West,1,32186.89,1.26,24768.75,44934.78
2025-03-24,Tablet,Electronics,West,1,23072.42,12.97,24754.27,12598.42
2024-10-12,Monitor,Electronics,East,8,13120.82,12.43,5495.23,115842.2
2024-07-21,Laptop,Electronics,North,4,49048.09,7.58,22954.51,36845.0
2024-05-10,Headphones,Accessories,North,3,3966.27,6.25,10407.16,16329.62
2024-03-07,Tablet,Electronics,East,13,21292.21,19.09,4653.98,264307.25
2025-11-08,Monitor,Electronics,South,6,12676.73,15.09,2369.77,45132.44
2025-06-25,Mouse,Accessories,Central,5,924.82,17.99,11146.75,9186.03
2025-11-06,Mouse,Accessories,East,12,972.38,16.85,5243.83,5009.47
2025-09-15,Laptop,Electronics,West,6,48936.14,6.94,9259.11,314779.51
2025-05-29,Headphones,Accessories,South,7,3513.03,1.67,8005.93,21831.55
2025-08-26,Mouse,Accessories,West,13,983.36,13.59,10475.96,18151.88
2025-06-09,Monitor,Electronics,West,8,10545.1,7.5,7867.56,46399.42
2024-04-14,Headphones,Accessories,East,14,3312.11,7.4,4638.38,30031.3
2025-09-03,Smartphone,Electronics,East,9,34430.33,1.59,17158.43,287604.82
2024-11-19,Smartphone,Electronics,East,3,27687.57,15.83,7662.71,75790.1
2025-03-02,Laptop,Electronics,East,2,56405.23,17.55,4760.3,83278.72
2024-09-21,Smartphone,Electronics,East,2,26972.7,17.39,3864.94,22449.5
2025-05-24,Keyboard,Accessories,North,12,1992.19,17.75,10074.75,15433.24
2025-04-03,Monitor,Electronics,East,11,12611.99,13.86,7655.41,87393.95
2024-09-23,Printer,Office,Central,2,16772.36,14.12,2175.98,28803.88
2024-06-17,Laptop,Electronics,Central,9,48028.35,5.69,17402.21,365786.41
2024-07-12,Monitor,Electronics,South,12,10816.91,11.98,20776.51,108877.94
2025-09-21,Headphones,Accessories,South,1,3490.88,6.41,17443.37,7285.71
2024-03-15,Laptop,Electronics,Central,2,56670.63,18.83,7867.65,44511.54
2024-09-02,Headphones,Accessories,North,3,3358.21,16.67,17696.96,11434.73
2024-03-13,Headphones,Accessories,East,4,4007.02,18.0,8195.48,15996.96
2025-10-25,Headphones,Accessories,South,14,3949.31,8.32,16741.81,42961.96
2024-09-28,Monitor,Electronics,Central,8,12435.34,17.32,22713.61,27890.71
2024-07-21,Mouse,Accessories,West,5,970.85,9.54,24624.91,10707.0
2025-06-27,Keyboard,Accessories,Central,8,1677.12,16.78,17951.11,18757.98
2024-12-14,Smartphone,Electronics,Central,7,34051.71,7.11,7131.64,260192.22
2025-04-17,Laptop,Electronics,South,2,52268.93,8.49,21839.21,108214.01
2024-08-12,Mouse,Accessories,South,6,906.09,15.66,2896.8,3549.9
2024-06-26,Smartphone,Electronics,,13,28736.31,5.91,2477.22,352699.02
2025-01-26,Mouse,Accessories,West,2,879.69,5.5,10946.05,4488.47
2025-03-13,Smartphone,Electronics,West,5,29420.99,18.12,12914.57,113282.81
2024-06-22,Tablet,Electronics,Central,14,24289.98,6.19,2749.3,335787.91
2024-08-13,Headphones,Accessories,South,7,3312.31,9.84,23831.23,18055.22
2025-04-27,Headphones,Accessories,Central,13,3388.38,16.43,16603.02,41741.6
2025-04-30,Tablet,Electronics,South,13,23417.67,6.83,18092.79,229438.96
2025-01-05,Tablet,Electronics,North,6,23441.38,5.49,6218.42,124967.93
2024-05-19,Headphones,Accessories,South,4,3646.63,9.61,3784.53,9438.69
2025-09-24,Mouse,Accessories,West,1,1010.04,17.49,20745.62,7129.87
2024-04-16,Laptop,Electronics,North,9,60290.89,15.53,7746.69,481808.68
2024-06-17,Smartphone,Electronics,East,13,30894.38,15.3,5169.47,275146.15
2025-04-26,Printer,Office,Central,3,16148.37,10.32,3971.33,50642.78
2025-03-11,Laptop,Electronics,East,4,52172.97,16.19,10577.43,111148.48
2024-11-10,Headphones,Accessories,North,15,3760.6,8.08,22480.72,57219.76
2024-06-04,Mouse,Accessories,West,6,867.92,4.26,15009.61,7276.45
2025-01-17,Keyboard,Accessories,West,15,1857.37,8.68,19411.74,41016.41
2024-06-19,Keyboard,Accessories,East,15,1601.34,7.66,24700.89,33581.11
2025-04-15,Smartphone,Electronics,East,5,26467.74,13.81,10083.46,124601.43
2025-06-14,Laptop,Electronics,South,6,48462.17,12.51,2658.03,407776.84
2025-03-05,Laptop,Electronics,South,14,51780.32,16.71,23601.76,573778.31
2025-10-17,Monitor,Electronics,Central,11,11623.94,9.33,8302.83,172505.25
2025-04-03,Smartphone,Electronics,Central,6,29427.91,8.18,6090.23,159874.7
2024-01-21,Printer,Office,West,14,15452.83,6.88,22664.25,163282.29
2025-06-06,Mouse,Accessories,South,15,899.72,6.86,7312.77,15681.98
2025-02-10,Tablet,Electronics,South,11,21608.95,16.15,9333.64,160477.86
2024-04-14,Headphones,Accessories,Central,3,3065.28,9.43,9494.22,5523.79
2024-09-22,Tablet,Electronics,West,8,21877.93,10.44,7420.84,184047.8
2024-12-31,Laptop,Electronics,South,7,47053.63,19.4,8645.7,338054.42
2025-09-28,Keyboard,Accessories,Central,14,1677.46,11.96,8106.42,19123.0
2025-09-01,Tablet,Electronics,Central,2,21276.51,0.05,18463.12,29740.44
2024-02-27,Headphones,Accessories,Central,2,3916.6,4.49,23419.87,14167.84
2025-12-07,Tablet,Electronics,East,3,23354.86,3.18,10354.78,29074.35
2025-10-17,Monitor,Electronics,Central,1,11620.84,9.73,19049.08,18186.72
2024-07-18,Keyboard,Accessories,Central,7,1610.56,3.81,13379.87,12305.81
2025-10-28,Monitor,Electronics,West,9,12256.59,16.39,15582.32,98696.35
2024-03-27,Headphones,Accessories,East,3,3139.01,11.69,18432.32,14281.2
2025-07-31,Smartphone,Electronics,South,13,29055.3,13.46,5162.35,223357.69
2025-03-01,Laptop,Electronics,South,15,56796.08,15.47,2142.21,742973.7
2024-12-05,Keyboard,Accessories,Central,6,1943.83,16.08,8315.15,9405.96
2025-07-03,Printer,Office,East,14,13155.63,3.61,3141.51,49767.92
2025-05-17,Tablet,Electronics,South,5,25276.23,16.85,4087.84,92815.65
2025-07-16,Laptop,Electronics,West,3,60868.84,3.0,23738.17,213566.82
2025-08-26,Printer,Office,Central,12,13229.94,16.65,9216.64,90804.11
2025-11-02,Headphones,Accessories,West,12,3192.61,19.87,14487.02,26742.31
2024-11-08,Monitor,Electronics,North,15,10989.42,18.34,5843.37,152572.89
2024-08-17,Printer,Office,West,7,15184.14,18.97,19127.85,95863.19
2025-08-18,Laptop,Electronics,South,9,63075.96,18.65,14547.29,533357.29
2024-06-12,Tablet,Electronics,Central,13,21128.23,15.8,11373.29,199387.17
2025-02-10,Smartphone,Electronics,South,4,30600.78,11.46,6903.11,66070.75
2025-03-09,Monitor,Electronics,South,9,11532.44,16.06,16427.74,100549.78
2024-12-31,Keyboard,Accessories,East,15,1727.09,9.36,6743.25,16920.89
2025-05-20,Keyboard,Accessories,East,10,1875.42,17.52,4218.58,10841.81
2024-04-08,Monitor,Electronics,North,12,13252.06,14.24,7757.69,173939.38
2025-02-14,Monitor,Electronics,North,13,13594.36,2.13,2805.73,19341.79
2025-05-03,Printer,Office,West,10,16434.94,8.3,13283.43,183972.86
2024-04-16,Monitor,Electronics,West,4,11657.83,4.69,15152.3,28263.62
2024-03-01,Keyboard,Accessories,East,2,1617.56,3.05,15314.08,5751.63
2025-04-04,Smartphone,Electronics,South,13,30825.76,18.91,6929.54,266607.6
2024-08-09,Mouse,Accessories,North,15,911.28,2.73,20241.55,11398.35
2024-04-30,Headphones,Accessories,Central,1,3979.88,18.73,6168.94,2235.22
2025-04-22,Tablet,Electronics,South,6,18803.12,15.63,5101.19,105876.4
2025-08-03,Smartphone,Electronics,North,8,26896.86,13.21,3528.5,142598.36
2024-03-30,Laptop,Electronics,East,10,53964.72,1.66,3418.32,654595.81
2024-01-17,Mouse,Accessories,North,3,883.39,6.95,20833.66,6035.82
2024-03-01,Smartphone,Electronics,West,1,28192.49,19.44,7051.82,32838.82
2025-03-24,Smartphone,Electronics,East,15,27639.42,1.37,16677.21,382040.97
2024-08-25,Mouse,Accessories,South,14,796.09,8.16,16953.59,8845.22
2025-12-24,Mouse,Accessories,South,14,928.57,4.95,18076.63,19310.89
2025-09-03,Headphones,Accessories,East,15,3656.49,13.17,4287.86,44660.8
2025-02-26,Smartphone,Electronics,South,10,33920.11,6.49,8667.6,204682.73
2025-11-13,Tablet,Electronics,South,4,21245.2,13.09,19771.38,64552.87
2024-10-31,Monitor,Electronics,West,7,11159.9,15.31,14689.31,13493.79
2024-04-19,Smartphone,Electronics,West,14,26718.61,11.38,11625.29,265376.29
2025-01-06,Printer,Office,South,3,16809.58,6.21,4138.49,48273.94
2025-08-02,Smartphone,Electronics,Central,13,30216.04,10.74,24166.92,423905.41
2025-05-07,Mouse,Accessories,South,3,979.06,13.19,22808.73,8616.29
2025-08-22,Keyboard,Accessories,Central,1,1958.98,4.69,7583.27,1761.12
2024-12-22,Headphones,Accessories,East,13,3677.72,16.45,22773.79,41269.57
2025-10-01,Smartphone,Electronics,North,14,28022.61,1.99,15508.29,389317.88
2024-06-04,Monitor,Electronics,East,11,13512.88,14.27,21279.85,159482.28
2025-07-25,Laptop,Electronics,North,10,58815.97,0.64,2726.75,594790.28
2025-05-25,Smartphone,Electronics,South,4,29186.01,2.37,15059.89,138151.54
2025-02-03,Headphones,Accessories,Central,15,3941.61,7.59,10625.95,49378.27
2025-08-07,Headphones,Accessories,East,3,3531.58,19.33,11912.44,10550.37
2024-08-16,Tablet,Electronics,Central,13,19496.44,5.21,22616.97,250473.74
2024-12-20,Monitor,Electronics,Central,13,11269.67,12.04,10045.6,124566.32
2025-07-01,Printer,Office,North,11,16704.72,13.63,4254.35,126700.02
2025-11-09,Headphones,Accessories,Central,9,3719.58,19.59,19777.52,48077.68
2024-09-03,Laptop,Electronics,East,5,47882.01,4.21,8566.74,328615.82
2024-05-04,Smartphone,Electronics,East,12,33517.14,0.51,17239.42,302493.22
2025-06-01,Laptop,Electronics,North,3,53648.78,15.26,6441.83,61586.36
2024-05-10,Headphones,Accessories,Central,10,3970.24,6.96,3755.72,40384.08
2025-11-01,Keyboard,Accessories,South,6,1926.2,15.13,5488.88,10463.54
2024-02-18,Printer,Office,South,3,12925.45,3.11,5276.65,29586.85
2025-02-18,Tablet,Electronics,North,12,24979.93,5.85,7507.46,175959.23
2025-03-26,Printer,Office,East,2,16601.55,19.71,7973.36,40270.67
2024-07-15,Printer,Office,North,7,15357.44,6.41,10541.35,46816.44
2024-05-28,Keyboard,Accessories,South,15,1697.13,13.62,8710.37,14884.03
2025-02-15,Headphones,Accessories,Central,13,3429.71,4.5,24491.97,56297.86
2024-08-26,Tablet,Electronics,North,13,20594.91,3.68,19494.9,253035.3
2024-12-29,Mouse,Accessories,West,12,810.35,2.37,13897.33,18291.75
2025-06-28,Keyboard,Accessories,Central,4,1676.62,0.24,16899.6,11705.57
2025-04-19,Mouse,Accessories,South,15,931.26,0.85,12376.22,17032.43
2025-11-08,Printer,Office,North,15,13938.33,2.31,7949.53,282497.93
2024-10-29,Monitor,Electronics,North,11,12906.31,6.48,14985.43,123871.78
2025-10-12,Laptop,Electronics,East,4,59026.7,13.49,20749.72,170048.14
2025-12-20,Smartphone,Electronics,South,5,27949.85,19.59,18548.21,165853.26
2024-08-26,Mouse,Accessories,North,14,929.31,1.2,13457.41,10072.06
2024-12-28,Laptop,Electronics,Central,2,50600.44,3.45,13436.92,120401.56
2024-11-26,Monitor,Electronics,West,10,13391.27,6.39,15526.53,169085.43
2025-03-08,Monitor,Electronics,Central,9,11231.61,6.48,7238.49,61977.12
2025-12-01,Tablet,Electronics,Central,2,24068.8,0.54,21899.39,31147.65
2025-03-22,Printer,Office,South,2,15085.98,6.45,6555.77,23126.77
2024-11-08,Smartphone,Electronics,North,10,28044.88,11.81,19598.9,221948.95
2025-03-31,Printer,Office,North,13,12775.37,9.24,15050.18,81334.3
2025-11-21,Smartphone,Electronics,East,2,31933.94,14.7,19373.93,29979.72
2025-08-13,Monitor,Electronics,East,1,13626.41,0.2,6314.75,12253.85
2025-05-05,Smartphone,Electronics,East,9,30373.97,2.29,10788.49,243319.33
2025-02-04,Monitor,Electronics,West,13,11445.71,5.55,24374.7,141846.7
2025-05-26,Smartphone,Electronics,West,13,28755.1,0.91,11164.38,162479.98
2024-09-02,Smartphone,Electronics,South,4,32154.22,4.95,11638.34,80681.39
2025-09-12,Monitor,Electronics,East,10,13138.15,12.52,22709.47,166587.06
2025-04-04,Laptop,Electronics,South,10,52645.1,17.29,17809.66,533966.19
2024-11-30,Printer,Office,East,1,15847.51,13.79,16201.4,16121.08
2024-03-25,Keyboard,Accessories,East,10,1848.08,5.14,17157.79,15146.76
2024-08-02,Monitor,Electronics,North,1,12321.95,5.18,5317.83,14092.01
2025-08-17,Laptop,Electronics,North,3,56000.77,3.74,4893.33,131998.43
2025-05-03,Smartphone,Electronics,South,10,31214.52,17.78,7666.35,214289.18
2025-10-31,Headphones,Accessories,Central,6,3555.95,18.52,20923.69,14637.07
2025-06-20,Tablet,Electronics,West,14,23108.21,16.57,11376.44,375224.42
2024-03-22,Keyboard,Accessories,West,4,1796.66,4.95,5238.84,10066.01
2025-02-20,Smartphone,Electronics,West,1,32725.5,14.61,6167.87,29878.15
2024-03-15,Mouse,Accessories,Central,13,927.0,10.0,20576.23,17766.83
2024-06-06,Monitor,Electronics,Central,15,12555.25,12.07,10205.73,219448.54
2024-08-30,Tablet,Electronics,East,9,23719.58,9.21,11022.03,183665.51
2024-05-27,Keyboard,Accessories,North,9,1816.96,9.56,14567.69,19089.52
2024-10-08,Headphones,Accessories,East,2,3262.67,18.04,18512.19,7617.73
2024-06-16,Monitor,Electronics,North,7,10843.15,4.54,5842.69,50810.9
2025-02-18,Monitor,Electronics,Central,11,13783.01,0.98,2500.04,76300.25
2024-01-17,Laptop,Electronics,Central,2,62878.01,11.1,14080.02,96919.59
2024-04-18,Mouse,Accessories,Central,3,949.72,12.4,21169.86,8290.47
2025-12-03,Printer,Office,North,11,15161.81,14.49,9516.01,135940.53
2025-06-20,Laptop,Electronics,East,4,57010.93,11.14,12962.25,197949.46
2024-05-01,Monitor,Electronics,South,2,10296.53,5.58,8242.55,13078.88
2024-01-18,Monitor,Electronics,North,12,10294.87,9.86,17878.68,102597.29
2025-11-29,Monitor,Electronics,South,3,13404.25,7.94,14027.95,38956.47
2025-11-23,Monitor,Electronics,Central,7,10457.95,15.62,22990.47,73129.07
2024-04-02,Smartphone,Electronics,Central,11,31989.45,14.38,17405.1,323018.53
2025-10-14,Headphones,Accessories,Central,2,3432.44,3.6,14069.34,8802.91
2025-09-29,Tablet,Electronics,West,3,21144.3,11.68,18692.7,47090.68
2025-08-27,Keyboard,Accessories,West,7,1743.19,6.12,4551.43,7316.5
2024-05-24,Headphones,Accessories,West,1,3126.01,0.27,19683.96,6505.58
2024-05-07,Smartphone,Electronics,West,9,26130.77,1.73,17693.03,261841.37
2024-01-01,Tablet,Electronics,North,5,23657.08,17.54,5379.23,85116.4
2025-03-21,Monitor,Electronics,North,4,12494.74,12.33,13304.77,48987.7
2025-04-01,Monitor,Electronics,West,12,10453.78,19.32,2336.19,61713.44
2025-01-23,Smartphone,Electronics,North,12,31272.07,11.29,4713.71,73635.36
2024-12-29,Monitor,Electronics,Central,3,10616.39,1.96,18774.95,29922.87
2025-07-16,Headphones,Accessories,East,4,3025.69,18.46,15168.72,8961.61
2024-09-07,Printer,Office,Central,3,15033.95,16.14,2676.8,48140.11
2024-06-16,Tablet,Electronics,Central,6,19196.57,19.5,24738.04,81591.04
2025-04-21,Headphones,Accessories,Central,12,3059.97,14.6,24773.46,35126.65
2024-03-24,Mouse,Accessories,North,6,852.05,16.45,14357.39,7556.3
2025-07-04,Printer,Office,South,4,17091.37,11.79,3788.15,20413.14
2025-06-29,Monitor,Electronics,South,14,11706.78,11.07,14134.16,152088.83
2025-08-28,Monitor,Electronics,South,9,12817.67,16.2,9902.58,18500.85
2024-05-04,Tablet,Electronics,West,13,22999.86,17.85,12437.77,361422.57
2024-10-16,Headphones,Accessories,South,5,3904.9,3.49,7738.12,19895.29
2025-02-09,Printer,Office,Central,7,15906.52,13.58,3397.98,67694.28
2024-06-19,Monitor,Electronics,East,5,13013.8,15.55,15154.74,62507.97
2024-05-21,Mouse,Accessories,North,12,890.25,8.91,21991.01,15369.03
2025-01-29,Tablet,Electronics,Central,14,25005.94,11.21,16242.98,247151.77
2025-10-18,Monitor,Electronics,South,14,11418.36,7.27,2000.21,132475.66
2025-07-15,Headphones,Accessories,Central,4,3101.28,4.15,24855.44,20608.86
2024-12-11,Monitor,Electronics,North,13,10841.26,2.22,5574.97,170215.71
2025-08-23,Tablet,Electronics,Central,8,23389.37,14.95,9465.87,176249.8
2025-08-26,Laptop,Electronics,South,10,60871.95,13.03,3960.53,614747.57
2025-03-06,Keyboard,Accessories,Central,14,1572.25,19.15,8998.32,22714.38
2024-03-17,Smartphone,Electronics,Central,7,31675.61,2.65,24595.09,168309.32
2024-12-24,Monitor,Electronics,North,5,12442.71,10.02,15101.49,61856.37
2024-09-25,Keyboard,Accessories,Central,5,2065.82,10.6,10907.02,11515.83
2024-03-19,Mouse,Accessories,South,11,920.32,16.77,5473.8,7640.72
2025-02-13,Monitor,Electronics,North,4,13018.45,14.4,9993.28,49893.9
2025-09-25,Printer,Office,South,2,15190.86,7.63,24685.58,25756.15
2025-04-08,Smartphone,Electronics,East,10,28095.98,19.03,20922.47,217313.21
2024-04-24,Smartphone,Electronics,South,5,30304.31,11.59,12471.08,141354.99
2025-08-15,Monitor,Electronics,South,1,12006.26,17.4,8377.76,10499.1
2024-07-24,Smartphone,Electronics,East,10,26870.56,8.35,18243.33,306904.41
2025-01-05,Keyboard,Accessories,South,4,1556.83,18.08,12597.21,6425.39
2024-01-23,Monitor,Electronics,South,7,13497.18,11.22,19738.82,70303.37
2025-03-15,Monitor,Electronics,North,2,11721.39,17.24,10679.01,21463.89
2024-09-03,Headphones,Accessories,West,15,3889.86,8.1,8622.54,51323.69
2025-02-27,Smartphone,Electronics,North,1,33217.39,18.0,13498.03,10400.8
2025-12-24,Tablet,Electronics,East,12,24337.85,0.2,9382.44,239761.66
2025-07-18,Headphones,Accessories,East,9,3643.32,8.36,5166.42,20929.3
2025-02-03,Headphones,Accessories,West,11,3199.04,10.36,9866.43,35364.98
2024-10-03,Mouse,Accessories,South,5,804.15,14.69,21986.36,9623.7
2024-03-24,Mouse,Accessories,West,10,766.07,16.41,13673.89,7671.3
2024-09-22,Smartphone,Electronics,North,13,31893.92,7.91,8708.5,358858.28
2024-10-28,Headphones,Accessories,South,9,3487.15,10.92,17836.06,36166.85
2024-01-19,Laptop,Electronics,East,1,48161.44,9.25,21347.46,32587.29
2025-05-10,Laptop,Electronics,North,8,59613.09,9.79,7765.23,303088.86
2025-04-30,Mouse,Accessories,West,9,783.49,5.45,17986.65,8294.71
2025-12-29,Tablet,Electronics,Central,4,19281.58,18.6,17810.55,61044.48
2025-03-10,Tablet,Electronics,South,10,18726.56,6.95,24148.55,143808.62
2024-05-23,Headphones,Accessories,East,9,3013.11,13.79,8238.07,21451.85
2024-12-01,Laptop,Electronics,Central,9,61433.83,9.79,17481.61,499877.52
2024-01-28,Mouse,Accessories,South,6,954.74,16.26,23168.66,10558.09
2024-06-15,Laptop,Electronics,East,9,52369.09,18.34,19607.22,53739.48
2024-04-12,Tablet,Electronics,North,13,19928.19,19.38,9617.34,199266.77
2025-11-29,Mouse,Accessories,North,1,890.63,2.07,10052.3,2695.43
2024-03-29,Mouse,Accessories,North,9,901.89,9.33,19925.72,8980.86
2025-09-16,Monitor,Electronics,North,9,13600.49,7.78,16593.94,90585.6
2024-02-13,Laptop,Electronics,North,8,49305.81,1.48,16684.99,356018.1
2025-05-14,Tablet,Electronics,Central,11,21734.5,16.53,7446.44,148970.33
2025-12-05,Keyboard,Accessories,Central,2,1704.06,3.54,23075.24,9850.83
2024-06-03,Laptop,Electronics,West,11,60967.0,17.89,10341.17,494255.29
2025-01-09,Printer,Office,West,3,16266.52,16.33,17205.6,29548.29
2025-12-31,Headphones,Accessories,Central,12,3142.93,12.9,10596.69,32914.5
2024-06-05,Monitor,Electronics,West,4,12313.05,19.09,5576.78,30900.58
2025-01-03,Tablet,Electronics,South,9,23458.24,15.07,10201.24,190615.91
2024-11-17,Laptop,Electronics,Central,5,50817.12,8.49,2227.32,212814.32
2024-06-30,Mouse,Accessories,East,13,901.51,16.46,12817.59,9909.51
2024-01-03,Headphones,Accessories,Central,9,3447.01,0.08,22268.82,28936.63
2025-03-31,Printer,Office,East,10,14715.68,7.99,15450.86,128894.4
2025-11-08,Monitor,Electronics,South,1,11456.55,4.42,5487.0,10826.95
2024-04-29,Monitor,Electronics,South,14,11611.6,11.96,24784.45,172667.59
2025-03-23,Monitor,Electronics,West,2,12137.28,14.81,17105.83,25959.45
2025-11-30,Laptop,Electronics,East,5,47409.26,13.65,17180.69,130327.12
2024-05-20,Mouse,Accessories,Central,10,1029.55,5.15,11895.26,10809.78
2024-02-02,Smartphone,Electronics,South,10,26677.47,12.32,8611.51,148865.56
2025-05-04,Monitor,Electronics,South,3,13776.3,8.35,17550.41,36546.1
2024-12-28,Tablet,Electronics,North,10,22799.55,3.97,24642.6,207769.78
2024-03-23,Mouse,Accessories,East,10,851.54,12.8,13445.84,5571.03
2025-05-16,Laptop,Electronics,South,8,54978.83,5.57,9611.89,287286.4
2024-09-04,Mouse,Accessories,Central,3,816.17,5.14,9887.38,4164.76
2024-06-01,Tablet,Electronics,West,1,19885.64,10.12,20049.87,21358.95
2025-05-18,Tablet,Electronics,South,9,22143.96,3.17,8038.13,288853.96
2025-10-28,Keyboard,Accessories,North,10,1545.86,18.75,2721.73,12447.12
2024-05-19,Tablet,Electronics,Central,1,20307.41,3.55,15722.7,17766.96
2025-12-29,Laptop,Electronics,East,15,62853.33,4.66,2455.37,1002201.53
2025-02-03,Keyboard,Accessories,North,4,1725.67,16.31,8535.74,6922.33
2025-12-17,Headphones,Accessories,South,2,3311.46,14.5,9997.9,7886.25
2025-11-22,Mouse,Accessories,North,15,867.67,4.21,13954.91,13021.83
2025-12-06,Tablet,Electronics,North,13,20848.11,9.88,24684.2,222306.97
2024-06-26,Monitor,Electronics,West,11,13045.73,3.87,4379.26,131216.36
2024-08-10,Laptop,Electronics,South,14,46826.26,5.36,14367.85,720039.86
2025-08-05,Laptop,Electronics,West,12,62928.92,18.59,24732.18,493527.14
2024-07-08,Mouse,Accessories,Central,13,943.74,14.94,8981.44,10657.19
2025-12-15,Laptop,Electronics,East,2,57522.15,6.33,6608.44,132924.12
2024-01-24,Mouse,Accessories,North,10,1013.41,11.72,15385.31,11305.3
2025-08-16,Monitor,Electronics,West,6,11862.96,5.76,12854.51,53165.63
2024-05-19,Headphones,Accessories,North,4,3996.94,9.89,10589.78,21025.59
2025-07-07,Keyboard,Accessories,South,15,1879.94,2.36,9378.96,25249.63
2025-04-17,Smartphone,Electronics,Central,12,28360.48,3.78,14577.24,267078.47
2025-02-22,Mouse,Accessories,Central,1,888.29,13.48,15291.05,3802.24
2025-07-05,Tablet,Electronics,West,14,24810.58,12.66,10434.48,122954.41
2025-10-09,Laptop,Electronics,Central,8,47551.92,8.36,4309.88,196136.17
2025-03-08,Laptop,Electronics,South,11,51470.14,15.65,18765.46,251800.36
2024-11-17,Monitor,Electronics,South,1,12495.55,14.66,8475.31,15221.8
2024-01-15,Keyboard,Accessories,West,1,1921.65,13.37,3676.68,2887.27
2025-01-08,Mouse,Accessories,North,1,934.42,11.66,13255.12,3233.6
2025-04-09,Printer,Office,East,1,12910.35,0.29,5227.87,10269.23
2024-02-06,Monitor,Electronics,North,9,11485.18,15.85,5308.38,89808.03
2025-07-26,Mouse,Accessories,East,15,912.37,18.65,3805.92,9818.38
2025-09-05,Mouse,Accessories,East,6,813.52,11.02,7962.25,5432.66
2024-07-30,Laptop,Electronics,North,12,61252.76,9.7,17253.5,528042.42
2024-08-28,Laptop,Electronics,North,1,61669.23,1.94,8862.99,45757.44
2025-11-14,Laptop,Electronics,East,2,56689.57,5.62,17400.74,52264.82
2025-11-20,Headphones,Accessories,North,4,3505.89,4.26,9080.86,18134.94
2025-08-05,Laptop,Electronics,West,9,54663.85,7.89,15006.18,348433.93
2024-09-04,Laptop,Electronics,East,15,49585.42,16.86,13182.76,263826.98
2025-04-10,Printer,Office,South,6,15479.09,17.58,6367.29,87344.19
2025-10-18,Monitor,Electronics,East,14,13699.69,9.92,9826.38,167335.74
2024-06-17,Printer,Office,East,11,16481.64,4.03,3811.5,153621.36
2024-11-25,Headphones,Accessories,North,7,3175.91,5.55,16027.03,24998.46
2024-09-02,Monitor,Electronics,West,1,12682.48,19.24,16459.41,11038.28
2025-04-07,Tablet,Electronics,West,15,21887.08,16.23,5721.31,339885.87
2024-10-27,Smartphone,Electronics,South,3,30852.48,11.59,18846.68,90929.67
2025-08-20,Smartphone,Electronics,South,15,30781.0,0.44,20879.13,476048.34
2025-03-29,Laptop,Electronics,South,3,57061.9,19.78,8793.54,116332.69
2025-10-26,Smartphone,Electronics,East,5,28871.1,12.77,14922.47,113019.03
2025-06-27,Printer,Office,South,5,15435.5,13.63,4637.87,99248.77
2024-10-26,Monitor,Electronics,North,9,11382.04,6.35,10617.21,56438.44
2025-06-15,Headphones,Accessories,Central,13,3191.0,10.46,14551.82,31589.86
2025-12-21,Monitor,Electronics,Central,2,10632.08,9.88,12674.55,20348.75
2024-03-31,Smartphone,Electronics,East,4,31193.79,12.97,13461.47,163922.74
2024-02-08,Monitor,Electronics,West,6,10415.06,19.8,2984.02,52442.35
2025-05-06,Monitor,Electronics,Central,14,13255.39,18.0,22208.51,65535.48
2025-08-16,Monitor,Electronics,Central,1,11250.06,18.95,11887.51,10262.86
2024-09-20,Tablet,Electronics,South,2,24351.32,17.81,19278.61,51458.31
2025-11-22,Mouse,Accessories,East,1,995.88,13.93,11100.44,3274.93
2025-12-30,Tablet,Electronics,West,11,24031.02,14.17,16864.0,225138.14
2024-12-14,Keyboard,Accessories,South,6,2060.42,0.47,2151.63,15896.65
2024-10-13,Tablet,Electronics,North,8,23129.22,3.57,11050.33,177705.19
2025-03-10,Headphones,Accessories,North,6,3182.25,12.3,10986.77,15113.09
2024-03-12,Laptop,Electronics,North,15,61746.43,19.25,23452.84,649636.76
2024-09-26,Tablet,Electronics,East,9,22916.13,19.37,2705.17,164842.39
2024-09-10,Laptop,Electronics,North,7,61830.97,0.64,8631.85,413620.61
2025-03-01,Laptop,Electronics,West,12,56817.53,8.75,2801.92,919935.48
2025-04-15,Printer,Office,South,14,15746.33,0.03,10906.96,123416.23
2024-01-22,Tablet,Electronics,North,12,22709.08,9.44,20576.88,141393.88
2024-10-17,Smartphone,Electronics,West,9,33062.74,11.38,20209.51,368524.22
2024-07-18,Smartphone,Electronics,Central,1,29472.64,10.5,4787.68,25216.99
2025-02-14,Laptop,Electronics,West,3,62611.36,10.52,20883.26,92650.43
2024-04-06,Smartphone,Electronics,South,13,28464.34,17.39,16852.59,296751.56
2024-09-18,Printer,Office,South,10,15663.2,1.4,3695.33,80487.86
2025-01-01,Laptop,Electronics,East,12,54732.57,1.4,15465.39,278539.79
2025-05-11,Monitor,Electronics,West,1,11750.72,12.51,15683.4,15173.54
2025-09-17,Smartphone,Electronics,Central,7,30309.21,3.84,12778.17,197763.62
2024-06-16,Smartphone,Electronics,East,8,32017.43,16.59,5263.36,234057.68
2025-04-22,Headphones,Accessories,Central,13,3022.57,15.13,24621.05,47285.25
2024-03-29,Headphones,Accessories,Central,10,3559.05,8.58,7285.3,26938.54
2025-06-07,Printer,Office,East,14,14815.43,4.13,9804.19,102250.71
2024-10-08,Printer,Office,Central,3,14540.01,12.87,14346.67,54133.37
2024-01-29,Headphones,Accessories,Central,12,3834.98,12.68,19518.55,52673.31
2025-03-04,Mouse,Accessories,South,6,882.8,11.57,9607.0,7123.96
2024-12-05,Mouse,Accessories,Central,7,774.41,14.25,11359.53,6947.36
2025-10-02,Smartphone,Electronics,East,2,30612.29,8.11,8164.76,74103.62
2024-04-21,Monitor,Electronics,East,12,10354.23,17.15,23593.77,91543.39
2025-10-18,Tablet,Electronics,North,6,22828.1,19.89,7893.58,81639.3
2025-09-07,Printer,Office,South,5,16446.53,1.43,19597.33,55868.2
2025-04-20,Smartphone,Electronics,West,15,33513.53,9.36,14164.56,296048.97
2024-01-30,Mouse,Accessories,South,6,873.31,10.53,7578.41,4349.92
2025-05-27,Smartphone,Electronics,South,5,30265.79,9.53,15395.12,221429.72
2024-09-10,Headphones,Accessories,East,3,3966.94,5.12,3098.29,8734.57
2025-02-09,Mouse,Accessories,South,4,815.63,16.83,14123.53,5519.08
2024-09-06,Keyboard,Accessories,South,3,1688.31,9.9,13272.96,7465.0
2025-05-22,Monitor,Electronics,West,13,12854.55,12.06,14487.47,79352.9
2024-05-04,Mouse,Accessories,North,15,964.88,17.7,16496.53,11996.28
2025-11-22,Laptop,Electronics,West,5,48037.47,6.2,8818.27,241078.41
2025-08-21,Smartphone,Electronics,Central,12,25679.93,1.25,13734.42,162941.55
2024-11-11,Monitor,Electronics,East,13,10833.46,15.64,11356.45,128857.16
2024-04-11,Smartphone,Electronics,South,3,33540.21,15.88,6327.95,99507.33
2025-12-24,Monitor,Electronics,Central,5,11380.79,9.31,15925.69,48803.33
2025-03-13,Printer,Office,North,9,13719.82,18.26,11310.21,90131.39
2025-06-23,Keyboard,Accessories,East,12,2008.81,14.3,14216.51,23593.12
2024-08-26,Laptop,Electronics,Central,12,52388.76,19.23,7656.56,532455.63
2025-05-19,Monitor,Electronics,North,14,11459.91,18.84,7457.48,124076.05
2025-06-06,Monitor,Electronics,South,15,13554.92,12.28,15347.41,163424.59
2024-07-07,Monitor,Electronics,West,3,13008.26,16.29,14379.02,40956.98
2025-11-11,Keyboard,Accessories,South,13,1893.49,4.21,2767.76,16859.13
2024-09-27,Laptop,Electronics,Central,10,47669.47,15.35,24904.87,136727.66
2025-07-03,Headphones,Accessories,West,15,3836.38,9.05,2716.73,68484.46
2025-04-27,Smartphone,Electronics,South,5,27004.23,6.22,22248.71,119556.13
2025-12-19,Headphones,Accessories,North,4,3251.61,18.76,14576.54,19038.99
2025-06-30,Mouse,Accessories,East,10,838.54,18.03,4406.26,8632.86
2025-05-18,Keyboard,Accessories,South,6,1687.94,5.46,5426.6,14115.84
2024-10-18,Mouse,Accessories,West,12,1013.89,3.77,22719.66,14177.62
2024-04-06,Keyboard,Accessories,East,15,1593.51,8.01,6897.61,17689.8
2025-11-28,Printer,Office,North,13,13044.17,7.9,7900.94,89325.57
2025-07-01,Monitor,Electronics,North,5,11085.8,2.21,22456.34,52720.53
2025-10-06,Keyboard,Accessories,West,9,1645.56,17.71,15108.73,13976.84
2025-11-23,Keyboard,Accessories,East,3,1688.0,4.87,4636.68,8306.33
2024-04-13,Printer,Office,East,8,14529.92,19.27,8714.39,100591.29
2024-07-06,Laptop,Electronics,West,14,59799.13,19.17,17465.24,654077.49
2025-01-25,Monitor,Electronics,West,15,12929.46,9.48,15036.73,127085.19
2025-08-11,Smartphone,Electronics,North,7,25955.4,5.55,17644.08,94496.65
2024-07-09,Printer,Office,South,11,12932.73,10.64,15555.02,66375.15
2024-11-22,Tablet,Electronics,Central,2,22636.07,19.26,15591.97,46998.83
2025-04-27,Laptop,Electronics,West,12,48709.66,10.24,13942.73,555325.09
2024-10-24,Keyboard,Accessories,West,15,1972.72,0.62,8703.49,19293.25
2024-08-11,Headphones,Accessories,East,10,3444.42,3.31,8231.79,12074.56
2024-08-30,Tablet,Electronics,East,7,20915.52,8.23,23538.5,171262.23
2025-12-22,Keyboard,Accessories,South,3,1555.91,7.4,14017.86,5974.32
2025-12-25,Laptop,Electronics,North,5,49322.19,6.4,21224.17,218720.55
2025-06-13,Mouse,Accessories,West,11,887.17,17.09,8302.48,10605.81
2025-01-28,Headphones,Accessories,Central,4,3514.01,11.99,9850.7,11816.45
2025-03-22,Printer,Office,South,4,12974.83,11.43,7016.12,42792.15
2024-08-21,Monitor,Electronics,South,14,10830.11,13.43,17889.58,159346.92
2025-02-02,Laptop,Electronics,North,5,59581.36,9.01,17829.24,135171.34
2025-01-18,Keyboard,Accessories,South,2,1987.51,11.73,20140.32,10086.27
2025-04-06,Mouse,Accessories,South,10,838.79,19.1,12603.47,10468.71
2025-04-28,Tablet,Electronics,Central,12,19560.3,7.48,22752.48,279786.11
2024-09-08,Mouse,Accessories,South,13,1023.58,12.86,16240.68,18212.49
2024-06-03,Headphones,Accessories,East,8,3242.21,4.71,17426.89,23973.67
2025-11-07,Headphones,Accessories,East,13,3585.49,11.19,18641.01,60715.52
2025-04-18,Printer,Office,North,8,14674.76,6.08,24016.42,45255.49
2024-09-02,Keyboard,Accessories,East,11,2023.22,14.79,9465.8,18674.68
2024-09-13,Laptop,Electronics,North,1,57636.87,0.65,6693.58,31983.2
2025-09-04,Laptop,Electronics,South,5,58506.39,14.02,8342.77,178913.7
2024-03-23,Mouse,Accessories,Central,9,880.06,18.79,8322.04,11214.85
2025-02-11,Keyboard,Accessories,West,3,1795.75,14.48,5989.63,3635.23
2024-05-06,Smartphone,Electronics,South,6,27254.35,10.74,2295.72,144309.8
2024-08-04,Mouse,Accessories,South,14,919.7,0.3,6628.82,14525.52
2024-01-31,Printer,Office,West,2,13842.73,0.22,15650.89,39512.21
2025-10-17,Smartphone,Electronics,West,9,32348.33,5.7,19645.68,326388.43
2024-05-07,Monitor,Electronics,East,2,12767.58,17.55,18004.86,16428.28
2025-10-18,Printer,Office,South,10,16052.14,17.26,23211.74,114739.48
2024-03-14,Monitor,Electronics,South,4,11158.13,8.02,23202.63,35465.32
2024-05-30,Monitor,Electronics,West,10,11637.17,12.62,24304.48,86990.41
2025-07-14,Printer,Office,Central,6,14411.65,7.31,21773.72,78091.93
2025-01-27,Headphones,Accessories,Central,4,3978.43,19.18,17050.03,12051.15
2024-08-17,Smartphone,Electronics,East,6,32932.43,2.35,17108.79,151860.26
2025-02-08,Headphones,Accessories,North,9,3016.56,4.92,24319.6,36680.21
2025-02-02,Smartphone,Electronics,Central,3,27115.63,17.13,7426.89,32260.03
2024-04-27,Keyboard,Accessories,South,11,1932.25,14.85,21837.96,15772.28
2025-06-16,Headphones,Accessories,East,11,3224.68,17.84,15178.85,30059.36
2024-12-24,Laptop,Electronics,East,6,54605.51,7.63,23643.62,382252.13
2025-11-02,Smartphone,Electronics,South,11,29903.98,12.27,12814.88,308593.32
2025-03-29,Keyboard,Accessories,Central,15,1721.17,6.23,12975.09,16926.91
2025-12-12,Keyboard,Accessories,West,7,1745.97,17.29,17699.15,16283.88
2024-01-30,Mouse,Accessories,North,10,788.43,10.79,15929.37,11079.6
2025-03-28,Mouse,Accessories,North,3,852.83,14.04,8095.27,4096.23
2024-11-28,Monitor,Electronics,West,12,11523.09,4.46,2376.67,138406.08
2025-06-04,Printer,Office,West,13,17033.27,13.35,16420.35,166246.81
2025-10-15,Mouse,Accessories,South,14,837.52,19.96,22452.19,16489.65
2025-10-21,Mouse,Accessories,North,8,931.66,0.02,4105.78,9613.02
2024-02-27,Tablet,Electronics,South,8,20805.86,9.1,21764.14,145937.99
2024-08-06,Monitor,Electronics,West,14,12858.18,2.57,8192.36,228369.26
2025-01-28,Keyboard,Accessories,North,4,1808.63,8.88,21585.21,8290.7
2024-10-23,Printer,Office,West,13,12878.12,13.93,11950.9,129625.66
2025-01-10,Headphones,Accessories,Central,13,3504.26,8.95,19350.26,25441.6
2024-01-10,Mouse,Accessories,North,9,914.47,15.45,4559.01,6204.49
2025-07-21,Keyboard,Accessories,West,6,1694.5,3.83,8503.98,10647.77
2024-10-28,Mouse,Accessories,Central,8,978.67,8.0,19223.21,13364.9
2024-03-12,Laptop,Electronics,East,7,57116.77,0.2,20097.35,457997.8
2024-02-25,Laptop,Electronics,East,1,51245.1,14.26,5297.05,47128.53
2025-12-10,Keyboard,Accessories,Central,13,1689.45,11.24,15040.72,24635.49
2025-08-06,Monitor,Electronics,North,4,17146.199999999997,8.62,4931.19,42753.8
2025-12-14,Mouse,Accessories,North,11,924.55,14.59,11080.0,12733.15
2024-06-06,Keyboard,Accessories,Central,15,1619.92,14.38,23083.67,16825.5
2024-05-08,Monitor,Electronics,East,6,12692.43,2.58,7169.45,68998.07
2024-02-19,Tablet,Electronics,Central,8,22956.0,4.51,19778.0,112400.16
2024-05-28,Smartphone,Electronics,South,12,29340.62,17.94,22201.82,415623.23
2024-07-05,Printer,Office,East,3,16927.28,16.81,3752.91,32282.51
2025-07-08,Monitor,Electronics,West,15,11197.42,18.7,18021.95,181264.69
2025-10-26,Tablet,Electronics,Central,2,22203.67,17.21,17679.07,40001.55
2025-05-03,Printer,Office,West,7,14658.14,0.99,8792.04,101669.24
2025-12-18,Monitor,Electronics,East,10,10798.05,12.83,7317.02,133454.28
2024-05-25,Monitor,Electronics,East,5,10293.24,10.4,14890.47,49092.85
2024-10-16,Headphones,Accessories,North,3,3505.57,5.47,24697.82,14503.67
2025-09-19,Keyboard,Accessories,South,13,1558.02,17.43,6676.04,5796.88
2024-01-24,Laptop,Electronics,West,10,61782.33,3.59,12205.35,443857.43
2025-12-01,Headphones,Accessories,South,12,3091.32,7.09,17965.57,33926.93
2024-08-07,Tablet,Electronics,West,9,22437.07,0.65,4802.3,164626.12
2025-07-15,Smartphone,Electronics,East,2,32228.44,10.94,6643.82,31640.1
2025-01-16,Headphones,Accessories,North,1,3342.91,19.34,23735.5,5986.17
2025-05-20,Monitor,Electronics,North,3,11519.44,10.11,11212.76,30680.65
2024-05-29,Laptop,Electronics,East,7,56363.18,3.33,6426.93,334459.05
2025-03-24,Mouse,Accessories,East,15,853.48,11.4,6519.74,9490.01
2025-07-29,Keyboard,Accessories,Central,8,1640.87,9.23,4184.48,3050.08
2024-08-19,Smartphone,Electronics,Central,5,29155.53,9.64,16439.01,166552.81
2024-10-12,Laptop,Electronics,West,13,47471.05,14.79,6285.12,604064.87
2025-04-05,Printer,Office,South,1,13463.46,1.04,13345.72,14136.63
2024-01-05,Keyboard,Accessories,East,4,1915.46,1.97,15240.21,9622.29
2025-08-09,Monitor,Electronics,Central,15,12826.25,4.33,13947.3,189448.04
2024-04-23,Monitor,Electronics,North,10,13288.67,16.63,19379.06,93436.0
2025-01-08,Printer,Office,East,14,14329.84,15.09,19133.3,132115.39
2024-08-03,Keyboard,Accessories,East,9,1851.95,14.97,10612.35,17148.79
2024-07-18,Keyboard,Accessories,East,14,1915.91,6.69,6665.34,28143.78
2025-01-16,Smartphone,Electronics,North,6,32821.16,14.05,14691.63,141186.35
2025-02-16,Smartphone,Electronics,North,3,28060.15,14.11,17111.02,74169.31
2024-10-25,Mouse,Accessories,North,6,830.41,10.88,16695.98,7295.26
2024-02-05,Mouse,Accessories,South,12,811.07,3.29,10194.82,8146.15
2024-10-27,Keyboard,Accessories,South,2,1935.81,16.58,9338.01,3745.12
2024-12-11,Headphones,Accessories,West,7,3206.1,6.71,6443.7,22090.85
2024-03-28,Monitor,Electronics,North,5,11261.75,18.68,24408.61,42590.43
2024-12-21,Headphones,Accessories,East,7,3420.95,1.55,10309.02,29581.84
2025-02-25,Monitor,Electronics,East,8,10782.79,16.15,17561.42,49081.43
2024-04-04,Monitor,Electronics,Central,15,13027.68,16.47,7666.54,110913.27
2025-07-22,Printer,Office,Central,15,15663.92,1.98,10029.74,255399.44
2025-06-03,Monitor,Electronics,North,4,13443.22,16.04,9001.07,60555.45
2025-04-12,Printer,Office,Central,14,13409.37,5.21,7058.88,224907.69
2024-08-11,Keyboard,Accessories,East,5,1856.34,17.03,21712.94,9242.24
2024-07-04,Headphones,Accessories,West,4,3923.63,10.4,20156.38,19146.9
2024-10-04,Smartphone,Electronics,South,6,32300.95,19.16,12098.22,156721.87
2025-11-11,Mouse,Accessories,West,1,906.1,3.21,20256.43,5360.87
2025-03-14,Monitor,Electronics,South,9,10273.56,3.51,5746.06,97573.35
2025-02-03,Printer,Office,East,8,13510.74,14.87,5781.18,84866.22
2024-01-28,Keyboard,Accessories,West,8,2043.05,17.58,23272.06,16020.51
2024-09-20,Headphones,Accessories,West,7,3197.34,10.12,18683.07,18441.7
2024-05-22,Smartphone,Electronics,East,9,29367.67,4.55,13096.86,109208.89
2025-02-05,Laptop,Electronics,East,14,57856.45,15.03,5097.16,582538.37
2024-10-25,Tablet,Electronics,West,5,24405.75,13.37,20048.85,40285.37
2025-01-08,Printer,Office,Central,9,13560.1,18.72,5538.01,101346.02
2024-06-07,Monitor,Electronics,East,6,12385.2,16.01,6081.88,68989.87
2024-03-10,Tablet,Electronics,East,10,20072.49,10.3,22140.24,178371.73
2025-02-28,Printer,Office,East,13,15264.58,2.37,2889.26,212286.39
2025-12-08,Keyboard,Accessories,Central,11,1642.03,8.98,23810.18,26966.59
2025-08-24,Mouse,Accessories,South,2,964.49,4.55,11590.74,4495.24
2025-05-09,Keyboard,Accessories,West,5,1940.51,7.63,21393.75,12851.85
2025-10-27,Printer,Office,East,2,14210.52,13.53,23902.3,29197.15
2024-06-21,Printer,Office,West,5,17015.86,17.1,18267.77,26795.02
2024-12-21,Mouse,Accessories,North,2,983.78,11.68,12354.75,4348.91
2024-12-15,Keyboard,Accessories,North,1,1957.49,17.26,21608.03,8456.7
2024-04-22,Laptop,Electronics,Central,10,55861.23,14.75,13549.41,351759.94
2024-09-03,Laptop,Electronics,Central,8,53847.49,11.12,10777.05,362276.85
2024-01-19,Headphones,Accessories,East,13,3884.4,16.87,21453.13,24117.24
2025-03-02,Keyboard,Accessories,North,11,2023.96,6.91,7772.37,20167.63
2025-04-08,Mouse,Accessories,West,12,895.69,8.41,2693.31,9312.11
2025-05-17,Keyboard,Accessories,South,12,1903.97,19.54,15228.57,10723.36
2025-10-08,Mouse,Accessories,South,4,1017.29,11.77,13141.13,4106.81
2024-03-09,Printer,Office,West,13,16256.31,7.18,8255.71,88242.6
2025-03-27,Mouse,Accessories,Central,7,999.29,7.59,24701.53,12092.39
2025-07-04,Printer,Office,East,1,13775.7,17.67,4546.94,10350.45
2024-05-05,Headphones,Accessories,Central,9,3926.03,3.75,12376.86,39663.53
